Actual,Predicted
0.73842347,0.6110556
0.76022756,0.6743463
0.8552542,0.81951857
1.0934627,1.017324
1.1858948,1.2375197
1.4373482,1.4852042
1.8021337,1.6631494
2.015834,1.7396367
2.0541599,1.7281972
1.9419491,1.6405919
1.7222193,1.4903927
1.4537168,1.2812631
1.2916778,1.0119104
0.9403473,0.6913745
0.50827795,0.3418952
0.10522414,0.025308274
-0.17452145,-0.16938224
-0.42780545,-0.2667518
-0.60545284,-0.32173365
-0.5748395,-0.35458818
-0.78736556,-0.37381425
-0.62366676,-0.38272208
-0.67610025,-0.3828779
-0.602143,-0.3765242
-0.6357203,-0.36745393
-0.5042067,-0.36075243
-0.4835487,-0.36149243
-0.640649,-0.37173206
-0.6274737,-0.38591653
-0.600017,-0.38143006
-0.45281392,-0.30501124
-0.5562598,-0.08989266
-0.025126044,0.28788975
1.2033162,0.7377355
1.4363939,1.0633843
1.4174616,1.1906319
1.2727641,1.1753061
0.6255805,1.0707489
-0.105634555,0.8931072
-0.87412864,0.6421529
-0.15112546,0.33216482
-0.24405226,0.009336971
0.30861625,0.6418931
0.3120597,0.7101642
0.35140505,0.8380976
0.4298882,1.0109538
0.40289053,1.2070479
0.52157056,1.4366632
0.69957894,1.6188109
1.0814164,1.7074459
1.1794605,1.716048
1.2757245,1.6558826
1.2200801,1.5433555
0.99336,1.3885589
0.6840071,1.1875795
0.51875037,0.93259037
0.69446796,0.62833285
0.46786955,0.31073827
0.2416955,0.061365254
-0.008611101,-0.07440937
-0.14056867,-0.1430963
-0.13500729,-0.1782853
-0.110584654,-0.1946494
-0.11622243,-0.20070189
-0.1365922,-0.20131737
-0.16734733,-0.19959739
-0.17529905,-0.1979504
-0.13479255,-0.19869018
-0.18155791,-0.2038154
-0.21057926,-0.21285218
-0.23923165,-0.21823457
-0.18994246,-0.19605428
-0.04056343,-0.09239028
0.24571183,0.16780633
1.0655031,0.6114608
1.6572561,1.0861092
1.8603852,1.3578329
2.4313335,1.3928617
2.5977309,1.2509747
1.7387471,0.9782225
0.5909643,0.60469407
0.065113164,0.17494228
-0.014773013,-0.23649171
-1.6386433,-0.54773027
1.1427187,1.1507049
1.2908463,1.4123819
1.4154171,1.6414708
1.5408906,1.7907608
1.635606,1.9167478
1.671372,1.9524336
1.627267,1.9198506
1.5856144,1.8301698
1.3133066,1.6890604
1.3033845,1.5163243
1.119839,1.3303337
0.94957995,1.135608
0.61183727,0.9261918
0.49591202,0.69653213
0.39970985,0.46081161
0.2297915,0.26514924
0.17574027,0.14680299
0.07509751,0.08702823
0.17248353,0.062178425
0.22650099,0.05941423
0.2628139,0.06947135
0.15025204,0.08536997
0.27697176,0.102237456
0.27483085,0.117329516
0.24206743,0.12993267
0.25293985,0.14124909
0.3174087,0.15521458
0.3562717,0.18115214
0.31203893,0.2383306
0.43951088,0.35751128
0.75279576,0.5668454
1.0223954,0.8622028
1.2735777,1.1736002
1.3647972,1.4085343
1.5840696,1.5465634
1.6336932,1.6097302
1.7618752,1.6256521
1.6850326,1.6144418
1.5291103,1.5820227
1.4258366,1.5211842
1.5847836,1.4162811
0.5954189,1.2505285
1.4734837,1.337873
1.6571457,1.6119102
1.9053648,1.8244462
2.0536659,1.9839206
2.092418,2.0376396
1.9839075,1.9897556
1.8229414,1.854877
1.603949,1.6424904
1.3451971,1.396705
1.1701686,1.1385679
0.86952704,0.85840565
0.64137805,0.5482638
0.28223002,0.22902957
-0.08572002,-0.02655264
-0.06492545,-0.17243981
-0.2040612,-0.25178304
-0.21219088,-0.29720148
-0.22104198,-0.3227923
-0.20287707,-0.33517894
-0.20782414,-0.3373783
-0.17949128,-0.33182713
-0.213305,-0.32172403
-0.2559277,-0.31086922
-0.20644449,-0.30315736
-0.18563075,-0.30175763
-0.1283438,-0.3069247
-0.20326322,-0.31138444
-0.17300946,-0.28952467
-0.21748222,-0.18425757
-0.08942671,0.075749554
0.38798913,0.51310956
1.1333346,0.9772481
1.3826808,1.2285781
1.0562489,1.2181253
0.6873755,0.9961066
-0.04514776,0.6163731
-0.70166403,0.13899747
-1.0466601,-0.3440249
-1.0945265,-0.73280317
-0.7991209,-0.9752252
-0.48469475,-1.1310658
-1.717648,-1.2482163
0.41326165,0.47568327
0.41174296,0.5125671
0.6353995,0.63911045
0.853225,0.8264364
1.1236181,1.0385048
1.4244655,1.270961
1.3997433,1.5121486
1.7324136,1.6776974
2.0947475,1.7674117
2.359097,1.7935292
2.2121594,1.7628721
2.3520586,1.6791565
2.0073137,1.5415694
1.8613089,1.3453655
1.5714273,1.0872455
1.3051875,0.77226067
0.8106824,0.43043172
0.14814551,0.1393975
-0.027712062,-0.027045704
-0.23697364,-0.10259003
-0.15944679,-0.13645431
-0.20136489,-0.14702678
-0.20402156,-0.14519027
-0.2386666,-0.13784236
-0.17836119,-0.12916183
-0.15426219,-0.12213991
-0.21244259,-0.11944861
-0.20323883,-0.122399725
-0.21423355,-0.12787724
-0.24425028,-0.12481559
-0.22712366,-0.08860544
-0.18247242,0.028058134
0.016854897,0.28264138
0.52301615,0.67588437
1.4575099,1.093318
1.453033,1.378277
1.3844565,1.5031962
1.4974316,1.5277059
0.84605896,1.4977942
-0.039781537,1.4279573
-0.7497315,1.3128347
-0.1324888,1.1383895
0.7289844,0.73337305
0.9032422,0.8469994
1.0239711,1.0148349
1.1234119,1.2053463
1.3375596,1.3999429
1.5835313,1.6096728
1.9376771,1.7430992
1.9171306,1.7937388
1.8533677,1.7790022
1.8131149,1.7091111
1.493446,1.5980303
1.468638,1.4562901
1.1736343,1.2841558
0.7404716,1.0739304
0.53672874,0.819804
0.046555273,0.5367205
-0.14041154,0.27837807
-0.19870664,0.11128091
-0.23736618,0.028029226
-0.20142196,-0.01157444
-0.18666607,-0.026260518
-0.14212167,-0.027453728
-0.29987597,-0.023021348
-0.24630584,-0.017610855
-0.20316769,-0.013585992
-0.15138581,-0.012282379
-0.09601486,-0.014293529
-0.18281536,-0.017360948
-0.11397997,-0.01134298
-0.10828779,0.029473715
-0.058992304,0.15425262
0.0895132,0.4228474
0.3969558,0.8399966
0.9453193,1.2743638
1.0959425,1.5474343
1.1826137,1.6482522
1.5874603,1.6389604
1.7306784,1.5565405
1.6291443,1.4111922
1.34652,1.2008448
1.7323256,0.92097163
2.0537288,0.5782127
1.2487237,1.2488189
1.5930674,1.517864
1.8470374,1.7325487
1.8381617,1.9094086
1.6999458,1.9855745
1.5883923,1.9419153
1.4337487,1.7925252
1.1488054,1.5589755
1.0677476,1.2931395
0.7850395,1.0026007
0.49683467,0.6728225
0.16469638,0.31028196
-0.25416687,-0.03195647
-0.33906293,-0.25897676
-0.39840952,-0.38319367
-0.4789779,-0.4658699
-0.4450643,-0.5280849
-0.5357158,-0.57670075
-0.502883,-0.6148073
-0.4601211,-0.64426386
-0.5007167,-0.6662081
-0.47825184,-0.6817753
-0.5469879,-0.6930357
-0.6338354,-0.7031734
-0.61367065,-0.71512294
-0.55574095,-0.72819453
-0.50842994,-0.731997
-0.5660424,-0.69761676
-0.5227391,-0.5803136
-0.32835835,-0.33735836
-0.06320134,0.050774552
0.51244223,0.4939022
0.69834423,0.7434796
0.40958,0.67288864
-0.15896209,0.31389913
-0.8683025,-0.2306095
-1.2721509,-0.7824745
-1.4427971,-1.1810349
-1.3344971,-1.4034868
-1.1162022,-1.5220225
-1.2714759,-1.5850934
-2.5807467,-1.6172628
1.0350463,1.1067771
1.1471632,1.3393297
1.3467418,1.5710335
1.5839963,1.7368126
1.7430717,1.8861492
1.6532688,1.9434633
1.6750901,1.9252977
1.5773708,1.8450277
1.4769909,1.7092383
1.2996287,1.5387201
1.1574843,1.3528346
0.95751435,1.1563644
0.64213073,0.94286704
0.31796998,0.70539826
0.15263917,0.4566555
0.15492126,0.24492538
0.1301087,0.115148894
0.15057778,0.04947003
0.24389982,0.02116058
0.17279644,0.016081654
0.20773904,0.024251245
0.25427637,0.038344435
0.33152854,0.053405993
0.40030622,0.066500835
0.3148203,0.07626843
0.07315813,0.08290418
0.039385818,0.08961653
0.25067604,0.10625296
0.4503281,0.15497449
0.33288282,0.2744885
0.49617872,0.5053334
0.99700326,0.84648174
1.2431206,1.2134128
1.2477174,1.47865
1.6025027,1.6138575
1.6370972,1.658781
1.6381267,1.6499829
1.5955205,1.6041112
1.3725204,1.5204991
1.4493309,1.3879263
1.5295154,1.191871
0.45401406,0.9242182
0.86528695,0.7948955
0.8552549,1.0142587
1.1545762,1.2166388
1.3937522,1.4641076
1.374012,1.7024636
1.383185,1.7862251
1.1897466,1.7194566
0.8707349,1.5472515
0.80024725,1.3153746
0.46486875,1.0216302
0.1787975,0.64001155
-0.10233928,0.18698385
-0.5924034,-0.2475211
-0.91168845,-0.5315178
-1.17026,-0.6907252
-1.3467469,-0.8151528
-1.2262805,-0.93098867
-1.2589113,-1.0516213
-1.2595152,-1.1792991
-1.1781663,-1.3034142
-1.2430995,-1.4083967
-1.3219346,-1.484788
-1.2814995,-1.5325232
-1.4009598,-1.5558059
-1.3257563,-1.5575908
-1.3842803,-1.5374758
-1.4008046,-1.4925375
-1.5075785,-1.419584
-1.3159856,-1.3145771
-0.99408674,-1.1725755
-0.4123859,-0.9880105
-0.07797048,-0.75598735
-0.2361555,-0.48449174
-0.13419753,-0.21694496
0.025048966,-0.055948578
0.045866456,-0.07894154
-0.14369938,-0.2491627
-0.5488301,-0.4946799
-0.27790314,-0.7570219
-0.35397825,-1.003034
-1.1231673,-1.2121902
-3.977934,-1.3664984
1.0743996,1.116725
1.3404709,1.3677857
1.6029919,1.6028712
1.7931948,1.7867972
1.8265529,1.9343133
1.8698559,1.9702458
1.7502041,1.9179585
1.5618153,1.7848666
1.4506085,1.5926313
1.1277536,1.374572
0.91133344,1.1409457
0.6569034,0.88261306
0.23050362,0.59229046
-0.034059975,0.29149312
-0.16183881,0.049295746
-0.34759694,-0.08857236
-0.3063481,-0.15960407
-0.21416338,-0.19478548
-0.35096735,-0.20870036
-0.29554397,-0.20979923
-0.3749521,-0.20297572
-0.2804929,-0.1917989
-0.32718852,-0.1796509
-0.32228488,-0.16971523
-0.24535991,-0.1644952
-0.29704717,-0.16457623
-0.113065146,-0.16615584
-0.15937248,-0.15685433
-0.23805445,-0.10703609
0.049191784,0.04005172
0.7019263,0.3474858
1.2301338,0.8030885
1.0900968,1.2280103
1.1587563,1.4524229
1.3524296,1.4905388
1.3452697,1.4043441
1.0215586,1.2251638
0.70362854,0.9614239
1.1399826,0.61978686
1.3463778,0.2317802
0.46482024,-0.1329507
-1.728841,-0.38567954
1.0525354,1.0929737
1.2476537,1.3372854
1.3858244,1.5664556
1.6638478,1.7411048
1.9501276,1.8961456
1.8221049,1.9481981
1.7226721,1.913862
1.6643436,1.8018137
1.5665609,1.627626
1.355417,1.4251252
1.1111364,1.2118169
0.9179928,0.9818356
0.65150136,0.72201633
0.2505173,0.437966
0.01611353,0.17988294
0.03434369,0.013120316
-0.027190039,-0.07385326
-0.12208199,-0.11709925
-0.1281718,-0.13432294
-0.1169144,-0.13635612
-0.023482276,-0.13021308
-0.08605351,-0.120456524
-0.054351095,-0.11026315
-0.058021307,-0.10194833
-0.082798585,-0.09716082
-0.091366366,-0.09632895
-0.02330428,-0.09637884
0.03671519,-0.08595041
-0.057045422,-0.036899976
0.045070395,0.105373986
0.17219609,0.4066261
0.5807854,0.86527634
0.97038925,1.304957
1.1178728,1.5402629
1.2744939,1.5822458
1.3454797,1.4941337
1.2723382,1.3091922
1.0093383,1.0399666
0.65101224,0.6955577
0.8861787,0.3028278
0.9345391,-0.07778148
-1.3599695,-0.3642388
0.8395523,0.78190756
0.95380706,0.924664
1.0318266,1.1311424
1.020859,1.3503745
1.1876172,1.5741872
1.4165415,1.7739795
1.4271806,1.8667709
1.3442036,1.8722398
1.1708753,1.8042325
0.88796,1.678663
0.787868,1.513446
0.73374015,1.3153081
0.7245935,1.0796518
0.46303803,0.80095685
0.21800272,0.4896884
-0.04773267,0.19605732
-0.06259076,0.00010406226
-0.069767915,-0.09706614
-0.0807327,-0.14365184
-0.0011182497,-0.16203713
-0.053801805,-0.16424981
-0.05940266,-0.15788916
-0.07433793,-0.14772192
-5.7355344e-05,-0.13711008
-0.018254882,-0.12886807
0.011935925,-0.12530157
0.017015629,-0.12686813
-0.036577653,-0.1293559
0.050045438,-0.11997891
0.14213414,-0.07005335
0.33276463,0.07380798
0.92382616,0.36879283
1.6013567,0.7999481
1.708988,1.2151636
2.0315096,1.4599484
2.3522346,1.5412877
2.0339034,1.5227294
1.3484232,1.4389565
0.7158486,1.2961059
0.7772592,1.0871449
0.68439704,0.80524486
-1.075227,0.4636802
0.9007992,0.8045229
1.0974605,0.94918036
1.2721838,1.149481
1.4090277,1.3588254
1.6229383,1.5759017
1.8307992,1.766663
1.9565651,1.8513947
1.86345,1.8491982
1.7160792,1.7726141
1.5845641,1.638938
1.3512896,1.4682403
1.1135749,1.2670395
0.8295133,1.0288728
0.6329191,0.7477491
0.22670294,0.43821853
-0.20219736,0.15809071
-0.2248913,-0.018335871
-0.32338586,-0.1058742
-0.22157681,-0.14846772
-0.3354659,-0.16548723
-0.23652677,-0.16797906
-0.23057136,-0.16275927
-0.2805935,-0.15410104
-0.3174865,-0.14511502
-0.29091507,-0.1384551
-0.2339781,-0.13629985
-0.33029315,-0.1390152
-0.22328942,-0.14221722
-0.18349604,-0.13222623
-0.17865881,-0.07744781
-0.06362,0.08023643
0.29077378,0.39940798
0.87865895,0.85413307
0.8991406,1.2641544
0.99176556,1.4809787
1.2379149,1.52925
1.2098517,1.471499
1.048336,1.3371611
1.0873457,1.1308867
1.3933777,0.8498697
1.6549562,0.5033659
-0.77963805,0.13626313
0.6687495,0.75061333
0.8292594,0.8671731
1.0691589,1.0447607
1.225612,1.2503778
1.4138592,1.4747097
1.9054513,1.6903437
2.1479867,1.7998755
2.3994455,1.8130705
2.3039649,1.7432399
1.9061689,1.6094766
1.7460935,1.4322181
1.5939459,1.215464
1.1827327,0.9518584
0.78241575,0.6411587
0.18880823,0.30897725
-0.08472004,0.030391835
-0.24485914,-0.1280415
-0.3274047,-0.20703492
-0.44225258,-0.24832529
-0.36526033,-0.26837727
-0.37977287,-0.2755796
-0.42944083,-0.27417177
-0.5093231,-0.26705432
-0.47468984,-0.25734842
-0.36601192,-0.24860403
-0.496519,-0.24439749
-0.37094384,-0.24690664
-0.33737415,-0.25399822
-0.3672892,-0.2545495
-0.33649,-0.21789041
-0.2326542,-0.08276611
0.021466149,0.21729627
0.82122225,0.6740007
1.2302213,1.107945
0.7829002,1.3363495
0.48518768,1.3645115
0.25114968,1.255111
-0.03276116,1.0435966
-0.17576572,0.7434737
-0.09907932,0.37570018
0.5893096,-0.0067066103
0.25404042,-0.3234642
1.0457684,1.111567
1.3269113,1.3816112
1.5405939,1.6135004
1.860251,1.800647
1.8632665,1.9429941
1.8032374,1.9684107
1.7812731,1.8977215
1.6028509,1.7389538
1.2930723,1.5261612
1.046284,1.2946429
0.89933604,1.0451465
0.46641606,0.76126003
0.21297489,0.44122618
-0.2888501,0.13146782
-0.29068068,-0.081435956
-0.36965078,-0.19218147
-0.3748664,-0.25172678
-0.26219317,-0.28382316
-0.35497734,-0.29943624
-0.38511574,-0.30388477
-0.4664651,-0.30004615
-0.34864417,-0.29071805
-0.35699874,-0.2792051
-0.30248702,-0.2688857
-0.31586283,-0.26278663
-0.3275872,-0.26264215
-0.33520025,-0.26628652
-0.3181593,-0.26170745
-0.24493904,-0.21417785
-0.049812138,-0.057643153
0.052070443,0.27556148
0.61609286,0.764694
0.9367755,1.1830318
1.1651043,1.3394485
1.3510615,1.2420052
1.2120968,0.94996643
0.973973,0.51920295
0.56143314,0.016030498
0.4510458,-0.4634217
0.468944,-0.8260653
-0.37379596,-1.0464152
-2.904792,-1.1935575
0.6756844,0.8059991
0.9622543,0.91957784
1.1981201,1.0843037
1.2992688,1.2601563
1.4548423,1.4481316
1.7298182,1.6412375
1.9126476,1.7450749
1.9604738,1.7642262
1.9336872,1.7081062
1.7218027,1.5904132
1.6244383,1.4344646
1.4006085,1.2501764
1.1884878,1.0309029
0.8041264,0.7691195
0.31326318,0.4764111
-0.085555784,0.20458803
-0.17743587,0.025039889
-0.22202542,-0.06891475
-0.25775582,-0.117667146
-0.22452554,-0.14077857
-0.2737001,-0.14955461
-0.33382377,-0.15093932
-0.31373188,-0.14909512
-0.310349,-0.14676517
-0.30244276,-0.14612707
-0.24390739,-0.14908063
-0.29652983,-0.15615937
-0.31883687,-0.16337639
-0.18432356,-0.15649512
-0.22785814,-0.10038418
-0.09410129,0.06943459
0.13090174,0.41514075
0.843304,0.89511216
1.3261056,1.2888032
1.225672,1.4562724
1.1205933,1.4351797
0.6669073,1.283781
0.24171112,1.0302942
0.2531158,0.68924236
0.57212096,0.28992426
1.0093043,-0.10419342
-1.3578854,-0.409698
0.43350208,0.62481725
0.4103585,0.68574655
0.40638587,0.81350654
0.43362895,0.9885299
0.47748217,1.1869547
0.58695155,1.4194582
0.71234494,1.6147901
1.1081598,1.7196354
1.3458388,1.7480366
1.2607033,1.7107956
1.0678024,1.6208355
0.7665861,1.487751
0.6565335,1.31047
0.69813097,1.0810726
0.59311193,0.79687285
0.48474795,0.477952
0.2823816,0.1883626
0.009054301,0.0066009536
-0.104437724,-0.0823695
-0.089185044,-0.12648991
-0.032676756,-0.1459809
-0.018890208,-0.15219694
-0.17893523,-0.15207869
-0.09129977,-0.14959812
-0.0027258052,-0.14719963
-0.0457234,-0.14689228
-0.05047434,-0.15044633
-0.08877709,-0.15755263
-0.082122475,-0.16151255
-0.02409287,-0.14174715
0.16692494,-0.05198308
0.42794758,0.17931297
1.0870868,0.5930639
1.6017106,1.0787946
1.7441934,1.4033843
2.3147273,1.5062621
2.6460257,1.4485576
2.1852515,1.2793424
1.3648018,1.0195106
0.70804554,0.681724
0.53155965,0.2954362
-0.9409134,-0.079026885
0.8771358,0.7193224
0.94472545,0.85793567
1.1724479,1.0724465
1.2810831,1.3119104
1.4820913,1.5540956
1.6487373,1.7743738
1.6598397,1.8822637
1.5326524,1.8972318
1.3722153,1.8357961
1.2734956,1.7139498
1.0997447,1.5467026
0.87125105,1.338649
0.6650002,1.0861082
0.45521572,0.78676397
0.15880151,0.4536327
-0.07584475,0.14053294
-0.16916138,-0.06441463
-0.20697786,-0.16300708
-0.19102941,-0.2102943
-0.16707936,-0.22963187
-0.28481132,-0.23247159
-0.16946054,-0.22549734
-0.24544676,-0.21290326
-0.27273074,-0.19829372
-0.15736768,-0.18545753
-0.16902205,-0.1779592
-0.22596282,-0.17735317
-0.17272624,-0.18037367
-0.15799546,-0.17615187
-0.06926266,-0.14059952
0.0868484,-0.026432224
0.6097511,0.22499853
1.1338241,0.6185533
1.2754891,1.0417895
1.6008008,1.3338242
1.9798248,1.4613633
1.9700463,1.4835787
1.3425279,1.4472923
0.94727135,1.3659787
0.914331,1.2325914
1.014185,1.0326133
-0.57974213,0.75838333
1.1026739,1.128892
1.2860036,1.3947499
1.525903,1.6204345
1.7815362,1.801642
1.9202682,1.9397769
1.8722435,1.9638193
1.8319006,1.8932776
1.6553364,1.7348738
1.4893361,1.5224702
1.2911093,1.2929815
0.9975099,1.0480095
0.7213564,0.7703551
0.33054385,0.45629448
-0.117101856,0.15011844
-0.33735666,-0.062987454
-0.42215043,-0.17477289
-0.37636244,-0.23457697
-0.37667984,-0.26627058
-0.39880952,-0.28113195
-0.44970006,-0.28487462
-0.5156389,-0.2807207
-0.42508575,-0.27164814
-0.37309417,-0.26089454
-0.42934525,-0.25156578
-0.41561562,-0.2463156
-0.37595522,-0.24649385
-0.38936397,-0.24956366
-0.41094697,-0.24301943
-0.2911366,-0.1915791
-0.29771727,-0.028987147
-0.1926013,0.31161404
0.45261842,0.8028319
0.77744234,1.2095423
0.8209292,1.3477652
0.9353677,1.2299316
0.90572095,0.9169607
0.7572637,0.46794206
0.36850485,-0.045768566
0.4381547,-0.5243803
0.88566786,-0.8766062
0.8931076,-1.0892898
-1.2828908,-1.2330585
-0.2681994,0.022310592
-0.39138815,-0.08955103
-0.3098381,-0.14796153
-0.30237883,-0.1415512
-0.2399354,-0.08263221
-0.37017626,0.0015314594
-0.38057548,0.08549515
-0.35187405,0.16804668
-0.4126901,0.26479468
-0.37181777,0.36062062
-0.35655582,0.44279057
-0.42911902,0.5211489
-0.41529846,0.59963447
-0.42992038,0.6647992
-0.35628384,0.69111717
-0.2907536,0.64983463
-0.10684179,0.52231467
0.17964761,0.31374115
0.4165687,0.067654856
0.91182685,-0.13495824
1.3451672,-0.26150444
1.4855896,-0.3390699
1.2516665,-0.3916241
1.0520467,-0.4306909
0.6749238,-0.4612893
-0.050978724,-0.4862609
-0.63076407,-0.5085836
-0.96949744,-0.53207064
-1.0110223,-0.56077945
-0.91949874,-0.5951036
-0.9962107,-0.62093663
-0.9294348,-0.5993725
-1.0694531,-0.48151404
-0.9636665,-0.23463559
-0.933493,0.13160339
-0.96576315,0.47247422
-0.06785425,0.55431575
0.6812168,0.30849433
0.269368,-0.18507257
0.3109705,-0.74142444
-0.96934587,-1.167206
-1.906893,-1.412339
1.4285867,1.2569573
1.7613875,1.5316365
1.9247828,1.751936
2.055834,1.9160974
2.1015308,2.0069697
1.8053627,1.9950218
1.6018678,1.9026718
1.5418646,1.7326453
1.2951483,1.5153551
0.90788996,1.2840228
0.50470406,1.0418591
0.16941866,0.7764224
-0.072724104,0.4845785
-0.2672561,0.20264524
-0.32605317,0.0031043068
-0.2749818,-0.104539044
-0.37019897,-0.16068539
-0.3678,-0.18713337
-0.287871,-0.19570413
-0.4101776,-0.19342402
-0.30760723,-0.18470713
-0.27716494,-0.17311302
-0.27966252,-0.16186261
-0.23149198,-0.15366805
-0.22438727,-0.15024063
-0.31242442,-0.15081912
-0.27663904,-0.14913058
-0.32436574,-0.12756762
-0.27564636,-0.046558447
-0.07350642,0.15928203
0.2559781,0.5390202
0.72364223,1.0179894
1.0154026,1.371031
0.97746384,1.5030205
1.135073,1.4651711
1.3335345,1.308757
1.3119447,1.05588
1.2445251,0.717821
0.9086582,0.32038778
0.956085,-0.0751005
1.097041,-0.38347778
0.038464982,-0.54989403
1.8521411,1.4586327
1.9718428,1.7648466
1.9808712,1.9678462
1.8920896,2.091894
1.6077008,2.06658
1.561299,1.9358582
1.2722456,1.7079818
0.8845234,1.4296892
0.66971177,1.1310331
0.26168758,0.7989963
-0.2505179,0.42920333
-0.32085824,0.058571838
-0.43657798,-0.2154102
-0.41429752,-0.36486107
-0.4221751,-0.4600088
-0.59127957,-0.53151697
-0.51429164,-0.5879487
-0.55057555,-0.63318425
-0.73149586,-0.66980314
-0.5460548,-0.69928277
-0.5928724,-0.7224028
-0.5597688,-0.7403499
-0.5339316,-0.7553205
-0.5468517,-0.7694437
-0.53992903,-0.78187716
-0.46857405,-0.784228
-0.5377997,-0.75256014
-0.43250826,-0.64728165
-0.19481209,-0.42830497
0.33868238,-0.073060356
1.0647686,0.36233357
1.161659,0.6509136
0.86218685,0.6280885
0.229587,0.30825034
-0.73899865,-0.21266855
-1.546276,-0.75952333
-1.8466388,-1.1673732
-1.944096,-1.4013798
-1.3106961,-1.5250642
-1.4423108,-1.589611
-2.0294616,-1.6217799
-3.1882403,-1.6367512
0.9767779,0.7962732
1.154043,0.9208659
1.0825443,1.1070362
1.1623484,1.3096707
1.6068105,1.526776
2.1053333,1.7245765
2.209298,1.8159245
1.9846773,1.8151476
1.8664961,1.7335227
1.932269,1.5900661
1.7034471,1.406048
1.1334487,1.1857117
0.9800402,0.92266834
0.7434117,0.61799866
0.047251344,0.2976727
-0.13636374,0.035079204
-0.3851017,-0.11320884
-0.30782884,-0.18825662
-0.27189282,-0.22690997
-0.5156247,-0.24477226
-0.46825048,-0.25018638
-0.31706166,-0.24758297
-0.42296115,-0.24008524
-0.40902215,-0.23090035
-0.29295513,-0.22349417
-0.24738662,-0.2211015
-0.36890462,-0.22507232
-0.37357366,-0.23189524
-0.20781684,-0.22849452
-0.1098028,-0.1816695
-0.1496714,-0.029067047
0.07478142,0.29004163
0.84528947,0.7485854
1.2378017,1.1566231
0.86861265,1.3596358
0.79593354,1.3800082
0.443824,1.2794569
-0.13485125,1.0877521
-0.0030489117,0.8121851
0.47384253,0.4652474
0.9823777,0.09140218
-0.664258,-0.23132756
-0.28447068,0.043515734
-0.34602827,-0.042136557
-0.25604305,-0.060658783
-0.26532477,-0.003319867
-0.25929266,0.1024855
-0.23544145,0.22616392
-0.34419972,0.35507518
-0.1821286,0.5091101
-0.10470484,0.684524
0.1681902,0.8537911
0.37135622,1.0149817
0.57190454,1.1668168
0.9106821,1.2989575
1.3536332,1.3924205
1.522973,1.4186447
1.4162058,1.3384119
1.2981131,1.1165811
0.9989809,0.7585063
0.7139343,0.31992465
0.30625874,-0.078998744
-0.2082169,-0.31187427
-0.5857155,-0.4172735
-0.6578684,-0.4793731
-0.82534206,-0.5220743
-0.76275396,-0.5518543
-0.7513654,-0.5716637
-0.7285504,-0.5848027
-0.74118596,-0.5955442
-0.6845526,-0.6088571
-0.615247,-0.6285518
-0.61920726,-0.64870685
-0.60461855,-0.6387186
-0.29711187,-0.5465835
0.53415936,-0.3228341
0.6731554,0.060282566
1.0409936,0.53087
1.5531894,0.83787346
1.086548,0.8321083
0.727395,0.5352286
0.7762394,0.029565923
0.5608088,-0.5430776
-2.3094175,-1.0115298
1.5202055,1.3631401
1.8067498,1.6801071
2.1721015,1.894311
2.1777165,2.0514014
2.1038537,2.0774689
1.9739609,2.0021427
1.8863369,1.8366185
1.6399101,1.6060206
1.3525313,1.3522797
1.0902984,1.0821099
0.82622313,0.7800573
0.23085064,0.44236374
-0.19784176,0.11395418
-0.4104329,-0.11371481
-0.46290037,-0.23180738
-0.6027277,-0.29735848
-0.6123453,-0.33586615
-0.44684082,-0.35797015
-0.6341321,-0.36823925
-0.6179602,-0.36872682
-0.6309009,-0.36158255
-0.700774,-0.3500288
-0.45502955,-0.33805594
-0.646894,-0.32982534
-0.71041775,-0.32861957
-0.5413524,-0.33418685
-0.65270764,-0.33690506
-0.50281626,-0.30462
-0.5172924,-0.17314297
-0.41963956,0.12597874
0.07158353,0.595484
0.64946824,1.0471932
0.84868497,1.2565637
0.8946733,1.2043711
0.77828944,0.9466816
0.40276456,0.5387364
0.18290196,0.044535883
-0.00059778674,-0.44105202
0.31119797,-0.8197983
0.6446505,-1.0534781
0.66411316,-1.2072164
-0.97431856,-1.3203714
0.7661,0.7512449
0.9889148,0.8766824
1.2192994,1.051267
1.4154143,1.2473762
1.5870165,1.4545207
1.7940551,1.6655922
2.1068547,1.7824872
2.0870898,1.8103158
2.085385,1.7635496
1.9145855,1.6571903
1.6623144,1.5114809
1.4433569,1.3361894
1.1615928,1.125665
0.92316324,0.86912227
0.38403556,0.5713557
0.0071047265,0.27604064
-0.15218431,0.06295469
-0.26872644,-0.047665797
-0.26813543,-0.102428265
-0.2639961,-0.12704408
-0.29892334,-0.13458383
-0.25908303,-0.13344952
-0.22630954,-0.1287126
-0.33331513,-0.12340272
-0.24568497,-0.11957354
-0.30076468,-0.118920065
-0.197047,-0.12222255
-0.25498724,-0.12662676
-0.14220408,-0.12028084
-0.19875674,-0.07299439
-0.19152103,0.07380686
0.12741102,0.3881557
0.6503557,0.86123824
1.1275127,1.2997284
1.1817018,1.5237503
1.0449175,1.5525136
0.7447349,1.4500983
0.44628182,1.2500628
0.52654153,0.9659182
0.6669616,0.61011195
1.4163227,0.2171753
-0.55645895,-0.1478627
0.34703916,0.43628138
0.34683925,0.5047169
0.58738875,0.6648638
0.80087507,0.8853823
1.0672919,1.1215938
1.3050631,1.3711286
1.200124,1.6110169
1.3497653,1.763085
1.763934,1.8392578
1.9676306,1.8537588
1.8527956,1.8136042
1.8493975,1.7217612
1.6741705,1.5773399
1.5134106,1.3763654
1.2041016,1.1153388
1.0077001,0.7978457
0.6727555,0.45151532
0.28806034,0.1512095
0.054566987,-0.024070628
-0.021469807,-0.10045419
-0.0842062,-0.13162568
-0.050443426,-0.13730049
-0.06726174,-0.12884656
-0.001248032,-0.11407281
-0.06595421,-0.09822435
-0.025062293,-0.08518628
0.021524163,-0.07793195
-0.037348352,-0.077020176
0.019817833,-0.07808984
-0.0059309513,-0.070543624
0.052007012,-0.035006024
0.07199045,0.06363212
0.1775061,0.26835242
0.30486786,0.5808619
0.8472595,0.9344585
1.0221798,1.222971
1.2589055,1.3951254
1.9964869,1.4743819
2.2834294,1.503372
2.23651,1.5109279
1.1633738,1.5064683
1.5391912,1.4847314
1.5759301,1.440638
1.9350121,1.7027054
2.201655,1.8971455
2.1181889,2.0318966
2.0870767,2.0565183
1.831477,1.9911797
1.6418713,1.8447659
1.5792803,1.6231841
1.3306106,1.3729525
1.0025716,1.1169515
0.67583764,0.8447114
0.35276783,0.54680276
0.12432096,0.24382257
-0.025397828,0.005111508
-0.14870135,-0.1323781
-0.093744196,-0.2077091
-0.1789374,-0.24916723
-0.14452767,-0.2703672
-0.18173541,-0.2784357
-0.25264063,-0.27724144
-0.14550322,-0.26999342
-0.15561058,-0.26013893
-0.16945913,-0.2511114
-0.12387125,-0.245953
-0.09202987,-0.24642202
-0.12125586,-0.25064108
-0.07732477,-0.24813294
-0.08247979,-0.20883358
-0.16409206,-0.07247307
0.066611424,0.22918892
0.37241796,0.69140285
0.77274173,1.1149565
1.1164641,1.2962196
0.977828,1.227489
0.615548,0.9641371
0.17838308,0.5581802
-0.33411613,0.072600685
-0.5367697,-0.39719334
-0.6220858,-0.7550287
-0.7901377,-0.97045654
-0.37617064,-1.1135546
-0.5274474,-1.2245553
0.7400319,0.659546
0.9943932,0.7415308
1.0687004,0.8985592
1.1626016,1.097469
1.4554259,1.3106563
1.7401882,1.5487937
2.0172434,1.7192154
1.9439461,1.7956163
1.8873317,1.7949564
1.8376918,1.7285062
1.5850539,1.6104165
1.2770693,1.4496218
1.1897199,1.2443488
0.8218044,0.9890088
0.30982748,0.6858149
-0.08769282,0.36309513
-0.26187655,0.09618733
-0.37708616,-0.053648762
-0.37294006,-0.12595329
-0.2530871,-0.16035712
-0.32725936,-0.17324427
-0.40366557,-0.1744174
-0.36060598,-0.16978091
-0.25891605,-0.16300854
-0.28663263,-0.15685704
-0.5108241,-0.15387231
-0.3014029,-0.1559383
-0.36081058,-0.16187364
-0.33525982,-0.16343898
-0.23374617,-0.13874081
-0.13477893,-0.041193403
0.14037861,0.19683057
0.7956258,0.60372686
1.4456437,1.0670981
1.3129296,1.3815455
1.2970914,1.498138
1.2901386,1.4787521
0.8588176,1.3710697
0.47063652,1.190122
0.20130987,0.9357587
0.9796573,0.61193836
0.8426448,0.2502329
0.59421116,0.68587637
0.84931487,0.7817698
1.1261694,0.9315479
1.282946,1.1203816
1.370982,1.3296239
1.6093434,1.5617378
1.8092638,1.7139812
1.6680666,1.7698083
1.6295235,1.7448117
1.4963747,1.6539079
1.225457,1.5169668
1.1463088,1.3435203
0.857017,1.1271697
0.6011189,0.8579182
0.2615007,0.5435384
-0.10058613,0.23185438
-0.2761985,0.009753577
-0.29907125,-0.10385557
-0.26437473,-0.16108021
-0.33966753,-0.18883175
-0.402678,-0.19987047
-0.36225304,-0.20168462
-0.2710835,-0.19868752
-0.27612838,-0.19388622
-0.2603492,-0.18971673
-0.31080395,-0.18845949
-0.2806657,-0.19180664
-0.17740226,-0.1985124
-0.19228868,-0.19952554
-0.12701547,-0.16834909
-0.236632,-0.048296906
-0.040081378,0.23482895
0.5071914,0.6968786
1.3102037,1.164005
1.481989,1.4150724
1.5288434,1.4366939
1.6770124,1.291253
0.96532524,1.0220563
0.51886284,0.6563808
0.1388258,0.23316962
0.9294422,-0.1786016
-0.83169323,-0.49916318
1.2017999,1.2353156
1.3089387,1.4994859
1.5743121,1.7148013
1.8350339,1.893111
1.8594723,1.9762218
1.8951948,1.938406
1.8727196,1.7948985
1.6309857,1.5646865
1.3501704,1.2987354
1.0776405,1.0079644
0.84863424,0.67988795
0.6541641,0.32132882
0.38325456,-0.018423595
-0.04201103,-0.24723005
-0.26335007,-0.37276566
-0.4838201,-0.45527568
-0.43360734,-0.5167467
-0.412769,-0.56447333
-0.51774085,-0.60161614
-0.48616365,-0.6300089
-0.53790313,-0.6507906
-0.53541815,-0.66510904
-0.53458095,-0.6751004
-0.47523114,-0.6842127
-0.5829111,-0.69593537
-0.61315554,-0.71046245
-0.60393125,-0.71915513
-0.6200078,-0.69565815
-0.7015138,-0.5948508
-0.62698746,-0.37071797
-0.32626826,0.0011522323
0.23307912,0.45399475
0.78137237,0.7516128
0.5272371,0.7473667
0.044809047,0.46289146
-0.69835705,-0.023934163
-1.4532177,-0.57446516
-1.8282484,-1.0254905
-1.8522683,-1.3034877
-1.4355395,-1.4559841
-0.90112424,-1.5409174
-1.9283614,-1.5872512
0.47184986,0.8037398
1.060088,0.97289765
1.5225512,1.1885886
1.8106279,1.4182742
1.6614126,1.6640368
1.5495615,1.8346611
1.8060328,1.8820217
2.2282753,1.8275785
2.361427,1.6916924
1.1813552,1.5041785
0.9096406,1.2787359
1.188747,1.0077802
0.8984527,0.6840589
0.6914404,0.32532367
-0.06093883,0.00017602742
-0.22164972,-0.19797823
-0.124478646,-0.29634517
-1.0047687,-0.35283732
-1.3881034,-0.3873739
-0.92022306,-0.40796214
-0.7204922,-0.4176452
-0.7797367,-0.41774103
-0.92704403,-0.41011378
-0.8131211,-0.3980919
-0.85848314,-0.38628858
-0.668406,-0.3798929
-0.5826805,-0.38275826
-0.63443685,-0.3933009
-0.8467941,-0.39644682
-0.74812025,-0.34870666
-0.23568948,-0.17956412
-0.24118978,0.16688544
0.500516,0.6570468
0.5894721,1.0768371
0.57175535,1.2583191
1.3166144,1.2241964
1.6513975,1.032732
1.0541849,0.7201869
0.30569664,0.31884688
0.25882304,-0.11151391
0.71955305,-0.49037778
-1.0483497,-0.7424402
0.36646718,0.682075
0.54858196,0.76266575
0.49787346,0.8942244
0.45604923,1.0711119
0.679531,1.2857047
0.7375733,1.5300066
1.0758557,1.6858852
1.2629648,1.7321059
1.1822689,1.6814114
0.93375,1.5602375
0.5607317,1.3953104
0.5218846,1.1875794
0.45308685,0.92129505
0.38508576,0.59316516
0.4645394,0.23583323
0.42495337,-0.058542736
0.11214057,-0.2198061
-0.17094533,-0.30352217
-0.23101984,-0.3543545
-0.24406236,-0.38709992
-0.21599616,-0.4077869
-0.3117786,-0.41900104
-0.3460875,-0.42292896
-0.26141685,-0.4223591
-0.2745201,-0.4204712
-0.27673388,-0.42083147
-0.38878098,-0.427256
-0.2054887,-0.44081897
-0.1748722,-0.44959578
-0.2090334,-0.41112518
-0.07413288,-0.2571608
0.03699762,0.06864526
0.72043186,0.54481554
1.8239201,0.9482987
2.2627854,1.0582887
2.2936127,0.85631514
2.1940997,0.4086529
1.0807859,-0.17539552
-0.69091326,-0.73665893
-2.2195356,-1.1310192
-2.133827,-1.3482752
-2.4328582,-1.4724524
1.3832129,1.1496682
1.5412916,1.4199685
1.7632823,1.6588774
2.10632,1.8490944
2.0783043,1.9799831
1.9877328,1.9955409
1.9212922,1.9216034
1.5830787,1.7665329
1.6062628,1.5608305
1.2683792,1.335652
0.98001695,1.0939889
0.7645102,0.82291406
0.41052443,0.51711917
-0.051635668,0.2093837
-0.3545611,-0.019725643
-0.3321829,-0.14236453
-0.1505107,-0.20572016
-0.33095977,-0.23722634
-0.3376198,-0.24965718
-0.24461927,-0.25003517
-0.36811548,-0.24248722
-0.37608555,-0.23044151
-0.2601212,-0.21728778
-0.21469997,-0.20613453
-0.32641387,-0.19946307
-0.30243567,-0.19804797
-0.27802968,-0.19818833
-0.33146688,-0.18607748
-0.15023395,-0.12662446
0.094203256,0.044965796
0.7039405,0.394341
1.0728425,0.88912797
1.0303769,1.3001909
1.2523513,1.4682348
1.258388,1.4226017
1.0303965,1.2226928
0.64927715,0.9063139
0.35714886,0.5036402
0.8327248,0.064881094
0.88799775,-0.33434317
-0.4890872,-0.6169039
-3.0108423,-0.77184945
0.20521411,0.43436044
0.28070107,0.45429945
0.26037604,0.56418014
0.21286024,0.746321
0.16392894,0.967458
0.30524635,1.2292043
0.22711825,1.4821565
0.22198255,1.6379173
0.6126418,1.7021718
1.0813377,1.6906683
1.5099654,1.6158373
1.1725563,1.4802742
1.0150162,1.2739058
1.052309,0.98592424
0.66834563,0.62221634
0.7196216,0.2203004
0.8035021,-0.11838139
0.69928443,-0.30015883
0.1211312,-0.39084816
-0.4410481,-0.448654
-0.551043,-0.48813137
-0.65222424,-0.5143988
-0.47347823,-0.5294059
-0.462174,-0.53466773
-0.56576216,-0.5327009
-0.55490303,-0.5275818
-0.43882817,-0.52499235
-0.44704646,-0.5310134
-0.59696865,-0.5469998
-0.5254051,-0.55894667
-0.5761124,-0.52362245
-0.40476206,-0.3753792
-0.28733826,-0.060528733
0.23092985,0.41709107
1.0715418,0.8837993
1.2426207,1.1209124
1.481205,1.1162854
1.5696968,0.9291985
1.2932389,0.6056615
0.9232324,0.18942413
0.13837937,-0.25114518
0.7692288,-0.63683534
0.42570105,0.50972366
0.4512678,0.5779425
0.59554553,0.732144
0.8507131,0.9449973
1.0441363,1.1747541
1.2531761,1.4243684
1.384005,1.648019
1.5887488,1.7790961
1.8748769,1.834698
2.0631747,1.8283551
2.0996487,1.768423
1.9378209,1.6597941
1.8154954,1.502348
1.5692319,1.2916099
1.3443978,1.023413
1.1522462,0.703915
0.7990872,0.36997962
0.17059106,0.104143195
-0.20600112,-0.036902048
-0.22872108,-0.09950975
-0.18692213,-0.12466205
-0.29253787,-0.12824088
-0.32294938,-0.12050653
-0.2593685,-0.10819287
-0.28146023,-0.09555928
-0.24243322,-0.08567376
-0.18804115,-0.080917306
-0.21355829,-0.08161435
-0.27675298,-0.08323086
-0.22574024,-0.07352913
-0.15994461,-0.027420916
-0.096552216,0.10047004
-0.074339226,0.3580966
0.21164593,0.7342957
0.972673,1.1238033
1.1561793,1.3941579
1.3923837,1.5228415
1.7401059,1.5622274
1.9005201,1.5556796
2.0229263,1.5197265
1.2073919,1.4515612
1.5696884,1.3377256
1.7428505,1.5541915
1.9117172,1.8104103
1.9496479,1.9925194
1.9756294,2.099942
1.6773448,2.0836327
1.4450411,1.9864995
1.3327322,1.8100532
1.167887,1.5644572
1.1181806,1.2998632
0.9424947,1.0295208
0.711381,0.7404501
0.41103223,0.43197405
0.27877948,0.14175048
0.13519259,-0.05980072
0.06598085,-0.17229193
-0.013939735,-0.23602474
-0.0038584839,-0.27189767
-0.045721747,-0.29064414
-0.08900183,-0.29765147
-0.0584981,-0.2962134
-0.07203023,-0.2895671
-0.17759337,-0.2812366
-0.13519594,-0.27473444
-0.13170493,-0.2730788
-0.11719801,-0.27729106
-0.1370068,-0.28306928
-0.08912436,-0.2733297
-0.14916502,-0.20460758
-0.037311167,-0.008352183
-0.027512304,0.3633994
0.11752081,0.82916677
0.3931247,1.146558
0.43091273,1.1990488
0.3813205,1.0162928
-0.008845198,0.65328676
-0.43982938,0.17470613
-0.75355506,-0.31954882
-1.0506804,-0.7192878
-0.9771368,-0.9671775
-0.4357158,-1.1248043
0.23184395,-1.2434349
-0.5215759,-1.3361387
0.3982468,0.73946667
0.43870082,0.8305681
0.55881846,0.977842
0.63471967,1.153028
0.71662027,1.3485427
0.75341755,1.5683706
1.0152781,1.7099273
1.3081299,1.7601668
1.2837106,1.7313355
1.1418227,1.637716
0.6836134,1.5016513
0.6105388,1.3345653
0.6214266,1.1303294
0.7203936,0.8770982
0.7053994,0.5786078
0.48690328,0.2771712
0.31804162,0.054886185
-0.019156076,-0.06274555
-0.06034706,-0.122795396
-0.03722351,-0.1524457
-0.05198154,-0.16501692
0.09810066,-0.16869307
-0.010115767,-0.16830224
0.036150187,-0.16673273
0.07769462,-0.1659151
0.07267336,-0.1675201
0.020584894,-0.17266065
0.043987706,-0.17929
0.08554613,-0.17621121
0.113668405,-0.13187903
0.13856004,0.016565718
0.5045477,0.3420927
1.0838546,0.833633
2.0554664,1.2688648
2.3349874,1.4562919
2.5794482,1.4122825
2.721249,1.1990013
1.873596,0.86086506
0.26629433,0.43618047
-0.96582043,-0.014924824
-0.95933264,-0.41341007
-1.5122399,-0.68861073
0.59824634,0.8510603
0.64408547,0.9677057
0.6270656,1.148495
0.4762871,1.3292403
0.57834744,1.5117064
0.7866888,1.6896195
0.9491,1.7802895
0.9720006,1.7970515
1.1808522,1.7492416
1.5429776,1.643999
1.5328442,1.4970691
1.4938631,1.3185643
1.0958111,1.1079357
0.9627781,0.8625574
0.90517217,0.58844936
0.9681155,0.31900406
1.0065482,0.11986185
0.8258099,0.01128345
0.65091234,-0.043794297
0.15933186,-0.068479784
0.0783438,-0.07566244
0.11629144,-0.07419979
0.09736036,-0.06980363
0.10480857,-0.066077836
0.11357152,-0.06553132
0.1505662,-0.06958256
0.1320919,-0.07685775
0.18761691,-0.08045978
0.15181428,-0.06451417
0.13863495,0.002916254
0.18440536,0.17301506
0.21865863,0.47734416
0.25099263,0.8662784
0.72124946,1.205671
1.4290096,1.4016328
1.3407375,1.4776734
1.3623863,1.4882414
1.5384631,1.4620299
1.4630846,1.4014513
1.2537395,1.2927895
0.5076371,1.1162009
0.6622351,0.85987496
1.0585438,1.0470042
1.1158335,1.2636216
1.3569121,1.4915285
1.5925863,1.6661086
1.7193266,1.8331572
1.7908624,1.9113791
1.6892036,1.9041219
1.6821253,1.8258263
1.5075867,1.683223
1.2695996,1.5004098
1.1283191,1.2982502
0.8643911,1.078531
0.58225346,0.83312094
0.3066364,0.56150544
0.021972094,0.29421562
-0.093448326,0.09619772
-0.12246417,-0.012607165
-0.20386578,-0.06772388
-0.16187994,-0.09156185
-0.14547236,-0.09678597
-0.12189268,-0.09203795
-0.0586343,-0.08303518
-0.15157884,-0.073622935
-0.06928713,-0.06659485
-0.09638692,-0.06385025
-0.09656123,-0.06548295
-0.12440308,-0.06763289
-0.16464916,-0.05936519
-0.104951136,-0.016989507
-0.009908576,0.10394784
0.08224762,0.35500348
0.42633986,0.733574
0.9362374,1.1325703
0.9107911,1.4040827
0.8642717,1.5244131
1.114523,1.5497425
1.1942645,1.5204754
1.1151996,1.446953
1.2170237,1.3204678
1.4029982,1.1243006
2.222021,0.8464365
1.4010782,0.5025284
0.5167777,0.76090974
0.60226387,0.8670049
0.8117,1.0286016
0.96163845,1.2077885
1.2240301,1.3899463
1.3490111,1.5883265
1.5496274,1.7133541
1.9485255,1.7580528
2.0682802,1.737052
2.1485963,1.6583943
2.1083243,1.5369855
1.6710815,1.3837707
1.5783274,1.1976901
1.2923961,0.9718361
0.9447928,0.705835
0.43371576,0.4248343
0.12678649,0.19242454
0.035882294,0.05649727
-0.052657124,-0.012779318
-0.06607388,-0.04665593
-0.116162166,-0.060071804
-0.076474845,-0.063044764
-0.05225723,-0.06199158
-0.06381384,-0.06053833
-0.012394149,-0.060802884
-0.07622383,-0.06434194
-0.049576826,-0.071574695
0.030496722,-0.0788948
-0.03891347,-0.07373277
0.022636477,-0.026590012
0.0462891,0.11734653
0.1891886,0.41613114
0.62894046,0.8523822
1.3389052,1.2645582
1.374648,1.497321
1.1966552,1.5663095
0.9439751,1.5345093
0.21295281,1.4329269
-0.0070992075,1.2655656
0.17149042,1.0250809
1.0136544,0.7077693
-0.74935937,0.33847928
-0.0014205292,-0.049282618
0.13631399,-0.082990184
0.4191404,-0.054912858
0.55634004,0.034740753
0.5739696,0.1378671
0.5386854,0.23845005
0.44303286,0.27809423
0.28013742,0.19778392
0.043956924,0.014324032
-0.1429727,-0.25134343
-0.41941544,-0.5805331
-0.766497,-0.9303469
-1.1301774,-1.2413949
-1.3481632,-1.4593563
-1.4191847,-1.576545
-1.5325235,-1.6319393
-1.5432575,-1.6572978
-1.587246,-1.6685331
-1.6501398,-1.6730378
-1.6493597,-1.6738627
-1.7112365,-1.6719859
-1.7317368,-1.667387
-1.7588433,-1.6594046
-1.7716184,-1.6466978
-1.7338201,-1.6271367
-1.8548989,-1.5979241
-1.9019593,-1.5559003
-1.9032898,-1.4975367
-1.9049275,-1.4189351
-1.8486277,-1.3186157
-1.5100259,-1.2036964
-1.2394509,-1.0929565
-1.1292926,-1.0151109
-1.0285085,-0.9973708
-0.94990546,-1.0453976
-1.0368271,-1.1393638
-1.290972,-1.24957
-1.4863029,-1.3519591
-1.3338466,-1.4337885
-1.1955196,-1.4924028
-1.764368,-1.530935
-3.7967813,-1.5540464
0.95212716,0.97184074
1.0637858,1.1845663
1.2171257,1.4193577
1.4991014,1.6183839
1.733574,1.8137896
1.64031,1.9155312
1.6205674,1.91945
1.5714633,1.8426603
1.4379532,1.6972026
1.2073584,1.510149
1.0420681,1.3001821
0.8746665,1.0658718
0.50834286,0.7978194
0.14772902,0.49910277
-0.14639625,0.21041077
-0.19948168,0.00783404
-0.23596103,-0.09772418
-0.24434493,-0.15046737
-0.25973445,-0.17350596
-0.15453196,-0.17907575
-0.27890655,-0.17467105
-0.23381598,-0.16497925
-0.20277844,-0.15352696
-0.20321035,-0.14340684
-0.21459779,-0.13724896
-0.23579171,-0.13639212
-0.11809415,-0.13880953
-0.15591411,-0.1358633
-0.09004785,-0.10646439
-0.012598683,-0.006840326
0.2611385,0.22652882
0.84672445,0.62046874
1.0726336,1.073159
1.0897204,1.3891543
1.3047534,1.5153477
1.516557,1.5110403
1.40748,1.4226475
1.0928795,1.2635863
1.1895113,1.0307629
1.6675682,0.72140455
1.1728536,0.35677704
-1.2030299,0.0016045794
0.45040995,0.16532242
0.6221668,0.2315146
0.9318926,0.3805316
1.1792059,0.60213333
1.4690912,0.85748315
1.5648043,1.1443161
1.3960453,1.3465537
1.4572653,1.4208896
1.06756,1.4050238
0.8909499,1.3295327
0.42573377,1.1998775
0.12775527,0.99862695
-0.3295171,0.69811165
-0.8997735,0.28883362
-1.1017072,-0.18871585
-1.3159372,-0.6314318
-1.4583753,-0.9292139
-1.5074216,-1.1361516
-1.4727377,-1.3016315
-1.4907807,-1.4290553
-1.5913227,-1.5175703
-1.5697438,-1.5726359
-1.6259059,-1.603744
-1.69848,-1.618597
-1.806078,-1.6207635
-1.7414392,-1.6098198
-1.7456415,-1.5821023
-1.7160138,-1.5323704
-1.7298571,-1.4564472
-1.6828294,-1.3482988
-1.5199865,-1.1990821
-0.80163866,-1.0044981
-0.539969,-0.7606938
-0.8721168,-0.46950886
-0.51777446,-0.16768491
-0.06328226,0.059221037
0.38416934,0.13716125
0.20821936,0.092802815
0.57303524,-0.018606387
1.0413747,-0.16147973
1.1042527,-0.32158962
-1.1902018,-0.4962728
0.51724374,0.6369304
0.79222155,0.70322466
0.92462045,0.8275447
1.1869006,0.99948645
1.4234314,1.198283
1.6423362,1.4322379
1.8563697,1.6167753
1.958323,1.7061685
1.9173346,1.7137444
1.8447185,1.6519444
1.7418836,1.5379541
1.544592,1.3815118
1.3670279,1.1777556
0.98493075,0.9179275
0.56009924,0.6075506
0.062385414,0.2860583
-0.16185704,0.038819663
-0.22427051,-0.093289666
-0.27598956,-0.16024503
-0.2518172,-0.19478029
-0.3205735,-0.21108401
-0.28491294,-0.21722227
-0.30428758,-0.21777958
-0.2449655,-0.21578306
-0.2854547,-0.2136778
-0.32895517,-0.2138432
-0.253155,-0.2184079
-0.24641371,-0.22718158
-0.10503533,-0.23298475
-0.16405204,-0.21193671
-0.12104858,-0.10919761
0.19334571,0.15136218
1.0798969,0.5979923
1.70485,1.0764542
1.260363,1.3461521
0.8495398,1.3699974
0.5510955,1.2068079
-0.07927949,0.90540767
-0.6356074,0.5028335
-0.8273204,0.054883473
-0.12459379,-0.35756665
-1.1008011,-0.65541375
0.9835589,0.9808413
1.0393192,1.13102
1.0666248,1.3322135
1.247863,1.4941359
1.3611183,1.650404
1.4450245,1.7802099
1.4553404,1.8306668
1.4417853,1.8245399
1.3014233,1.768037
1.2188097,1.666928
1.171301,1.5367911
1.0680174,1.3897889
0.9819764,1.2278552
0.80053496,1.0459597
0.6319527,0.8381877
0.45970482,0.61091685
0.43293196,0.39853263
0.46412694,0.25116923
0.42920724,0.17336705
0.4643706,0.1371086
0.42048866,0.12580043
0.4561076,0.12926212
0.4178896,0.140082
0.44762772,0.15327561
0.5130223,0.16616043
0.4256109,0.17810076
0.44027779,0.19047397
0.488673,0.20806926
0.48963493,0.2428847
0.5269345,0.31923753
0.59117466,0.47282612
0.7946281,0.7304944
1.1851001,1.0675333
1.3920699,1.3765292
1.4215857,1.5761919
1.6654465,1.6728781
1.8099458,1.6971221
1.6933546,1.6737099
1.4538819,1.6135006
1.2388929,1.5137546
1.3691844,1.3634989
0.9682578,1.1513598
0.38416752,0.5200006
0.5749906,0.5627178
0.7707949,0.6555305
1.0688641,0.817688
1.3006094,1.0292645
1.5077131,1.2910528
1.7629356,1.5207722
2.035004,1.6417682
1.9155033,1.6630436
1.8622875,1.6053295
1.8057916,1.4897457
1.5264119,1.3199615
1.0993152,1.080711
0.80164975,0.7616937
0.34786746,0.3838331
-0.27173215,0.018988512
-0.58261526,-0.21612364
-0.6042096,-0.33029976
-0.6137935,-0.39785954
-0.6283237,-0.44381392
-0.6245927,-0.4761199
-0.65738165,-0.49755198
-0.6327129,-0.5096009
-0.81496996,-0.5144366
-0.6292262,-0.51526
-0.65162313,-0.5160909
-0.6980507,-0.52166444
-0.714973,-0.53551966
-0.66808265,-0.5520796
-0.5785887,-0.5409872
-0.6439651,-0.44355452
-0.46040952,-0.19949546
0.35022932,0.2205669
1.1206368,0.7105181
1.0155587,1.0002453
0.8682305,0.9716617
0.28768036,0.65915513
-0.58966976,0.14460817
-0.6946621,-0.44413745
-0.27338526,-0.94154835
0.1819252,-1.2514699
-3.2362516,-1.4202201
1.0300146,1.1900098
1.1796899,1.3919001
1.3732741,1.6060661
1.6458046,1.7513716
1.9288219,1.8812182
1.8609508,1.9245443
1.8182795,1.8983316
1.7290229,1.8097321
1.5622119,1.6608427
1.5513834,1.4765832
1.3650748,1.2798855
1.1422724,1.0733631
1.0014883,0.8492924
0.7919165,0.60434294
0.58943814,0.36010635
0.40230247,0.1710468
0.34761593,0.061710186
0.3021653,0.005258493
0.28325438,-0.019150294
0.34563532,-0.02412773
0.35324112,-0.01891137
0.4624155,-0.009925045
0.3931634,-0.0012069717
0.30329594,0.0049076453
0.36902863,0.0073401853
0.31760356,0.0070255324
0.26793936,0.009498037
0.402324,0.029271625
0.46687096,0.096306615
0.5175286,0.2589656
0.585475,0.55343264
0.8780322,0.9446187
1.4020185,1.2992289
1.4911354,1.5088062
1.2662901,1.5908206
0.99776393,1.5966759
0.5629262,1.554405
0.020520676,1.4679956
-0.22467926,1.3271918
-0.28904307,1.1168075
0.12743036,0.8286172
0.2918187,0.4832158
1.25165,1.1597658
1.3952074,1.4325324
1.6182868,1.6723323
1.8488185,1.8588629
1.9060335,1.9855015
1.7410476,1.9993508
1.6849328,1.9279449
1.458542,1.7783549
1.2811521,1.5764235
1.1082634,1.3525178
0.78406054,1.1126132
0.6124992,0.8468163
0.21369933,0.5501189
-0.11501179,0.2500846
-0.1539291,0.020388149
-0.18969999,-0.105432846
-0.15263833,-0.16975626
-0.19120461,-0.20052549
-0.25009793,-0.2112357
-0.18771547,-0.20975596
-0.1439181,-0.20076096
-0.1441766,-0.18785629
-0.096498,-0.17450422
-0.24436761,-0.16388822
-0.18577486,-0.15832502
-0.10822956,-0.15784809
-0.15862079,-0.15758774
-0.12070633,-0.14330846
-0.044680797,-0.082292296
0.1854442,0.08469122
0.36851743,0.41532433
0.91778094,0.8782449
1.0466582,1.2816259
1.0334679,1.482022
1.3003725,1.5093796
1.3955213,1.4233286
1.3511237,1.2508364
1.0039078,0.99768186
1.2569195,0.66775984
1.2396165,0.2877359
0.24225074,-0.07674146
-2.011021,-0.33654702
1.0997479,1.0726705
1.3651661,1.3293451
1.4824789,1.5607265
1.7311231,1.7385192
1.9478835,1.8957417
1.8465154,1.9484293
1.7996489,1.913348
1.5533913,1.8003935
1.5146873,1.626034
1.3556021,1.4226832
1.0445291,1.2064476
0.72693914,0.97092295
0.45459554,0.7038246
0.09912562,0.4146495
-0.17940775,0.15873736
-0.27249035,-0.001192607
-0.28384316,-0.083611734
-0.35561976,-0.12423342
-0.31234902,-0.13995332
-0.24611934,-0.1411506
-0.24681737,-0.13443121
-0.31822,-0.124108054
-0.31031358,-0.11336181
-0.3068579,-0.10469831
-0.37250736,-0.09994478
-0.24937294,-0.09949324
-0.25298518,-0.10001386
-0.20452899,-0.09004358
-0.15648113,-0.041892655
-0.021721415,0.098010905
0.2947517,0.3931337
1.0867463,0.840985
1.361574,1.2770184
1.2631516,1.5208163
1.6020383,1.5802338
1.6959976,1.5189302
1.5217117,1.3695972
0.96320665,1.1409822
0.7217191,0.8347461
0.86597997,0.46389216
0.9248106,0.07661178
-0.47543466,-0.24491209
0.8437578,0.786636
0.8820057,0.9094391
1.0821774,1.0855256
1.3109612,1.2794733
1.4045709,1.4906151
1.5625731,1.6945413
1.6612275,1.7975128
1.5076463,1.8095657
1.4681575,1.742398
1.1446911,1.6142159
0.9218401,1.4476637
0.89820594,1.249597
0.62519836,1.0116761
0.4516753,0.7271619
0.2083263,0.4127785
-0.15657303,0.13095516
-0.29078627,-0.043543674
-0.27106357,-0.130939
-0.22140834,-0.17512369
-0.40356195,-0.19498205
-0.3345353,-0.20095858
-0.24880935,-0.19916114
-0.27784806,-0.193438
-0.30747744,-0.18672794
-0.28088668,-0.18162048
-0.20174251,-0.18045548
-0.14393418,-0.18423921
-0.2782565,-0.18964818
-0.17629504,-0.18359947
-0.2469155,-0.13268512
-0.028632028,0.026388682
0.52329713,0.3596635
1.2034822,0.8405768
1.3627568,1.2557728
1.5347898,1.444356
2.0358427,1.433247
2.0767872,1.2827947
1.4941343,1.0257815
0.7412665,0.68065387
0.43658346,0.27937508
0.23821473,-0.11447086
-1.3448508,-0.41980422
0.5907985,0.71803737
0.60792744,0.7978503
0.5919878,0.9589472
0.7674557,1.1433322
1.0052694,1.3216002
1.11478,1.518765
1.1711534,1.6772268
1.2763121,1.7615459
1.5454072,1.7913716
1.7409755,1.7738726
1.7626554,1.7144241
1.799948,1.6193146
1.6501523,1.4917141
1.4911993,1.3314656
1.3969883,1.1370076
1.2917656,0.9069431
1.0240136,0.6514257
0.64274555,0.4099366
0.46502033,0.24084228
0.3806939,0.15476072
0.39209923,0.1152954
0.39503062,0.10219281
0.4158041,0.10465553
0.43988922,0.11487814
0.43605107,0.12751427
0.5058934,0.13958764
0.48252073,0.15041298
0.49568933,0.16183141
0.46079236,0.17968503
0.56843865,0.21723342
0.53215307,0.2994617
0.6111342,0.45988637
0.67373997,0.7177869
0.9656534,1.0402801
1.4050894,1.327879
1.0960327,1.5160681
1.30359,1.6127908
1.4853656,1.645612
1.4092631,1.6400576
1.1418904,1.6101851
0.9618912,1.556262
1.368484,1.4681269
0.9342122,0.817971
1.067764,0.99588895
1.1797411,1.2260549
1.3787087,1.4557692
1.6714746,1.6881428
1.8025305,1.8602465
1.7106481,1.9202247
1.6419418,1.8940852
1.5968709,1.7966051
1.395654,1.6476167
1.1536769,1.4643345
0.95325994,1.2500559
0.75626945,0.9974514
0.5090259,0.70166016
0.038481366,0.38228458
-0.14193843,0.10584547
-0.22831865,-0.057270534
-0.2237185,-0.1354261
-0.26712465,-0.17152855
-0.3223403,-0.18329015
-0.20876367,-0.1810421
-0.166696,-0.17120403
-0.21078597,-0.15800259
-0.2215731,-0.14477167
-0.16496792,-0.13444912
-0.1805496,-0.1292693
-0.20843427,-0.12922868
-0.2909381,-0.12929222
-0.17389849,-0.115377374
-0.072802044,-0.056445576
0.1452312,0.10327416
0.5247377,0.41756713
0.9582779,0.8597043
0.9481805,1.2655003
1.3000628,1.4932327
1.5635481,1.5629979
1.5118667,1.536971
1.3220311,1.4459939
1.2548023,1.2946002
1.6590728,1.0759829
1.7161295,0.7846277
-0.3470437,0.4364348
0.94973266,0.7796133
1.151549,0.9602759
1.3774705,1.1914198
1.6893903,1.4214759
1.8411385,1.6400793
1.9088446,1.8261194
1.8679514,1.9074199
1.6863463,1.9109552
1.6137372,1.8539922
1.369295,1.7503242
1.1849518,1.6139373
0.93642,1.4532269
0.6250009,1.2682712
0.4211577,1.052215
0.19682446,0.79956245
0.1366261,0.5245819
0.18824786,0.27837566
0.23669918,0.12306472
0.1551462,0.04967528
0.15513796,0.019933455
0.21162683,0.01599779
0.31745562,0.02682542
0.33408225,0.04443326
0.33563954,0.06352902
0.27479738,0.08102503
0.21764855,0.095371805
0.25627306,0.1063614
0.27602404,0.116584845
0.36326385,0.1354059
0.4078269,0.18508407
0.92379296,0.30498108
1.4863441,0.5381599
1.4216684,0.8891711
1.2854217,1.272579
1.4996811,1.5494487
1.6245768,1.6888878
1.4526464,1.7311888
1.2430241,1.7124112
1.7559748,1.6498531
1.9939369,1.5457549
1.4278651,1.3942543
-0.35906854,1.1872358
0.7343733,0.7571112
0.9328435,0.85522336
1.2445685,1.0157404
1.378361,1.1972926
1.4152993,1.385958
1.5430887,1.5926191
1.9177629,1.7237499
1.866677,1.7717408
1.8174853,1.7508147
1.7621316,1.6698749
1.607178,1.5448807
1.3353087,1.3870665
1.1569406,1.1951082
0.86981875,0.96193206
0.47169197,0.6876668
0.08949205,0.39896953
-0.09509673,0.16277099
-0.091280565,0.027039967
-0.15523387,-0.04144294
-0.11373393,-0.07450857
-0.082751215,-0.08724747
-0.11759078,-0.089604996
-0.03119365,-0.08779932
-0.098497145,-0.08534665
-0.060718372,-0.08439324
-0.14399649,-0.0866305
-0.0719469,-0.092749245
-0.031786393,-0.09962971
-0.04849981,-0.095451035
-0.057861205,-0.05168391
0.0049079605,0.08617326
0.28670967,0.3804623
0.9122351,0.82218504
1.4513903,1.247793
1.3534425,1.4885502
1.3128396,1.5544592
1.0261475,1.509763
0.44767395,1.3874639
0.12940887,1.193889
0.34180763,0.9255645
1.2391967,0.58674866
-0.41382423,0.21425235
0.39344946,0.60995823
0.3738097,0.65934664
0.44958532,0.7773909
0.46345863,0.9462098
0.48842677,1.1424603
0.5894281,1.3749001
0.67253673,1.576617
0.9011274,1.686947
1.3604766,1.7176907
1.5439309,1.6795992
1.5815649,1.5862231
1.3110048,1.4468803
1.2150161,1.2589754
1.159011,1.014915
0.94879574,0.71634406
1.0725389,0.39023864
0.7266159,0.11029833
0.37936622,-0.05320833
-0.005832533,-0.13381895
-0.06356108,-0.17496428
-0.099895984,-0.19423419
-0.05600501,-0.20147887
-0.056043494,-0.20233989
-0.0066078017,-0.20024899
-0.11574268,-0.19775149
-0.19348358,-0.1972498
-0.049992856,-0.20100316
-0.06564891,-0.20927024
-0.07331277,-0.21615118
-0.0098732505,-0.20172942
-0.016912647,-0.11863921
0.103870414,0.106683396
0.84330463,0.51758635
1.8323117,1.0042491
1.8660022,1.3256353
1.2955822,1.4119431
0.60251176,1.3193191
0.12607841,1.0980244
0.063201115,0.7749921
-0.106526636,0.37952143
0.87572014,-0.029716186
-0.28996,-0.37444538
1.0805577,1.0957085
1.1099576,1.3468442
1.3463581,1.5808733
1.5903924,1.7654805
1.7869617,1.9210546
1.7070726,1.9668105
1.6530206,1.9236658
1.5932642,1.8002408
1.4830357,1.6173786
1.2886277,1.4091637
1.1310848,1.188678
0.9075163,0.947006
0.5542247,0.67150164
0.21358317,0.3740668
-0.10087683,0.11533239
-0.0674049,-0.041867264
-0.06555452,-0.12209194
-0.11848239,-0.16150895
-0.16629095,-0.17676339
-0.20444043,-0.17779982
-0.12572175,-0.1707752
-0.13333084,-0.1598441
-0.20049156,-0.1482076
-0.054566447,-0.13837907
-0.015926281,-0.13221681
0.005539297,-0.13030833
0.023849124,-0.12968168
0.039404027,-0.1189575
0.08923505,-0.069348894
0.037330225,0.07555015
0.20613576,0.3841222
0.746055,0.85510874
1.1101319,1.2991649
1.1541872,1.5251617
1.3750474,1.5444992
1.3767182,1.4201243
1.2319734,1.1881344
0.8819618,0.86727357
0.76161677,0.47869897
0.831719,0.06958073
0.67411417,-0.28811654
-1.5169965,-0.51993054
0.8851135,1.0086682
1.282376,1.2355804
1.5806708,1.4668175
1.757847,1.6781063
2.000844,1.8665957
2.0342264,1.9278257
2.2076595,1.8749158
2.0048094,1.7227644
1.6525698,1.5111574
1.5723947,1.27015
1.2421603,0.9932544
0.90129197,0.66729665
0.5814159,0.30339986
0.19574672,-0.03442938
-0.16446488,-0.24742195
-0.34494728,-0.35855883
-0.41283166,-0.42920202
-0.4019316,-0.47930923
-0.38415825,-0.5156814
-0.4435489,-0.5408339
-0.31472847,-0.55601615
-0.57043123,-0.5626446
-0.5320454,-0.5631388
-0.45462093,-0.56122446
-0.58462656,-0.56171626
-0.4336924,-0.5692492
-0.40383786,-0.583786
-0.48740277,-0.59073853
-0.43502688,-0.54873097
-0.41855633,-0.39745164
-0.2599694,-0.08591459
0.28263637,0.38430035
1.0125697,0.8321283
1.4182273,1.0161308
0.8813096,0.89882004
0.43109456,0.5347631
-0.8612662,0.0076377764
-1.9046632,-0.5548549
-2.3083327,-1.0050066
-2.5974529,-1.2761587
-2.2483552,-1.4283764
-1.5818852,-1.517796
1.2457874,1.207983
1.5441504,1.4407206
1.8264374,1.6606647
2.067232,1.8222369
2.2068362,1.9439662
2.2011495,1.9645491
1.9411787,1.9069586
1.7348189,1.773471
1.59234,1.5822074
1.3988062,1.3687695
1.1855373,1.146357
0.82796556,0.9070184
0.66452247,0.64104414
0.4345857,0.36128244
0.22214533,0.124752276
0.21800782,-0.01860357
0.18805821,-0.09407199
0.1761419,-0.13123104
0.23482245,-0.14528802
0.18670627,-0.14596352
0.13131846,-0.13950485
0.19502065,-0.13011658
0.16343133,-0.120858766
0.2164503,-0.11404518
0.2071261,-0.111228265
0.18328248,-0.11204041
0.18260019,-0.11116458
0.20584409,-0.09278173
0.28189272,-0.02106119
0.37653425,0.1660918
0.6798444,0.52318263
1.2561514,0.99737287
1.6114498,1.3743002
1.4066336,1.5365874
0.9186976,1.529252
0.05082926,1.4071606
-0.647462,1.194133
-1.0101917,0.89887774
-0.90327847,0.5342127
-0.5304736,0.14120767
-0.124536164,-0.20656514
-0.72687155,-0.4279427
1.0628843,1.1981053
1.3101406,1.4562061
1.5866106,1.683426
1.8561527,1.8474512
1.9670458,1.9655275
1.8398149,1.9815872
1.7596468,1.9212818
1.5183474,1.7883582
1.4483029,1.6004682
1.2955176,1.3905175
1.059136,1.1723604
0.78625464,0.9395549
0.4386069,0.681352
-0.004652524,0.407045
-0.08712204,0.16875559
-0.19124615,0.020616613
-0.1500958,-0.056731798
-0.18239921,-0.093959115
-0.22592515,-0.10672615
-0.16736634,-0.105339475
-0.22382644,-0.09672267
-0.18309845,-0.08544382
-0.24013898,-0.074587025
-0.26994258,-0.06630049
-0.2849869,-0.061898954
-0.21439879,-0.060871907
-0.027759342,-0.05801163
-0.043865833,-0.038169883
-0.10970186,0.0321419
-0.022525288,0.21036577
0.28931183,0.54669154
0.85858494,0.9999554
1.2644416,1.3832697
1.3813562,1.5733886
1.6078005,1.6090168
1.7599685,1.5460229
1.6034969,1.4076359
1.2195843,1.1974897
0.89419746,0.91354823
0.98494595,0.56291837
1.3939377,0.18560544
0.010312549,-0.13973513
1.5944113,1.4861665
1.9427155,1.7573532
2.1606607,1.9495969
2.2082927,2.0739133
2.1242523,2.0819547
1.8643373,2.0072246
1.8209606,1.8570031
1.6941552,1.6365826
1.3639514,1.3898702
1.1199154,1.139957
0.8567496,0.8783915
0.6091293,0.59443784
0.29517612,0.30328727
0.12059615,0.06704276
-0.00867183,-0.072547056
-0.17630708,-0.14800847
-0.124987386,-0.18724754
-0.10144345,-0.20447594
-0.105089225,-0.20812622
-0.17771757,-0.2033323
-0.10568836,-0.19398654
-0.17918213,-0.18353555
-0.17815326,-0.17492956
-0.07261371,-0.17037046
-0.16342138,-0.17031041
-0.1390631,-0.17091778
-0.070856735,-0.15908587
0.07090333,-0.10266466
0.120618545,0.05847507
0.16880065,0.3884859
0.5416573,0.8624619
0.9507362,1.2678013
0.80163157,1.4417186
0.65344787,1.4067593
0.4981536,1.220115
0.31041855,0.9162493
0.24480605,0.5215411
-0.09954443,0.08542096
-0.1779311,-0.3119516
0.19994426,-0.58735627
0.10523822,-0.73289895
-1.07672,-0.8177362
1.0740601,1.0669484
1.3362561,1.3188194
1.5177453,1.553127
1.6697284,1.7377756
2.0626757,1.8988178
2.0043223,1.9516475
1.9830416,1.9149992
1.9371357,1.7990187
1.6297926,1.6205761
1.5260054,1.4106649
1.1659024,1.1832343
0.86175305,0.93188107
0.57737833,0.64836884
0.22259073,0.34914616
-0.06690884,0.09680831
-0.13024348,-0.052706175
-0.120240524,-0.12921685
-0.1801338,-0.16695005
-0.27781057,-0.1817407
-0.21734095,-0.18300265
-0.2339247,-0.1762715
-0.29526192,-0.16528404
-0.25206143,-0.15343904
-0.24442346,-0.14399815
-0.3162371,-0.13946861
-0.19498725,-0.14022908
-0.31039807,-0.1423004
-0.26573277,-0.13412505
-0.14008664,-0.08959619
0.22615394,0.04166662
0.9399898,0.3178005
1.4261245,0.7343134
1.1953224,1.153461
1.115582,1.410216
1.1772591,1.4989618
1.0045215,1.4829202
0.45018524,1.3976493
0.36496544,1.247911
0.8969738,1.0243421
0.9357581,0.7202562
-0.091132835,0.3574939
-1.4585334,0.0065099224
1.2370672,1.1682525
1.3690034,1.4076862
1.5911518,1.632645
1.79741,1.7997609
1.9343841,1.930613
1.8828362,1.956305
1.800428,1.8994467
1.6799974,1.7635425
1.5403384,1.5665123
1.2337049,1.343781
0.99885863,1.1073842
0.7672946,0.84942025
0.3451956,0.5651059
0.002370703,0.27694324
-0.1686618,0.050492637
-0.21654594,-0.07907436
-0.22190653,-0.14748049
-0.2736027,-0.1816755
-0.253274,-0.19546503
-0.24804257,-0.19699568
-0.27357545,-0.19104445
-0.32411718,-0.18119696
-0.3438487,-0.17092872
-0.2768281,-0.16351852
-0.28419036,-0.16130984
-0.3480215,-0.1641134
-0.22332256,-0.16672298
-0.095957585,-0.15494877
-0.19606073,-0.09684772
-0.118338615,0.0648657
0.25645548,0.38291454
0.866673,0.82306683
1.0346736,1.2099893
0.80048233,1.4095912
0.85758567,1.4489738
0.83154523,1.3874016
0.7688401,1.2497287
0.5970256,1.0354488
0.75716573,0.73954093
1.3072443,0.37921727
1.1445091,0.016602866
-0.47738066,-0.2532366
1.062394,0.86244017
1.2999128,1.09475
1.5350094,1.356389
1.7830288,1.6068773
1.9436637,1.8435344
1.846787,1.9519196
1.8064511,1.9425004
1.7310777,1.8393943
1.4108043,1.6717966
1.012389,1.4656508
0.7273236,1.2229787
0.43222085,0.9304724
-0.113870285,0.5824144
-0.47460547,0.207223
-0.603901,-0.10544952
-0.65113413,-0.2765884
-0.6835638,-0.3643993
-0.63812464,-0.41848505
-0.61295915,-0.4530943
-0.70737165,-0.47392213
-0.7202718,-0.48319447
-0.7098249,-0.48216075
-0.647612,-0.4728189
-0.73156697,-0.45876116
-0.68711936,-0.44509524
-0.6547419,-0.4376771
-0.73299974,-0.44050756
-0.6792395,-0.4499922
-0.66434324,-0.44432744
-0.49620163,-0.37044975
0.04988357,-0.15738681
0.6872553,0.24072859
0.65360636,0.75915635
0.66498923,1.1547849
1.1676258,1.2969648
1.3591765,1.2274607
1.1380358,1.0028605
0.7124653,0.6598916
0.97399,0.23579377
1.3755144,-0.20526153
0.8309713,-0.58369595
-1.6813223,-0.8327254
-0.13452707,0.2527762
-0.040896323,0.19379064
-0.10811553,0.1749615
-0.18003626,0.21114269
-0.17419346,0.2951456
-0.199128,0.4098363
-0.16076456,0.54971963
-0.142923,0.7304869
-0.14762214,0.9190097
-0.14667465,1.0756947
-0.07029362,1.1949226
0.046093013,1.2789855
0.043654658,1.3228455
0.28755182,1.3077006
0.6089381,1.2045281
0.76611155,0.99255085
1.0098722,0.68327826
1.337343,0.32576883
1.3610214,0.023897044
1.3156555,-0.14556643
1.1525764,-0.23205099
0.8975758,-0.28397673
0.67788583,-0.31848836
0.20392545,-0.34346586
-0.238026,-0.3628002
-0.4106263,-0.37871134
-0.44949844,-0.39296526
-0.34470806,-0.4079124
-0.42816633,-0.42635658
-0.38387135,-0.44599867
-0.4034481,-0.4423882
-0.36077836,-0.3582014
-0.38899845,-0.13233307
-0.5056748,0.25554156
-0.14196531,0.680565
0.60687864,0.88158834
0.6839877,0.7511202
0.52824354,0.33063418
0.690468,-0.26153895
0.5006374,-0.8311596
0.21715803,-1.2139581
0.3922788,-1.4160439
0.3866278,0.18702638
0.58843625,0.12114663
0.8160392,0.12629694
1.3863133,0.20520377
1.4099609,0.3336556
1.5453334,0.48568618
1.8877587,0.6650177
1.6049165,0.8721945
1.6718708,1.046133
1.3276243,1.169034
0.91576403,1.246473
0.6888267,1.2800416
0.31019786,1.2563982
0.27899355,1.1472375
-0.45923752,0.9276577
-1.3724691,0.604162
-1.2276542,0.21631438
-0.7321716,-0.14206423
-0.9215563,-0.35563725
-1.3814489,-0.46862224
-1.2905581,-0.54552174
-1.0992877,-0.6037031
-1.2362372,-0.64848727
-1.2837176,-0.68249094
-1.0646768,-0.70785725
-1.0920236,-0.7269504
-1.1395438,-0.7427482
-1.2192924,-0.75821626
-0.9523028,-0.7736258
-0.9881342,-0.7810338
-0.9898371,-0.75589824
-0.4472319,-0.6584866
0.6801891,-0.44815135
0.85810417,-0.0965538
0.20570466,0.35870963
-0.10156011,0.698751
0.003009379,0.73394215
-0.41829833,0.46419907
-0.5309761,-0.031024098
-0.14307392,-0.5998496
1.1042668,-1.0611287
0.1270292,-1.3433268
0.41035658,0.48780233
0.57042253,0.5029651
0.83384585,0.598747
1.0645214,0.75114375
1.2024547,0.93284035
1.3923022,1.1336081
1.6055251,1.3628285
1.7756116,1.5468786
1.8381345,1.6615772
1.7888283,1.7194018
1.643193,1.7274256
1.5310874,1.6899061
1.2328019,1.6075329
1.0391403,1.4762638
0.6148803,1.2891701
0.31997076,1.0419121
0.08499703,0.7433115
0.042756,0.43396878
-0.04880636,0.19092107
0.03600376,0.06001378
-0.03428763,-0.0012152717
-0.026210526,-0.028825946
-0.009224399,-0.037612267
-0.030234499,-0.037475325
0.08401824,-0.03457219
0.04444898,-0.032048263
0.07529924,-0.03158424
0.05850153,-0.034240134
0.116351955,-0.038718887
0.1602273,-0.036551796
0.16161956,-0.0047304407
0.56440413,0.102839835
1.2581972,0.3490058
1.5989217,0.7539647
1.5245488,1.2056389
1.5202094,1.5108986
1.1870688,1.6333306
0.8279433,1.6345354
0.69758517,1.5576669
0.978845,1.4168924
1.6538062,1.2122065
-0.032244857,0.94024765
0.88509184,0.79533714
1.0112649,0.9460815
1.2503737,1.1536443
1.3404347,1.3714287
1.6646687,1.5967188
1.8291534,1.7891275
1.5763689,1.871949
1.6550157,1.8663316
1.5778407,1.7860624
1.3253813,1.6496483
1.0792837,1.4765995
0.8500115,1.2725658
0.6317657,1.030567
0.38698506,0.74428785
0.016296357,0.4288227
-0.2636913,0.14385498
-0.1956477,-0.034061052
-0.23619205,-0.12110544
-0.23473671,-0.16292089
-0.24629404,-0.17906138
-0.28029603,-0.18049377
-0.30871668,-0.17395023
-0.32302794,-0.16370502
-0.251364,-0.15295848
-0.24191642,-0.14447975
-0.29123718,-0.14056262
-0.19555041,-0.14174712
-0.22968075,-0.14397013
-0.23782861,-0.1341734
-0.25195122,-0.08200271
-0.1042436,0.069283776
0.12201466,0.38012302
0.69526833,0.8326262
1.0183908,1.2532332
0.91270506,1.4835598
1.2236725,1.5410548
1.544786,1.4892123
1.5200261,1.3597951
1.3305867,1.159095
1.0960124,0.88491297
1.6135601,0.54450524
1.5920883,0.1778217
1.1598879,1.2274562
1.2473067,1.4607067
1.4137483,1.6766843
1.6424415,1.8203624
1.638376,1.9338372
1.6358628,1.9558539
1.6107583,1.9098003
1.453895,1.7995598
1.3553585,1.6323687
1.1895841,1.4376993
1.0688756,1.236448
0.8234125,1.0285045
0.6537845,0.8038191
0.35274673,0.5595825
0.16200857,0.32373893
0.13612387,0.15182322
0.13480267,0.055731423
0.09436424,0.007294886
0.13728286,-0.011655845
0.12043381,-0.012691192
0.18907349,-0.0043805614
0.18239798,0.0072905943
0.15936849,0.018557064
0.22802143,0.027296387
0.17239402,0.032558583
0.1887868,0.035105847
0.15772939,0.040009134
0.243364,0.061667375
0.21549056,0.13071501
0.26265475,0.29655176
0.55456924,0.59752357
1.0134873,1.0005348
1.2785631,1.3627732
1.3263885,1.5704224
1.3630058,1.6457129
1.3513927,1.6395152
1.3155243,1.5774546
1.2019831,1.4627528
1.1000855,1.2869887
1.1975168,1.0388714
1.4738834,0.7167903
0.5546623,0.35345256
0.95532644,0.8213364
1.1509768,0.9950173
1.395031,1.214211
1.6416479,1.4336357
1.8792889,1.6579757
2.0565002,1.8305141
1.8913064,1.8925121
1.7549615,1.8674942
1.600713,1.7688673
1.4986966,1.6171765
1.268566,1.4315727
1.0315752,1.2154064
0.63113797,0.96041536
0.24049127,0.6627397
-0.046804283,0.3462833
-0.24032336,0.08244828
-0.2714438,-0.06790038
-0.35163617,-0.14118323
-0.42104158,-0.17578962
-0.316156,-0.18796128
-0.3534508,-0.18728724
-0.35013092,-0.17954534
-0.3128097,-0.16857591
-0.39355433,-0.1575414
-0.3516406,-0.1493175
-0.25878352,-0.14613855
-0.26005855,-0.14800656
-0.33506653,-0.14975908
-0.12388355,-0.13652647
-0.06775877,-0.07468627
0.061587945,0.0955674
0.73984146,0.42881536
1.3315935,0.8876473
1.2800105,1.2858748
1.3894185,1.4897839
1.5902307,1.5320445
1.4386245,1.473468
0.7465004,1.3408418
0.7449909,1.1371238
1.1076869,0.8582797
0.81147397,0.51254165
-1.2303826,0.14465588
1.4285145,1.0644517
1.8249393,1.3544704
2.1959898,1.6032383
2.2114658,1.8302252
2.129694,1.9658303
1.9635603,1.960613
1.7786407,1.8396337
1.6827317,1.6356518
1.2322233,1.391249
0.8701203,1.1092633
0.5698455,0.77362204
0.33423758,0.38532245
-0.09165584,-0.0092624575
-0.39820272,-0.29668543
-0.5735006,-0.44833797
-0.63012564,-0.54698455
-0.760062,-0.6228332
-0.8227906,-0.6843947
-0.82242835,-0.73725784
-0.8545537,-0.7843394
-0.90067345,-0.8254593
-0.7542358,-0.8586409
-0.77693087,-0.88225913
-0.7665868,-0.89634854
-0.8439441,-0.9018141
-0.7941952,-0.898242
-0.8148042,-0.88045675
-0.7781741,-0.8287531
-0.75309527,-0.70657057
-0.56597686,-0.4745785
-0.061366253,-0.10681417
0.6990716,0.3581056
1.0789666,0.70529205
0.7523079,0.7602352
0.03004794,0.53290236
-0.9874795,0.09157073
-1.6691751,-0.44940606
-2.1880589,-0.9324695
-2.2502024,-1.2592885
-2.051268,-1.442692
-1.6810722,-1.5420591
-2.2301989,-1.5940936
0.07157416,0.3943267
0.19192666,0.3796968
0.28576326,0.39096868
0.38990998,0.46057796
0.41177136,0.58545077
0.53478235,0.7538756
0.6444698,0.97039354
0.7319308,1.1816468
0.7013301,1.3218791
0.64982045,1.3876588
0.57873374,1.3934269
0.45906648,1.3480971
0.418376,1.2419403
0.3068295,1.0540353
0.20055802,0.7783569
0.068009965,0.44087332
-0.09656414,0.11187809
-0.24415389,-0.106188186
-0.28585458,-0.21761107
-0.30152044,-0.2816674
-0.31786624,-0.32291278
-0.27681655,-0.35143003
-0.29088157,-0.3719313
-0.27173695,-0.3871313
-0.27263266,-0.3991686
-0.32382634,-0.41003358
-0.3200043,-0.42215714
-0.30042085,-0.43840623
-0.3071924,-0.457895
-0.2983257,-0.461638
-0.308295,-0.3991236
-0.21335767,-0.20991996
-0.12041284,0.13785058
0.11042484,0.5685951
0.35349554,0.83411264
0.3383592,0.77389944
0.6031598,0.4061836
0.8148359,-0.1651569
0.8027209,-0.7575674
0.6163795,-1.1813273
0.45896006,-1.4076247
0.5631043,-1.5269259
1.1997948,0.93400407
1.2536896,1.1682609
1.4830906,1.4204322
1.6089063,1.6468163
1.9583777,1.8585148
2.0035548,1.9517057
1.8936318,1.9365954
1.8770078,1.8309294
1.6913037,1.6567934
1.442564,1.4425268
1.0852592,1.196584
0.8369484,0.91145635
0.49992335,0.5847715
0.07149485,0.24257246
-0.25001636,-0.036244832
-0.33566213,-0.19015515
-0.3746259,-0.26797602
-0.38903186,-0.31040058
-0.5387059,-0.33260387
-0.573204,-0.34172416
-0.51562476,-0.3407454
-0.6443431,-0.33150503
-0.618281,-0.31682453
-0.5298103,-0.30095986
-0.52559125,-0.28880847
-0.5387084,-0.28424877
-0.5634314,-0.28743824
-0.4165915,-0.29141724
-0.42270783,-0.27528983
-0.45646656,-0.1916076
-0.08127345,0.026883118
0.57637346,0.41347116
0.8120268,0.88013005
0.6556312,1.222614
0.9102983,1.3628771
1.0523988,1.3550414
0.95867956,1.25107
0.6582936,1.0672505
0.72256655,0.8020445
1.1991099,0.4634905
0.7938446,0.096041285
-1.5729192,-0.2172162
1.3805577,0.9947367
1.6059963,1.2799733
1.7059776,1.5490971
2.079289,1.7686775
2.3178353,1.9503744
2.5153863,2.0100577
2.5051277,1.9767761
2.276356,1.8680711
1.7115911,1.7030754
1.7147489,1.504832
1.5264592,1.2836704
1.0406568,1.0353842
0.2440214,0.75126004
-0.39117113,0.44079232
-0.48340836,0.157884
-0.44182464,-0.02244132
-0.3149366,-0.11052895
-0.46284133,-0.15144372
-0.42118546,-0.164935
-0.5283924,-0.16217312
-0.47652116,-0.1503137
-0.376902,-0.13406849
-0.18776327,-0.117092974
-0.3605885,-0.10253779
-0.29769906,-0.09276611
-0.10819842,-0.08828766
-0.31783855,-0.08572448
-0.37049112,-0.07483906
-0.31844363,-0.032912977
-0.075663544,0.0839478
0.14479128,0.331296
0.3947829,0.71789265
0.8111338,1.1433566
0.7470613,1.4428079
0.8177013,1.5784521
1.1375767,1.6073433
1.1365397,1.5733819
0.976689,1.4903039
0.95991343,1.3538616
1.2041751,1.1524999
1.9001477,0.87641215
0.9618815,0.53576684
0.445308,0.71946204
0.4353967,0.8189665
0.50308067,0.9779922
0.52019876,1.1668468
0.6304215,1.3685462
0.7259039,1.5894992
0.9154256,1.7319622
1.3395109,1.7854748
1.2985324,1.7655939
1.1790805,1.6841991
0.83189386,1.5582913
0.690889,1.3983948
0.6936708,1.2017752
0.58918536,0.95928705
0.7094797,0.6710376
0.5668182,0.36811167
0.3440681,0.12462964
-0.0032299056,-0.010946907
-0.05558576,-0.077913664
-0.110458635,-0.10969446
-0.054467253,-0.12142614
0.0064613745,-0.122809716
-0.024145514,-0.11977846
0.0018665966,-0.11573783
0.002721012,-0.11284066
0.04273229,-0.112858154
-0.009161035,-0.11685393
0.040146653,-0.12267012
0.027832313,-0.11999107
0.1100258,-0.08193795
0.26475993,0.045523606
0.62521726,0.33122
1.4764136,0.7825507
1.7641114,1.2355852
1.8931586,1.4933593
2.2784936,1.5542619
2.5237582,1.4841716
2.0252895,1.3203855
1.0932109,1.0753872
0.7090349,0.7553313
0.5328557,0.38117814
-1.0974091,0.006897934
1.7494271,1.2000103
1.4981362,1.5444608
1.2325618,1.7810373
1.5432936,1.9722214
1.8556577,2.0486693
1.9630476,2.0081105
2.2917058,1.8702435
2.034398,1.6574551
1.5260185,1.4115199
1.2944503,1.1447504
0.8943998,0.841702
0.7889173,0.49471378
0.66889006,0.14520365
0.15228991,-0.10936081
-0.6061298,-0.23963168
-1.0457358,-0.30952963
-0.9234981,-0.35079032
-0.6693127,-0.3752672
-0.65680987,-0.38803008
-0.52282774,-0.39089242
-0.47253212,-0.38521048
-0.7254192,-0.37349212
-0.6653086,-0.359558
-0.8455758,-0.3478968
-0.5029065,-0.34267333
-0.7520003,-0.34561116
-1.105923,-0.35172015
-0.98830146,-0.33960474
-0.817424,-0.2571007
-1.0507605,-0.031889208
-0.60982394,0.3786193
0.5757169,0.879338
0.59187955,1.2161932
0.38119623,1.2886806
0.4961089,1.1409466
0.6474156,0.82701564
0.784022,0.39281815
0.29010504,-0.095572636
-0.0042972527,-0.54485035
0.6689413,-0.8672155
1.052336,-1.0632359
-0.73247665,-1.2012433
0.40200642,0.5742678
0.37116614,0.63624
0.3665904,0.7846027
0.6541817,0.98739266
1.0107962,1.2089037
1.2942445,1.4577556
1.3594006,1.6622975
1.4739617,1.7709382
1.668065,1.799758
2.1179686,1.7595001
2.3552418,1.6602719
2.1521733,1.5078449
2.1234112,1.3004793
1.8120017,1.0359571
1.5534679,0.7192162
1.4020336,0.37561834
1.1302416,0.07946738
0.387945,-0.091384016
-0.16106378,-0.17203304
-0.35334527,-0.21136081
-0.39817122,-0.22767496
-0.33447695,-0.23080412
-0.37425223,-0.22632286
-0.36799708,-0.21783665
-0.30122545,-0.2086299
-0.34409937,-0.20226213
-0.25237638,-0.2018941
-0.31885734,-0.20777094
-0.3762056,-0.21382278
-0.12014975,-0.20303106
-0.26677272,-0.13699016
-0.19988942,0.04756073
-0.14399502,0.39316255
0.09611864,0.8377638
1.1625601,1.2020972
1.5983487,1.3844324
1.0206599,1.4255239
1.1674666,1.3862153
0.78851336,1.2918429
-0.024786895,1.1408627
-0.97793275,0.921967
-0.7522996,0.63294804
1.1701031,1.2280319
1.4149389,1.4929059
1.5900246,1.7137796
1.8026358,1.8743695
1.797769,1.9800117
1.6606131,1.9841461
1.6428366,1.9109809
1.4183367,1.7627165
1.266534,1.5617821
1.089783,1.3429357
0.83831847,1.1164558
0.64683473,0.87258494
0.32737485,0.6019341
0.036870547,0.32374477
-0.02648419,0.101256184
-0.076896764,-0.027392603
-0.024019267,-0.09436039
0.017356405,-0.12612963
-0.027707031,-0.1365436
-0.05476792,-0.13461688
-0.041159544,-0.12617731
-0.027628463,-0.115231015
-0.007393273,-0.10478068
-0.004543244,-0.09709064
0.061469328,-0.093536
-0.0036823219,-0.09341244
0.0016969907,-0.0909811
0.06809068,-0.07000197
0.13407648,0.005555056
0.27624848,0.19675463
0.67592114,0.5537416
1.2141676,1.0212247
1.226016,1.3927052
1.2685592,1.5579323
1.4347491,1.564008
1.4018072,1.4645892
1.2754549,1.2809165
0.9705733,1.0176474
1.0531491,0.67915684
0.9691592,0.2924205
0.090333514,-0.076763846
-1.9275867,-0.34007835
1.1123397,1.095843
1.2246068,1.3273631
1.2970513,1.5502045
1.526471,1.708267
1.6322446,1.8573016
1.683949,1.9192128
1.6905166,1.9021256
1.6056063,1.8181744
1.4846445,1.6737237
1.2712919,1.4946539
1.1187705,1.3043603
0.92218816,1.1061323
0.6165088,0.88970876
0.370065,0.6472255
0.25275686,0.39755547
0.13765329,0.19658029
0.12980543,0.07890081
0.15152094,0.018687926
0.21116893,-0.00768853
0.24644756,-0.013312228
0.17973463,-0.0076555684
0.13250096,0.0026090667
0.23575921,0.01329378
0.17613111,0.022087328
0.19777943,0.027804516
0.22562312,0.030295126
0.26511163,0.03232976
0.16878526,0.0444709
0.22808559,0.09262142
0.2532415,0.2245346
0.42278576,0.4945321
0.85675305,0.9021882
1.3021961,1.3186682
1.28356,1.5776286
1.3943764,1.6738377
1.4698515,1.6648295
1.4055679,1.5833302
1.1290439,1.4375451
1.0333945,1.2246536
1.0021183,0.93974805
1.0797354,0.5891727
-0.5353238,0.21492136
0.6552241,0.57299995
0.9389929,0.6547924
1.0898154,0.8091465
1.2394989,1.023143
1.4463146,1.262454
1.674071,1.5277766
1.7592102,1.7160487
1.742576,1.7966102
1.571725,1.7892741
1.2659097,1.7109227
0.9798059,1.5777116
0.6838739,1.3948731
0.5203576,1.154733
0.16547716,0.8501092
-0.1766537,0.49324393
-0.49201733,0.13806802
-0.5466126,-0.110272266
-0.5417515,-0.23022068
-0.583646,-0.29124343
-0.66495717,-0.32426193
-0.62509257,-0.34072027
-0.5916642,-0.34597346
-0.7349509,-0.34270594
-0.6098767,-0.33346406
-0.6758414,-0.32162613
-0.59422714,-0.31132925
-0.60146785,-0.30687025
-0.53444,-0.31058756
-0.53206676,-0.31870905
-0.41553313,-0.31330296
-0.22591151,-0.24719584
0.32783347,-0.04691734
1.0327578,0.3373962
0.86071014,0.8348243
0.86939657,1.2125397
1.1285344,1.3569825
1.1741147,1.3136661
0.973058,1.1385007
1.1327674,0.85986555
1.7306454,0.49871624
1.7883028,0.09935715
-0.002649551,-0.26691186
1.3595575,1.241347
1.698681,1.525567
1.9345533,1.746032
2.005894,1.9225659
1.9662598,2.0073636
1.9374442,1.9783485
1.7287287,1.8518457
1.4865483,1.6418929
1.4137757,1.3974105
1.1718833,1.1384492
0.9553085,0.8503789
0.64604485,0.52184045
0.38360336,0.1796925
0.023286477,-0.08894978
-0.2461956,-0.23656172
-0.45326614,-0.31819573
-0.3465331,-0.36922354
-0.4422117,-0.40266266
-0.44161606,-0.42375442
-0.48812383,-0.43447587
-0.47530913,-0.4364711
-0.43556318,-0.43232703
-0.39242423,-0.42550966
-0.41833186,-0.4199552
-0.37379342,-0.41976482
-0.26740953,-0.42755046
-0.4390818,-0.43877745
-0.4121878,-0.42836446
-0.40548232,-0.33948126
-0.27129602,-0.105319105
-0.00033635617,0.30577332
0.6294103,0.7794924
1.2144905,1.0490285
1.1472148,1.0032301
0.7562103,0.67802805
0.08624808,0.15793517
-0.83651304,-0.42996985
-1.5035615,-0.92478776
-1.9821784,-1.2303307
-1.8999641,-1.3994615
-1.1640698,-1.5005015
-1.2809421,-1.5593164
1.0866383,1.1634152
1.2954736,1.3904513
1.4193822,1.610689
1.6570281,1.7517154
1.7440093,1.879514
1.7153766,1.925879
1.6375349,1.9051912
1.5863345,1.8293285
1.4884522,1.7007042
1.3236798,1.5383124
1.0747274,1.3640924
0.8849075,1.185455
0.66252726,0.9973558
0.40324712,0.79089206
0.35346022,0.569031
0.30176252,0.36407572
0.31983143,0.22304305
0.29734716,0.14758658
0.31631783,0.11282598
0.29027346,0.103539385
0.35061762,0.10961763
0.35716918,0.1234787
0.3185776,0.13982916
0.36367705,0.15556508
0.35582352,0.1695419
0.4022113,0.18231836
0.40561843,0.1968773
0.4098603,0.2216557
0.44628596,0.27596748
0.57398397,0.39350373
0.80796534,0.61133087
1.2552309,0.93540597
1.4445928,1.2865568
1.4693618,1.5432618
1.7564976,1.6789937
1.7176156,1.7240901
1.4793624,1.7081023
1.1532445,1.6461911
0.998952,1.5388143
1.4167734,1.3773131
1.284946,1.1513675
-0.076475784,0.85928017
0.19326225,0.2449716
0.20987052,0.24490348
0.27009392,0.34862557
0.47057787,0.52134466
1.0039763,0.7247002
1.1546772,0.94033504
1.3136708,1.1911557
1.4668549,1.4337969
1.7011603,1.6099203
2.0932124,1.7243567
2.2166712,1.782777
2.0606208,1.7848662
1.9719175,1.7264966
1.7368299,1.599509
1.2492311,1.3909583
1.0169858,1.0923351
0.74520594,0.71754587
0.103079826,0.31691605
-0.43915167,-0.0012743622
-0.4820043,-0.16359973
-0.34345782,-0.2321204
-0.38380036,-0.2630216
-0.37475774,-0.273058
-0.4328545,-0.27097988
-0.38413146,-0.26182345
-0.40500957,-0.24907786
-0.34596765,-0.23623404
-0.3366439,-0.22731131
-0.41459554,-0.22562766
-0.4322966,-0.2302613
-0.431839,-0.23182905
-0.3029222,-0.20553005
-0.39333117,-0.09944532
-0.13212015,0.15306997
0.9768811,0.56562585
1.4377248,1.0201247
1.3453516,1.3330073
2.0297842,1.4648519
2.2402472,1.4788786
1.5084795,1.4259329
-0.07387883,1.3222665
-0.11737555,1.1637467
0.14596933,0.25096023
0.2880173,0.25446022
0.63160884,0.3593857
0.7918485,0.53166926
1.0293579,0.7332629
1.2897198,0.94436
1.3875188,1.1864823
1.5838062,1.4290459
2.013288,1.6097043
1.9769001,1.7314086
1.905268,1.8000587
1.6975939,1.8159378
1.5262831,1.7765825
1.3124244,1.6771861
1.046378,1.50833
0.82830554,1.2590184
0.39260563,0.9322151
-0.14898749,0.55675554
-0.2114269,0.20805243
-0.1621962,-0.017254345
-0.28240734,-0.11540354
-0.3398174,-0.15563545
-0.25239882,-0.16699883
-0.18041533,-0.16210562
-0.15129033,-0.149391
-0.3384431,-0.13421208
-0.30005404,-0.12017367
-0.32024,-0.11028371
-0.30034924,-0.10652981
-0.14645925,-0.107234456
-0.20660824,-0.10374705
-0.0025047956,-0.076406814
0.40813854,0.013555966
1.1972325,0.22243375
1.8202063,0.57410884
1.6784053,0.9978335
2.112603,1.3390812
2.2206912,1.5211182
2.144253,1.5845253
0.9083696,1.5832182
0.40539682,1.5428586
1.2111784,1.4664297
1.0088685,1.0848932
1.1603149,1.323015
1.4737438,1.5532229
1.6803317,1.7363023
1.8700857,1.8954394
1.8805931,1.9448481
1.8745933,1.9023578
1.7841585,1.7759022
1.5767735,1.5852507
1.315065,1.3653398
1.0157379,1.1279607
0.8019879,0.8642774
0.47601527,0.5686312
0.11866008,0.2648459
-0.1288649,0.023975186
-0.3316476,-0.11193874
-0.34913716,-0.18287715
-0.32794464,-0.21925846
-0.30825222,-0.23533037
-0.33538288,-0.23890308
-0.46710348,-0.23414034
-0.42745283,-0.22415411
-0.38963422,-0.21234643
-0.38243657,-0.20231196
-0.36970416,-0.19713303
-0.37558106,-0.19798923
-0.40455398,-0.20177439
-0.309953,-0.19735861
-0.35263416,-0.15718707
-0.22077988,-0.026433565
-0.015718797,0.25905842
0.54797614,0.6978617
0.9424669,1.1296709
0.8909481,1.3725146
1.1960242,1.4244008
1.4371746,1.3477342
1.2583385,1.176702
0.85532576,0.9192357
0.8026452,0.58138293
0.83592266,0.19711289
0.70046586,-0.1600845
-0.89057523,-0.39992288
0.3388606,0.1404458
0.62713915,0.16621009
0.9601131,0.29888082
1.1606069,0.501581
1.2498293,0.7330966
1.3658899,0.9829098
1.667579,1.2663134
2.171808,1.495468
2.432993,1.6395677
2.2552261,1.7182891
2.058347,1.7456234
1.9118861,1.7247233
1.7383075,1.6500864
1.4237444,1.5063388
0.99942493,1.2673342
0.5216773,0.9165659
-0.217553,0.47869492
-0.72740984,0.036612563
-0.78994685,-0.27229857
-0.75757504,-0.41468415
-0.8388386,-0.4899068
-0.857853,-0.53873146
-0.8371459,-0.57009816
-0.77117133,-0.58779985
-0.8268956,-0.59393835
-0.71812135,-0.59078324
-0.82341,-0.58212435
-0.87087744,-0.5739277
-0.86363137,-0.5734541
-0.8966451,-0.58363515
-0.8068922,-0.5918833
-0.856697,-0.5570526
-0.80098504,-0.4137126
-0.29199466,-0.10486025
0.19886598,0.3773477
0.22414412,0.89370203
0.85242,1.2152629
0.87512225,1.3163178
1.1877586,1.2711293
0.7523631,1.1319022
0.5222479,0.91976655
1.1157111,0.64205325
0.13347983,0.24594596
0.24267894,0.21215254
0.28232527,0.27857053
0.22135717,0.4191218
0.23573324,0.59914315
0.36514434,0.8003031
0.3928656,1.043278
0.5575154,1.2899911
0.95320946,1.4750526
1.1558138,1.5964346
1.2436483,1.6598868
1.2332617,1.6658794
0.8804944,1.6075308
0.4725973,1.469794
0.5463511,1.2333989
0.6995091,0.8936329
0.7841694,0.4781471
0.43613985,0.066457085
0.10675503,-0.20733666
-0.35750124,-0.3303287
-0.58482796,-0.3953074
-0.560323,-0.4362918
-0.37933943,-0.46241558
-0.36921808,-0.477133
-0.5188979,-0.48245314
-0.4846429,-0.48112255
-0.41437477,-0.47708
-0.38627723,-0.47559714
-0.3247919,-0.48262328
-0.27332303,-0.4995572
-0.30054826,-0.5097401
-0.18793155,-0.46193016
-0.07853476,-0.28435948
0.40077153,0.07451593
1.6430758,0.5814086
1.7416877,1.0099459
1.8802474,1.1792543
1.8705782,1.1074767
1.5249174,0.85271376
0.35722664,0.46496552
-0.48993668,0.0066711977
0.23282886,-0.4372341
0.76650596,0.69133294
0.94090444,0.7943072
1.069561,0.9697639
1.1824508,1.1825964
1.4283285,1.4069257
1.6830927,1.6400646
1.8664416,1.7793694
1.9275224,1.8229203
1.741508,1.7867252
1.6576012,1.6842755
1.4958696,1.5317364
1.4075466,1.3357866
1.0957513,1.0928175
0.7894609,0.80088675
0.39735973,0.4733646
-0.023200728,0.16182321
-0.12308397,-0.046838753
-0.11213955,-0.1500682
-0.16962494,-0.2016114
-0.23592599,-0.2255168
-0.1198458,-0.23342815
-0.0691376,-0.23182794
-0.13496129,-0.22454247
-0.1728877,-0.21477458
-0.19709256,-0.20592964
-0.16535698,-0.20145258
-0.13389868,-0.20344046
-0.14244696,-0.20987222
-0.13568732,-0.21112704
-0.02606599,-0.18302017
0.030525729,-0.0752152
0.6282853,0.17724213
1.3110925,0.58651453
1.1951243,1.0276557
1.041915,1.316062
0.96027386,1.420791
0.48426178,1.405241
0.054796185,1.3140563
0.093023434,1.157417
0.60408384,0.92896795
0.6896891,0.62713444
-2.1316159,0.2804054
1.3441901,1.1375439
1.4968843,1.4204996
1.5796267,1.6507149
1.9701902,1.8381823
2.0427887,1.9674616
2.0019112,1.9794188
2.0385013,1.8955276
1.680191,1.7253085
1.4857445,1.5065775
1.1878042,1.2717261
0.93951464,1.0179234
0.66344047,0.7275238
0.37424782,0.40224695
0.006325079,0.097204514
-0.26872733,-0.10199211
-0.40725046,-0.20420897
-0.45969695,-0.25945565
-0.42400223,-0.289036
-0.39863336,-0.30301493
-0.3531405,-0.30621946
-0.39305252,-0.30137846
-0.55406153,-0.2913214
-0.5881062,-0.27938393
-0.49157843,-0.268904
-0.36605033,-0.26279032
-0.40174496,-0.26254326
-0.54518247,-0.26549682
-0.43326378,-0.25829923
-0.34962147,-0.20334238
-0.20420493,-0.032269128
0.17108065,0.31979954
0.8655689,0.8170059
1.1210815,1.2172137
1.1229311,1.3454747
1.1715412,1.2199261
0.8094972,0.90222704
0.34679565,0.45127362
-0.30405402,-0.06193424
-0.12377364,-0.5389435
0.41056243,-0.8896683
0.4955057,-1.102228
-1.6782144,-1.2461137
0.5639701,0.6611833
0.7054025,0.74361277
1.0812843,0.8797505
1.244689,1.0587115
1.4843397,1.259869
1.6178768,1.4909174
1.9779149,1.6585114
2.1130772,1.7306222
2.0557241,1.7217915
2.007188,1.644847
1.6579996,1.5180907
1.4249156,1.3512498
1.171738,1.1390582
0.77215815,0.87339026
0.32273057,0.56206334
-0.1519425,0.24946234
-0.28373444,0.021120273
-0.36960968,-0.09795583
-0.43621036,-0.15872014
-0.39445302,-0.18934938
-0.36682212,-0.2029579
-0.40097615,-0.20711508
-0.50495505,-0.20618948
-0.42284244,-0.20315057
-0.3714656,-0.20047188
-0.3672277,-0.20056093
-0.37768757,-0.20533592
-0.40277162,-0.21390626
-0.4212403,-0.21784562
-0.32715473,-0.1915681
-0.17199442,-0.07893788
-0.04059814,0.19453335
0.49460444,0.6477986
1.1588587,1.1147988
1.1255119,1.3704687
1.0128372,1.3937309
0.619557,1.2455504
0.15524743,0.9700031
0.10055431,0.5958297
0.30331618,0.16712594
1.2718726,-0.24203768
-1.0645124,-0.54976964
0.4735841,0.6536835
0.61539245,0.7246248
0.93023884,0.8541071
1.1749253,1.0234063
1.3363948,1.2102954
1.4790019,1.427655
1.6222631,1.6074626
1.8765392,1.7008837
1.8763384,1.7228215
1.8762653,1.6830494
1.7604575,1.5942936
1.5385042,1.4669514
1.3499516,1.3006501
1.0481118,1.0873811
0.7090507,0.8229054
0.17749162,0.52405536
-0.015293462,0.24815768
-0.23238875,0.06841976
-0.20823924,-0.022439875
-0.2919871,-0.06839538
-0.28215903,-0.089502595
-0.22153787,-0.097415544
-0.17695402,-0.09954766
-0.14565575,-0.099993
-0.20954111,-0.10093007
-0.1994929,-0.103933044
-0.17881341,-0.11026917
-0.092337966,-0.1189437
-0.17564663,-0.121962525
-0.045779847,-0.0962039
-0.094779015,0.007881962
0.053122114,0.26164767
0.5547076,0.6934772
1.4047877,1.1684663
1.5536727,1.4634056
1.4675972,1.5462437
1.380437,1.4825673
0.68911004,1.3156462
0.33453074,1.0617964
0.10463575,0.72984946
1.0041096,0.34422338
-0.62403744,-0.03744483
0.3172184,0.4283067
0.54714096,0.49210364
0.6822336,0.6490102
1.0475616,0.86336875
1.2547506,1.0929806
1.4083068,1.3316212
1.3602874,1.5762477
1.5757447,1.7431114
2.0405526,1.8351924
2.035963,1.8673191
2.0869493,1.8471847
1.8993047,1.778919
1.762356,1.6636127
1.6996105,1.4988871
1.4480662,1.2802948
1.2301744,1.0055473
0.6312465,0.68543124
0.3582667,0.36341652
0.018111799,0.12108313
-0.021487499,-0.0002648905
-0.0003703765,-0.05088427
0.04138161,-0.0664757
0.08705723,-0.0614335
0.12184486,-0.04575435
0.06399688,-0.026435621
0.041733753,-0.00811059
0.0626736,0.006216757
0.055180203,0.015256546
0.08286754,0.020955376
0.10868763,0.030616902
0.18160577,0.059628345
0.19488494,0.13649148
0.23388559,0.3015656
0.61321604,0.5752182
1.1694854,0.9217104
1.2176524,1.2408546
1.6297684,1.4520478
1.7995499,1.5586989
1.904845,1.5979321
1.6494557,1.6026068
1.2418857,1.589659
1.6997325,1.5606167
1.1750096,1.1663051
1.4090624,1.4476136
1.616536,1.681501
1.9323066,1.8594203
2.0656185,1.980087
1.8795224,1.9897559
1.8045633,1.9138966
1.7158139,1.7583935
1.597461,1.5502642
1.3466271,1.3220806
0.98579407,1.0792989
0.69176334,0.8103509
0.38784543,0.5114444
-0.14027283,0.21694422
-0.31320372,0.0026497468
-0.40338603,-0.11238887
-0.5014216,-0.17192769
-0.4462954,-0.20055369
-0.47326085,-0.21071461
-0.46627876,-0.20957896
-0.40795416,-0.2013711
-0.5624027,-0.18948284
-0.55538297,-0.17728794
-0.4310614,-0.16790971
-0.4016775,-0.16358009
-0.4814646,-0.16422212
-0.4537531,-0.16482908
-0.32928184,-0.15074414
-0.2992321,-0.08789278
-0.29907483,0.08484509
0.04071821,0.42463934
0.65679055,0.8935232
0.93984926,1.289789
0.7308708,1.4757831
0.84080374,1.4865646
0.92475665,1.3801337
0.92723465,1.181723
0.79863495,0.8975489
1.0073174,0.53703487
1.614377,0.14069563
1.7211242,-0.21335578
0.037908368,-0.4390621
1.1049471,1.1157134
1.2257091,1.372566
1.5763451,1.5999066
1.7394099,1.7835517
1.8027622,1.9251611
1.8579917,1.9496543
1.8388704,1.876987
1.7090029,1.7137911
1.4480352,1.4927543
1.1721977,1.2489204
0.8553408,0.98250186
0.5771651,0.6817831
0.25334457,0.35443982
-0.123832285,0.055721126
-0.32431018,-0.13523868
-0.46350172,-0.23544103
-0.50384414,-0.29206175
-0.5866374,-0.325165
-0.56214154,-0.34396324
-0.6414541,-0.35219026
-0.6498418,-0.35148063
-0.6623171,-0.3438853
-0.7424319,-0.33273652
-0.70167917,-0.32224864
-0.699441,-0.3166887
-0.73059607,-0.31883717
-0.6615081,-0.32709405
-0.73696554,-0.32983553
-0.66913974,-0.29247746
-0.6903,-0.1502096
-0.32267615,0.15906191
0.32692418,0.6198299
0.55570465,1.0395464
0.40821013,1.2318779
0.7953758,1.2005782
1.1598297,1.0013613
1.212766,0.6725627
0.8366867,0.25301564
0.50239486,-0.18641132
0.51699114,-0.55555815
0.924929,-0.78787833
-0.21489501,-0.928396
1.6772277,1.4180479
1.765333,1.701941
2.04574,1.9051003
2.3175166,2.0472565
2.2286332,2.0614896
2.063586,1.9775639
1.7485144,1.8028817
1.6657611,1.5603578
1.5417653,1.29573
1.1234323,1.0144438
0.840164,0.70349336
0.4825437,0.36609364
0.09885339,0.051514797
0.029567942,-0.15658656
0.01134567,-0.2685111
-0.22170512,-0.33524227
-0.32688335,-0.37814227
-0.30182874,-0.4060691
-0.21645756,-0.42238396
-0.29002756,-0.42873308
-0.2990554,-0.42723992
-0.3551175,-0.4211169
-0.34926373,-0.41441113
-0.30733088,-0.41165936
-0.37353966,-0.41681755
-0.3739156,-0.42960232
-0.34968185,-0.4362895
-0.2916884,-0.39401877
-0.2801104,-0.23448107
-0.06731196,0.09721019
0.5422626,0.5716362
1.3020957,0.966305
1.3884257,1.0840273
0.86658484,0.92176545
0.20585927,0.53844714
-0.85992676,0.016009994
-1.8590599,-0.52379006
-2.3326745,-0.94976264
-2.2816317,-1.2067719
-1.8237474,-1.3607886
-1.117771,-1.4594985
-1.235079,-1.5214679
1.0113945,0.8909545
1.1734505,1.0868261
1.4699155,1.3208092
1.6757815,1.533897
1.8913658,1.7459905
1.8813801,1.8841522
1.8818175,1.9179192
1.7418278,1.8705912
1.5435845,1.7536759
1.3974621,1.588634
1.2093292,1.3944995
0.9399111,1.1740813
0.60182416,0.9196907
0.22240005,0.6287033
-0.14654471,0.32655814
-0.3097194,0.083508424
-0.3085479,-0.05225561
-0.29414594,-0.11895233
-0.29448634,-0.14917448
-0.24498414,-0.15791714
-0.26983172,-0.15458363
-0.17720136,-0.14508179
-0.25392672,-0.1333766
-0.2983718,-0.12259177
-0.29875657,-0.11536396
-0.1905923,-0.113313325
-0.2541464,-0.115219064
-0.32458633,-0.11407084
-0.18937345,-0.09244741
-0.14734258,-0.013626836
0.109693475,0.18156701
0.4536622,0.532272
0.98487,0.9765042
0.94305336,1.3353211
1.0456114,1.5131887
1.2011667,1.5545859
1.1838053,1.5148683
1.0278457,1.4154834
1.1471362,1.2551779
1.7546519,1.0240343
2.059853,0.71746945
-0.095275596,0.36010343
1.0793381,1.1360382
1.5449733,1.4259186
1.6391777,1.6512322
1.8687483,1.8501216
1.9200838,1.9585466
1.751805,1.9335082
1.6363115,1.7918675
1.4774622,1.5629897
1.172218,1.2986861
0.9544349,1.0035139
0.68323004,0.65904784
0.3816647,0.2729326
-0.112180166,-0.08714112
-0.49780566,-0.31543812
-0.6210509,-0.4384896
-0.77416265,-0.524037
-0.86568546,-0.5908281
-0.9169744,-0.6453607
-0.95561135,-0.691689
-0.9331604,-0.7321331
-1.0439982,-0.76703113
-1.1293163,-0.79561186
-0.99544585,-0.8175224
-1.0691121,-0.8336292
-1.0667522,-0.8449616
-1.0715895,-0.85044086
-0.9962813,-0.84391695
-0.90069854,-0.80604064
-0.9266958,-0.70080817
-0.6161445,-0.48894444
0.0025683453,-0.14518052
0.5524838,0.2957507
0.6842394,0.6278895
0.24910334,0.66193056
0.055018056,0.39734936
-0.329358,-0.08564645
-0.84959495,-0.6359665
-1.4110618,-1.0815775
-1.005109,-1.3550801
-0.494524,-1.5014756
-0.5874117,-1.5783046
-2.237829,-1.6169049
1.4569204,1.2601573
1.7022191,1.5602155
1.9304775,1.79516
2.131024,1.972728
2.1685414,2.0510142
1.9673178,2.0237243
1.9078435,1.9152393
1.7195066,1.7332686
1.5770032,1.5088104
1.2544591,1.2658079
0.8779918,1.0039463
0.62067723,0.71501565
0.24732515,0.40526438
-0.05340979,0.123277135
-0.16741766,-0.05928529
-0.2681491,-0.15379265
-0.25122714,-0.20232743
-0.262742,-0.22427261
-0.3966366,-0.23011479
-0.40250832,-0.22562745
-0.4141235,-0.21441838
-0.3817496,-0.20001572
-0.34416333,-0.1863682
-0.46473926,-0.17712116
-0.44590732,-0.1741755
-0.45655134,-0.17559603
-0.40421826,-0.17318904
-0.436873,-0.14784789
-0.42011428,-0.059584893
-0.2228967,0.15158331
0.14963745,0.5156836
0.67214686,0.9540901
0.8803069,1.2880024
0.64120644,1.4425788
0.7389326,1.4688904
0.92532533,1.4185481
0.97415346,1.3075318
0.72475797,1.1295605
0.7675009,0.8728169
1.2806495,0.5413211
1.4606427,0.18175346
0.22772907,-0.115308054
0.2536816,0.4260826
0.28822252,0.4459678
0.21821758,0.5513645
0.39095455,0.72285676
0.6810747,0.92713237
1.051414,1.1533155
1.2079171,1.4039981
1.3395764,1.5940762
1.5706156,1.706595
2.0253098,1.7538662
2.2594972,1.7428951
2.215855,1.6767602
2.1650248,1.5534209
1.8670125,1.3657601
1.5743957,1.108034
1.3545153,0.78548837
1.0088087,0.4294008
0.4638071,0.12105944
-0.1533657,-0.05717919
-0.3511976,-0.1378251
-0.37538314,-0.17551601
-0.37769002,-0.18985483
-0.3713142,-0.19153216
-0.3309118,-0.18696141
-0.2852896,-0.1799972
-0.35258034,-0.17353565
-0.2943518,-0.17045021
-0.29844508,-0.17300493
-0.27313945,-0.17997962
-0.26588833,-0.18250483
-0.31832805,-0.15743956
-0.22470209,-0.056199737
-0.17142804,0.18816826
0.16986182,0.59601974
0.8890107,1.0504379
1.1810093,1.3589655
0.8649257,1.4800043
1.1507866,1.4765159
1.2954243,1.3970908
1.0969933,1.2562609
0.20300968,1.050416
0.3839083,0.7744633
0.40944204,0.5047109
0.6861848,0.5345117
0.7799595,0.6377569
1.0502532,0.8057703
1.1145868,1.011266
1.294401,1.2539266
1.5960665,1.496572
1.8938808,1.6524396
1.8292941,1.7244247
1.6726781,1.7255801
1.4066983,1.6673942
1.0073942,1.5571988
0.9188783,1.3924744
0.6951891,1.1627662
0.41201922,0.86310935
0.021678807,0.51177126
-0.36784005,0.17187026
-0.32208252,-0.05565775
-0.33162186,-0.16375244
-0.25796074,-0.21709844
-0.28731784,-0.24312407
-0.2612849,-0.25367346
-0.29452118,-0.2552921
-0.27575582,-0.2518278
-0.39702255,-0.2461648
-0.33878714,-0.24099433
-0.28318933,-0.23917773
-0.2939841,-0.24288717
-0.31679344,-0.25032425
-0.307542,-0.24931124
-0.19720629,-0.20447508
0.11900393,-0.04764884
0.9802081,0.29040378
1.7124021,0.7848017
1.6002307,1.2123545
1.7041017,1.4005771
1.429237,1.3720784
0.90655375,1.1876298
0.381745,0.886287
0.26910472,0.49888587
0.9774465,0.077449284
-1.1303183,-0.30393103
0.7129883,0.5973569
0.80178404,0.6907058
1.0570372,0.86228293
1.1548011,1.081768
1.3102598,1.3093545
1.6365302,1.5558622
1.8901935,1.7424473
1.7191751,1.8340257
1.5511296,1.8524619
1.5524464,1.8106229
1.3023024,1.7192491
1.1095883,1.5856298
0.72360444,1.4102838
0.4382643,1.1882551
0.0973687,0.9150164
-0.11912052,0.6005052
-0.14389059,0.2919798
-0.16372252,0.07230001
-0.09751695,-0.035728924
-0.23888193,-0.084417515
-0.22838002,-0.10185184
-0.15548341,-0.10145042
-0.19612633,-0.09239163
-0.1581897,-0.08052657
-0.08966422,-0.06937156
-0.1027076,-0.061316244
-0.048756693,-0.057990678
-0.16318478,-0.05874134
-0.16117752,-0.057393856
-0.110511735,-0.03784097
-0.036261518,0.033212774
0.3133539,0.20979398
0.75951195,0.53080696
1.0574385,0.95220625
0.95249647,1.3229825
1.4709514,1.5335181
1.9123261,1.610339
1.9302523,1.6100032
1.7676787,1.5620557
1.7423288,1.4719448
2.5133588,1.3320681
2.2151668,1.1301852
0.48555288,0.66692597
0.54419726,0.74993443
0.56243515,0.9075748
0.5477622,1.1019117
0.5518786,1.3013401
0.7323153,1.5213511
0.69503385,1.6895537
0.82073545,1.7728213
1.3476927,1.790687
1.6951522,1.7522465
1.6223466,1.6662412
1.5561973,1.5401384
1.2953842,1.3753207
1.1776513,1.1686447
1.0334475,0.9175248
1.196782,0.6302968
0.9864153,0.3475624
0.7000018,0.14148653
0.23647442,0.034691744
0.16776514,-0.016331188
0.08503303,-0.037172295
0.10428459,-0.040844895
0.2229183,-0.036456592
0.2213803,-0.029864468
0.26639876,-0.024480797
0.15858817,-0.022402458
0.14273342,-0.02459579
0.31948224,-0.029017963
0.2364139,-0.027177103
0.24034488,0.0006843433
0.27276093,0.09283801
0.31105313,0.30175996
0.95039934,0.64378226
1.823294,1.0450418
1.8176463,1.3591297
1.4727782,1.5228292
1.1180844,1.5781739
0.74330777,1.5741192
0.73783916,1.5328319
0.76993406,1.4545631
1.6985166,1.3269476
0.9512449,1.1334435
1.3094923,1.168817
1.6251576,1.4138365
1.9686368,1.6427625
2.3408272,1.8156921
2.1670294,1.9486387
2.1229885,1.9765074
1.9895682,1.9237278
1.7384027,1.7958808
1.5263143,1.6123096
1.3226529,1.4058483
1.0106577,1.1896436
0.7084547,0.956607
0.34514466,0.69496083
0.1290487,0.41268122
0.04742452,0.16228133
-0.030025199,0.004754506
-0.0488634,-0.07690021
-0.0709283,-0.116578795
-0.044247847,-0.13103998
-0.06272542,-0.1308949
-0.042544328,-0.12313605
-0.112275444,-0.112339266
0.036501333,-0.10156623
0.03920046,-0.092922516
-0.08232451,-0.08781288
-0.11082639,-0.08618183
-0.12851764,-0.083666064
-0.08075366,-0.06590668
-0.1171972,0.00065570325
0.06961736,0.17605534
0.24229473,0.51977754
0.881727,0.9968548
1.3587819,1.3977678
1.3255702,1.5824976
1.5233309,1.5901735
1.3287195,1.4790666
1.084307,1.2766333
0.8031721,0.9945245
0.3842859,0.64421976
-0.08351246,0.2569154
0.3044315,-0.106453545
-0.34750792,-0.36744776
0.38261768,0.6897269
0.6374362,0.7921029
0.9586801,0.96159387
1.0102018,1.1704311
1.274319,1.395473
1.385779,1.629853
1.6487769,1.768396
1.8639055,1.8088102
1.8912427,1.7666732
1.7222157,1.6572685
1.3891859,1.4984962
1.1387314,1.2963984
1.1205602,1.0456206
0.8339102,0.74427456
0.478006,0.40998137
0.11779749,0.103742145
-0.30559456,-0.08884517
-0.5296717,-0.18326497
-0.48516405,-0.23167008
-0.42027465,-0.25514945
-0.39299557,-0.26400107
-0.38446867,-0.26356742
-0.43313137,-0.25704163
-0.4564435,-0.24746415
-0.46316066,-0.23830739
-0.5067784,-0.23321879
-0.44831634,-0.23474091
-0.32981881,-0.2415719
-0.43054202,-0.24465749
-0.37881926,-0.21890646
-0.25718036,-0.110578336
-0.046456493,0.14873818
0.83467144,0.57331085
1.5233382,1.0261137
1.3563833,1.3075454
1.5410484,1.3898315
1.8279775,1.3363969
1.1093217,1.189884
0.27069762,0.9618268
-0.2024988,0.65576625
0.72103775,0.2960113
-0.2959611,-0.05637937
0.980604,0.96913624
1.0702597,1.1645944
1.2944132,1.3869216
1.5758802,1.5763912
1.8435073,1.767981
1.950982,1.8784473
1.8397399,1.8916757
1.753592,1.8247662
1.6063052,1.6869286
1.390739,1.5044179
1.0892167,1.298408
0.92869675,1.0688556
0.63892,0.806629
0.17396815,0.51400375
-0.123864375,0.22885239
-0.29345134,0.024915807
-0.33417267,-0.083617695
-0.30750498,-0.13887349
-0.27269617,-0.1641159
-0.3011701,-0.17176512
-0.3208942,-0.1694332
-0.29067352,-0.16182387
-0.3156278,-0.15241066
-0.23594707,-0.14423025
-0.18592937,-0.1399003
-0.2640099,-0.14079094
-0.32950205,-0.14492208
-0.29641455,-0.14370298
-0.2616297,-0.11600093
-0.14970328,-0.01764948
-0.0410755,0.21526206
0.5167875,0.60869485
1.0575057,1.0585346
0.79883736,1.369468
0.7663352,1.490375
1.0505836,1.4811044
1.1061273,1.387539
0.8667627,1.2220126
0.82817477,0.98045826
1.1887746,0.66141844
1.7660105,0.2922523
0.6080476,-0.055171467
1.0599226,0.9256561
1.0629402,1.1388409
1.3837117,1.3832366
1.6798033,1.6007444
1.8672605,1.8141814
1.9534397,1.9293745
1.8657188,1.940403
1.7654017,1.8676035
1.5230825,1.7263749
1.3206978,1.5428767
1.1297055,1.3333528
0.9304524,1.0956559
0.47219864,0.8202642
0.15977667,0.50980294
-0.18273762,0.20461479
-0.28099027,-0.013413407
-0.3754794,-0.12538081
-0.38036042,-0.18055779
-0.33527896,-0.20486858
-0.36205313,-0.21090117
-0.33743775,-0.20610511
-0.35310963,-0.195057
-0.28802133,-0.18132311
-0.34015685,-0.16822332
-0.3352146,-0.15875128
-0.36688504,-0.15484315
-0.35360217,-0.15545544
-0.33762318,-0.15342477
-0.28889164,-0.13006961
-0.32386506,-0.04494641
-0.05485999,0.1661576
0.49822173,0.54465586
0.8897693,1.0131822
0.84187454,1.366705
0.9788862,1.5200555
1.2984072,1.5263414
1.2813044,1.4383538
1.1274518,1.2753754
1.268463,1.0387294
1.887891,0.7283769
2.0845237,0.36461174
-0.35247526,0.0067113116
0.29809153,0.5636378
0.51805407,0.5998806
0.7243454,0.702631
1.1218982,0.8592968
1.1472011,1.0460844
1.357601,1.2652862
1.6715348,1.4839363
1.857316,1.6221129
1.8964753,1.6833718
1.8853495,1.6781771
1.6579119,1.6169349
1.434427,1.5077069
1.310616,1.3490686
0.92622596,1.1333839
0.6118895,0.85850674
0.14300424,0.5407282
-0.17600064,0.23562604
-0.22051288,0.028357036
-0.2197563,-0.075849466
-0.23135324,-0.12890586
-0.3026455,-0.1550031
-0.31096315,-0.16641757
-0.28270596,-0.17050695
-0.25747433,-0.17141524
-0.38448343,-0.17166281
-0.29319078,-0.17330858
-0.31309012,-0.17840344
-0.29367912,-0.18760046
-0.14191848,-0.19623202
-0.22836596,-0.18710205
-0.19070514,-0.11780391
-0.046280805,0.08330069
0.22019829,0.4707092
1.055962,0.96380734
1.3052517,1.3198138
1.2072266,1.4392233
1.1152707,1.3731875
0.653819,1.1757741
0.54158735,0.8748417
0.2575109,0.49396038
1.1552023,0.08237436
-0.49560362,-0.2854227
0.99990714,0.90040016
1.0412099,1.0788797
1.1681286,1.2893782
1.458128,1.4769073
1.5809705,1.6656651
1.8516064,1.8110645
1.7756051,1.8603873
1.6927421,1.8352954
1.5636973,1.7439975
1.4305384,1.6031603
1.3049161,1.4349526
1.0527221,1.2477026
0.8132676,1.0348318
0.4322671,0.7866349
0.1836035,0.51135325
-0.15591773,0.2564478
-0.15128772,0.08730539
-0.17832485,2.7440488e-05
-0.1430396,-0.042414315
-0.20470338,-0.058606483
-0.10565305,-0.060072906
-0.15522072,-0.054756112
-0.19229029,-0.04758913
-0.12970065,-0.041372247
-0.10877061,-0.03780151
-0.19045833,-0.037893377
-0.028934157,-0.04076434
-0.08131387,-0.04001955
-0.037328485,-0.017551921
-0.071167134,0.0652773
0.11465168,0.26920474
0.31531012,0.63330597
0.8732516,1.0884411
1.016259,1.4400017
1.0698081,1.6016731
1.4143518,1.6254208
1.6100513,1.5618974
1.3477794,1.4295212
1.0577358,1.2288023
1.3574407,0.95487714
1.9170991,0.61144555
0.47664806,0.23540896
0.21126284,0.47640878
0.3116985,0.49452293
0.24770986,0.55929303
0.38587132,0.6902089
0.76822436,0.87337255
0.83507305,1.1063366
1.110644,1.3629942
1.2680733,1.5442576
1.1106102,1.6347425
0.8701592,1.647929
0.45841357,1.6003565
0.4283575,1.5013782
0.37713018,1.344728
0.5004126,1.1116271
0.5394029,0.7943761
0.2527306,0.42084515
0.051276352,0.07375554
-0.14881574,-0.14038622
-0.32381132,-0.24133098
-0.31922197,-0.29634362
-0.41468602,-0.3288397
-0.4156698,-0.3482743
-0.38523504,-0.35930604
-0.32205316,-0.36491466
-0.34000328,-0.3675924
-0.37806442,-0.36961475
-0.3027423,-0.3735979
-0.2625832,-0.3822662
-0.20022081,-0.39393586
-0.28835425,-0.38848537
-0.21881102,-0.31104752
-0.01917557,-0.090151496
0.6820964,0.31436595
1.8104076,0.802179
2.307427,1.0991564
2.6227827,1.0776519
2.8255403,0.76929307
2.1083667,0.25746065
0.6085806,-0.338204
-1.037982,-0.8595487
-1.4777526,-1.1960986
-1.9283894,-1.3802191
-0.05442474,0.17677858
0.10005285,0.19025907
0.18024963,0.30569285
0.29762504,0.49285686
0.55375385,0.71102226
0.7984199,0.94748116
1.0881766,1.2210395
1.2208725,1.4541688
1.6504755,1.6078839
2.1992297,1.6960552
2.4062593,1.7287884
2.418552,1.7063482
2.3199978,1.6206945
2.106339,1.4550613
1.7301888,1.1880767
1.2483842,0.81600654
0.7953228,0.37488213
-0.033811532,-0.03767763
-0.70850986,-0.28987968
-0.77544105,-0.40172583
-0.74686575,-0.46546054
-0.82834184,-0.5069649
-0.8076169,-0.5333111
-0.7658223,-0.547393
-0.7534991,-0.55091965
-0.76738954,-0.5462899
-0.7456568,-0.53769183
-0.74017274,-0.53147274
-0.64630896,-0.5346689
-0.7523842,-0.54885525
-0.655274,-0.55928415
-0.7140454,-0.52166945
-0.63796246,-0.36859927
-0.5324949,-0.046700843
0.022728175,0.43693954
0.87752306,0.92048764
0.70137084,1.1992261
1.0593653,1.2718365
1.0812944,1.2110234
0.72555894,1.0618494
0.09982612,0.8388806
-0.18781169,0.54787
0.9316456,0.8858969
0.9526575,1.078219
1.0883125,1.2969458
1.3375502,1.5009191
1.6005867,1.7122264
1.8161792,1.8548955
1.6609414,1.8918705
1.5792724,1.8440809
1.452691,1.7242172
1.1891721,1.5574906
1.1234826,1.3651682
0.94185024,1.148365
0.6591183,0.8950498
0.3365036,0.6010601
0.04703667,0.29744104
-0.05864974,0.060834266
-0.23733854,-0.06797639
-0.29092982,-0.13189504
-0.31312814,-0.16153446
-0.31719765,-0.17111331
-0.2957308,-0.1694071
-0.3583039,-0.16180736
-0.26735112,-0.1519385
-0.4509891,-0.14259684
-0.28573295,-0.13609368
-0.28245765,-0.13406238
-0.30245325,-0.13597065
-0.23566832,-0.13574061
-0.18467209,-0.115582146
-0.26564232,-0.03529886
-0.1444488,0.17166424
0.33593616,0.5552323
0.8217929,1.0410311
0.9123931,1.4025482
1.0248935,1.5450394
1.3222482,1.522692
1.5489258,1.388478
1.3840872,1.1645124
1.0924833,0.85943604
1.4405612,0.4882915
1.8661984,0.095959105
0.60882974,-0.24254602
0.26651022,0.6065625
0.34305856,0.6666939
0.30531538,0.76996833
0.54772127,0.9280244
0.67508054,1.12397
0.9418548,1.3621496
1.0871466,1.5581647
1.1794302,1.6551661
1.0411291,1.6630933
0.67773265,1.5974945
0.47281563,1.4785928
0.5884611,1.3141971
0.46361974,1.0949653
0.460064,0.81206906
0.5059535,0.48002017
0.25320658,0.15668207
-0.0744034,-0.06316856
-0.37362096,-0.17430267
-0.4211549,-0.2339249
-0.34319365,-0.26749915
-0.38507465,-0.28624895
-0.3393597,-0.29580528
-0.40506127,-0.2993733
-0.4390584,-0.29958788
-0.45090005,-0.2989822
-0.36305314,-0.30020306
-0.37760758,-0.30594298
-0.393346,-0.31712958
-0.31526804,-0.32744443
-0.39971682,-0.3096639
-0.1254359,-0.20121151
0.34981206,0.07244312
1.2178949,0.5277655
1.7645055,0.9879414
1.9824132,1.2022048
2.410039,1.125787
2.5631828,0.8112465
1.7144698,0.33064365
0.4063048,-0.2177752
-0.36960483,-0.7085761
-0.55462533,-1.0447767
-1.9812713,-1.241071
0.902208,0.9373641
1.3627536,1.144877
1.6253058,1.3777199
1.9636805,1.5833302
2.0937152,1.7889287
2.2009177,1.9049766
1.9852308,1.919621
1.7323747,1.8525126
1.584827,1.717022
1.2312106,1.5386943
0.9638729,1.33568
0.62821543,1.1071368
0.22939509,0.8427166
-0.08829927,0.54287565
-0.104972444,0.24501067
-0.17700271,0.027237736
-0.24654235,-0.0870189
-0.30062547,-0.143552
-0.36662668,-0.16848567
-0.318687,-0.17482993
-0.24402137,-0.17064357
-0.29078358,-0.16092485
-0.26769114,-0.14924651
-0.26292053,-0.13860285
-0.36111528,-0.13154238
-0.17927362,-0.1295726
-0.25751206,-0.13126284
-0.19706403,-0.12891647
-0.14953466,-0.10274685
-0.0750984,-0.010619871
0.21996559,0.21201912
0.8146285,0.60078055
1.0098805,1.0658519
0.9421806,1.4019375
1.2775471,1.5401772
1.3702542,1.5386403
1.307319,1.4468511
1.0869852,1.2813799
1.3776059,1.0422862
1.7645072,0.728905
1.0990895,0.3616949
-1.3549578,0.001364477
0.8917575,0.7163042
1.0860397,0.84830093
1.0811046,1.0315522
1.2667364,1.2471255
1.4843946,1.481288
1.8352019,1.7078623
1.8915322,1.8252623
1.8537935,1.8441443
1.6820011,1.7819791
1.4274349,1.6596804
1.3255068,1.4982337
1.0482523,1.3031993
0.706989,1.0638434
0.29728985,0.7692274
0.054282907,0.43486387
-0.198558,0.12576124
-0.27394903,-0.069468714
-0.29892346,-0.16332415
-0.32160893,-0.20966989
-0.3910195,-0.23014498
-0.47011018,-0.23555318
-0.35419527,-0.23209086
-0.38654453,-0.22367585
-0.34681728,-0.2134214
-0.37391022,-0.20408282
-0.29518244,-0.19817337
-0.196031,-0.1973559
-0.23695542,-0.20000184
-0.27099368,-0.19616497
-0.31805634,-0.15764648
-0.085984804,-0.025980048
0.43492517,0.2723638
1.0961864,0.7477851
1.1189792,1.2159389
1.3267186,1.4619426
1.5349317,1.4815633
1.3862377,1.3384068
0.89981025,1.0753732
0.8154739,0.7193098
1.4705795,0.30463275
1.041898,-0.10659307
-1.8911686,-0.43925923
-0.4666036,-0.35855472
-0.41270584,-0.5056395
-0.4028864,-0.58303297
-0.31928977,-0.58834904
-0.2882567,-0.54857147
-0.28335145,-0.49662447
-0.3354144,-0.45706913
-0.35709953,-0.4473065
-0.43408597,-0.4840088
-0.5235917,-0.5636595
-0.65982705,-0.6737723
-0.79233426,-0.8068379
-0.9504197,-0.95777154
-1.0714622,-1.115867
-1.2608776,-1.2621346
-1.3449458,-1.3790082
-1.3731041,-1.4618952
-1.3857878,-1.516767
-1.4116288,-1.5514534
-1.4796278,-1.5718684
-1.4277632,-1.5817313
-1.499995,-1.5829496
-1.5122535,-1.5759816
-1.4932156,-1.5601419
-1.5352037,-1.5339077
-1.5041919,-1.4951384
-1.5425724,-1.441102
-1.5639843,-1.368937
-1.5733675,-1.2778473
-1.6076573,-1.1721318
-1.564074,-1.0617714
-1.4870533,-0.9606451
-1.2764527,-0.88316953
-1.1955295,-0.8382104
-1.1733614,-0.82503664
-1.1719747,-0.8361017
-1.2483219,-0.86287725
-1.297602,-0.8991045
-1.39035,-0.94098055
-1.6615629,-0.9862422
-1.3733733,-1.0332916
-2.4457688,-1.0806689
0.40560207,0.16699612
0.58861095,0.15366405
0.7124928,0.22362989
0.73452204,0.3489971
1.051384,0.4976259
1.3888066,0.6476822
1.3575385,0.79239744
1.4237744,0.95410156
1.1671201,1.1460081
1.2292166,1.321517
1.3432682,1.4647399
1.239352,1.5784367
1.063244,1.6638204
0.88081217,1.7192729
0.66498643,1.742512
0.5587788,1.7320678
0.44957757,1.6862886
0.41490832,1.601559
0.52886254,1.4735482
0.5795511,1.3031402
0.61442757,1.0998341
0.6165477,0.88115835
0.7923977,0.6739918
0.920164,0.5077054
0.80205905,0.40722227
0.89788926,0.36966288
1.033769,0.36917442
1.0778412,0.39035046
1.0810301,0.4248991
1.1321069,0.46765125
1.2913765,0.516688
1.4186184,0.57361233
1.667527,0.6440319
1.8546861,0.73922193
2.0845118,0.87604165
2.523255,1.0645659
2.6848817,1.2769663
2.5481644,1.456135
2.3417075,1.5749395
2.074459,1.6351185
2.1670685,1.6461651
2.1878016,1.6205215
1.1057118,1.0860364
1.3007461,1.3412299
1.5289081,1.5759487
1.6876163,1.7477779
1.6550775,1.9003787
1.5783167,1.954468
1.5269662,1.9274204
1.3648082,1.8304763
1.0965011,1.6755394
1.0745603,1.4905796
0.9688831,1.2950728
0.6759834,1.0890677
0.4578692,0.86073375
0.33987844,0.6042828
0.1798938,0.34609592
0.27472737,0.14906242
0.25493425,0.039780788
0.29249242,-0.014227398
0.21712703,-0.035916068
0.13467346,-0.038113035
0.24680841,-0.03005708
0.17247649,-0.018052302
0.22530794,-0.0058949664
0.2999294,0.004383303
0.22174074,0.011707924
0.26779076,0.015894197
0.24129985,0.019703083
0.30042467,0.03424173
0.45540696,0.08720861
0.6203122,0.22948408
1.0548038,0.5185461
1.395177,0.9512224
1.4791824,1.376435
1.597716,1.6223669
1.5766126,1.6974218
1.32611,1.6614041
1.2116458,1.5453527
1.1865889,1.3587828
1.6224761,1.103696
1.2641504,0.78313464
-0.09781457,0.41661656
-2.4212492,0.056808807
0.9734328,0.984818
1.2379035,1.2138613
1.4136604,1.4486328
1.7022442,1.6415116
1.977227,1.828557
2.0263045,1.9217649
1.9363102,1.9211698
1.8644185,1.8436925
1.6062678,1.701314
1.5173366,1.5199785
1.3813301,1.3185241
0.9929479,1.0964534
0.76617813,0.8427749
0.43591633,0.55645955
-0.047642488,0.27304083
-0.1969506,0.065534554
-0.23033263,-0.044709213
-0.21911155,-0.09915083
-0.20149264,-0.12216344
-0.2894873,-0.12663949
-0.27975932,-0.121095814
-0.19060817,-0.11100579
-0.22093096,-0.09999765
-0.28325075,-0.09070567
-0.22310081,-0.08510516
-0.22889647,-0.084014334
-0.17503233,-0.08511344
-0.12088179,-0.0792237
-0.1588237,-0.04385694
-0.056248866,0.066271804
0.027804013,0.3134233
0.60414815,0.7171655
1.387361,1.1660635
1.4463388,1.4682679
1.2176533,1.5862131
1.1359425,1.5815713
0.98635966,1.4968014
0.6684219,1.3438754
0.5165169,1.1201956
0.60911757,0.82143533
1.2846395,0.4606073
0.77197564,0.09182548
1.0585287,1.0708055
1.2201287,1.2969437
1.3567624,1.5230906
1.5720077,1.6942911
1.6905221,1.856231
1.7094548,1.9246523
1.5977439,1.9081631
1.5858746,1.8184578
1.5422451,1.6649706
1.3200972,1.476788
1.1738597,1.2755153
0.9321626,1.060746
0.6746966,0.8206794
0.3862587,0.5524268
0.22668338,0.2883557
0.106419094,0.09499734
0.071528174,-0.010544069
0.03316514,-0.06379659
0.060488444,-0.086412795
0.026225844,-0.09085996
0.05955692,-0.08570974
0.07128,-0.07657666
0.02669138,-0.06700451
0.05622174,-0.05927884
-0.04318864,-0.054931693
0.04721647,-0.05438436
0.051182084,-0.05480952
0.0039438773,-0.045654707
0.09931555,-0.0012004003
0.1145035,0.12819138
0.18224123,0.40394306
0.59343,0.8309208
1.0289038,1.267329
1.1253259,1.5305758
1.2700812,1.6144987
1.4063435,1.5817802
1.3474807,1.4672563
1.1227487,1.2798992
0.851695,1.0186137
0.947943,0.6852652
0.9699662,0.30685723
-0.5951614,-0.048845194
0.41880178,0.7004069
0.63204926,0.77760226
0.8619856,0.90994203
1.0822148,1.0727432
1.2778153,1.2485528
1.3075013,1.453858
1.521398,1.6134058
1.8112173,1.6898048
1.8755187,1.6973562
1.8879569,1.6442587
1.7255216,1.5447168
1.5424268,1.410421
1.3170538,1.2405598
1.0359863,1.0268571
0.6878227,0.7664056
0.22528395,0.47951007
-0.10048569,0.22633278
-0.08546162,0.06867234
-0.1350354,-0.012754746
-0.13500981,-0.054834403
-0.09310947,-0.07461106
-0.21869095,-0.08281992
-0.18643849,-0.08619558
-0.12669276,-0.08838592
-0.11859148,-0.091354765
-0.0970326,-0.0965913
-0.08005496,-0.105113365
-0.06302783,-0.11506844
-0.0630357,-0.11655409
-0.058503386,-0.08279825
-0.009370395,0.040799133
-0.021713497,0.32445374
0.27681765,0.7762662
1.0322219,1.2281636
1.4393117,1.4793867
1.3604617,1.5293249
1.2612518,1.4435282
0.7165872,1.2584107
0.39463016,0.9865185
0.0853178,0.63712126
0.8505927,0.24205744
-0.16062386,-0.13206193
0.99179196,0.9624461
0.9958163,1.1614885
1.2862332,1.3921198
1.5939723,1.5923145
1.880448,1.7939276
2.0202453,1.9066048
1.860752,1.9201696
1.8124942,1.8527963
1.5741209,1.7171813
1.4767319,1.540066
1.2827092,1.3409162
0.9266721,1.1194029
0.56804067,0.864615
0.23906726,0.573855
0.01464005,0.27835926
-0.0711211,0.05313676
-0.17624375,-0.06850941
-0.118785605,-0.12890264
-0.06259008,-0.15588316
-0.124245085,-0.16317776
-0.04731565,-0.15947312
-0.10543812,-0.15025198
-0.102343954,-0.13921589
-0.18598944,-0.12912229
-0.19897209,-0.12215737
-0.15746139,-0.119668014
-0.16237025,-0.12039099
-0.037469137,-0.11667783
0.002094198,-0.08783317
0.16298786,0.010315172
0.30481958,0.24483144
0.86894256,0.6523056
1.2732567,1.1286447
1.347554,1.4539618
1.6877235,1.5703812
1.7118934,1.5390451
1.462202,1.4072139
0.9245324,1.1929426
0.8512181,0.9025762
0.8226934,0.54777795
0.24171108,0.16706344
-1.8967274,-0.16966477
0.30941972,0.67647153
0.3447968,0.73437065
0.39518416,0.85762596
0.48318836,1.0253525
0.64235383,1.2273091
0.6572018,1.4698063
0.92259467,1.6455038
1.1989185,1.7194393
1.2028053,1.7012832
1.1266453,1.6084399
0.7162193,1.4654825
0.5591946,1.2800541
0.47179583,1.0420524
0.5347301,0.7450663
0.569601,0.40515196
0.36657262,0.084184624
0.1911567,-0.12233218
-0.19688408,-0.22560826
-0.20458837,-0.28249505
-0.15553622,-0.31544477
-0.2850877,-0.3340753
-0.24309441,-0.34297004
-0.29265597,-0.34505948
-0.2606671,-0.34316692
-0.2657473,-0.34015724
-0.21822935,-0.3390837
-0.14289275,-0.34311157
-0.2718853,-0.35328358
-0.28623283,-0.36146352
-0.2199539,-0.33436835
-0.11112235,-0.2045489
0.07381719,0.097081535
0.8185049,0.56799805
1.7565898,1.0024495
1.9054815,1.1699864
1.9786637,1.0439583
2.0571904,0.6797521
1.4635082,0.15989244
0.28533682,-0.3965848
-0.63860625,-0.8560422
-0.8135854,-1.143242
-1.3705375,-1.3109989
0.105047844,0.20331767
0.18147732,0.22909933
0.5078999,0.35625687
0.7245554,0.5536685
1.0383912,0.78177696
1.1413821,1.0298645
1.2131578,1.3102717
1.4339525,1.5332403
1.7812958,1.6718298
2.0476224,1.7441261
2.0173397,1.7616303
1.8817332,1.7258433
1.6400106,1.6305716
1.5089005,1.4606782
1.129492,1.1946346
0.8310203,0.8264779
0.26695862,0.39003634
-0.42857024,-0.01932647
-0.70169526,-0.27166498
-0.8042518,-0.38270414
-0.6729903,-0.44384885
-0.70308346,-0.48183995
-0.72394985,-0.50416565
-0.83653885,-0.5139837
-0.88627887,-0.51323384
-0.80553496,-0.5046262
-0.7439926,-0.49256742
-0.7043125,-0.48337483
-0.60809237,-0.48393634
-0.7555346,-0.495817
-0.8731305,-0.5042589
-0.62429535,-0.46349847
-0.59404546,-0.30244744
0.036186572,0.03488811
0.8367894,0.5345708
0.880271,1.0147183
1.5592797,1.2797928
2.0368392,1.3414978
2.0590763,1.2716839
0.9312186,1.1129714
0.080781534,0.88020396
0.3782426,0.58084077
1.1393241,1.1170518
1.3166008,1.3718585
1.6338196,1.5982265
1.7625327,1.7778482
2.0216496,1.9222693
1.9821551,1.954021
1.7549511,1.892045
1.7555261,1.7421367
1.506254,1.5336075
1.2881924,1.3043728
0.9975353,1.0591723
0.8216656,0.78346777
0.5739943,0.4735706
0.16670501,0.16839212
-0.27281496,-0.049829967
-0.3618733,-0.16613647
-0.43736365,-0.22839531
-0.52307737,-0.26155958
-0.56275815,-0.27742562
-0.50651854,-0.28194013
-0.4633449,-0.27829865
-0.5718585,-0.26938105
-0.42124316,-0.25848082
-0.4953995,-0.24895829
-0.57380885,-0.2437863
-0.43617517,-0.2445122
-0.52662987,-0.24870688
-0.53050345,-0.24458927
-0.4316297,-0.19921377
-0.38540927,-0.048739977
-0.1902551,0.27472624
0.28603232,0.7547665
0.70265424,1.1757829
0.8052974,1.3493476
0.87051404,1.2837623
0.7584706,1.0365276
0.5398533,0.65430546
0.5067251,0.18799001
0.6191923,-0.27985352
1.0106834,-0.6568527
1.0991551,-0.89045054
-1.5122453,-1.0371971
0.818781,0.89124477
1.0711167,1.0807978
1.1483619,1.2970486
1.0846797,1.5097406
1.4234036,1.7348965
2.0183437,1.8668089
2.2739708,1.882096
2.0259073,1.7981164
1.2987416,1.6367998
1.0147481,1.4335172
0.7833669,1.2019811
0.7742612,0.93136644
0.660395,0.61265296
0.2795784,0.26806867
-0.2905563,-0.024649717
-0.3199796,-0.19216979
-0.31510538,-0.27762508
-0.09588418,-0.32637468
-0.32948187,-0.3548595
-0.67647994,-0.37030882
-0.5727436,-0.37554264
-0.5251626,-0.37218225
-0.22998698,-0.36265373
-0.06816158,-0.35054564
0.13113129,-0.34011057
-0.52768034,-0.33554387
-0.48324555,-0.33916697
-0.12979399,-0.34746897
-0.25762603,-0.34219214
-0.24666394,-0.2748574
0.25996292,-0.07236225
0.6428226,0.31530935
1.1542425,0.8146738
1.1585922,1.1767726
1.1082015,1.277359
0.9177838,1.1541541
0.62614447,0.8627492
-0.37171426,0.4488938
-0.8198118,-0.025149554
-0.45017403,-0.47039938
0.4205177,-0.79969263
-1.2061995,-0.9987896
1.3801584,1.3583609
1.6824911,1.6372395
1.8196442,1.8424721
1.8595495,1.9976692
1.8088782,2.036327
1.6178998,1.9700449
1.3628018,1.8083677
1.2745477,1.5712632
1.1409111,1.3091857
0.88568574,1.0309693
0.64691675,0.72080886
0.37660393,0.37880784
0.038248707,0.05216389
-0.2906004,-0.16956422
-0.35350603,-0.28859386
-0.40144616,-0.36054456
-0.41993126,-0.4088282
-0.43370906,-0.4424579
-0.43762413,-0.4646359
-0.5225612,-0.47671685
-0.46385747,-0.4803702
-0.43775925,-0.47833437
-0.41459194,-0.47433203
-0.37381655,-0.47280264
-0.4379057,-0.47821826
-0.42662862,-0.49198598
-0.3964557,-0.5039519
-0.4319157,-0.47777423
-0.41841137,-0.35157785
-0.14845005,-0.06899189
0.286918,0.3731351
1.0262766,0.80371016
1.3096039,0.97678685
1.156157,0.83796287
0.88233817,0.4398955
0.21986996,-0.117581196
-0.6144382,-0.679407
-1.3681964,-1.092103
-1.6108005,-1.3248221
-1.2460548,-1.457325
-0.96456116,-1.5353196
-2.21396,-1.579618
1.3715653,1.2398529
1.5828938,1.5227772
1.7883669,1.7625916
1.8867557,1.9403512
1.8096448,2.034806
1.9071593,2.0247717
1.6862555,1.9393766
1.5456232,1.783643
1.4561747,1.5806708
1.2169254,1.3562269
0.9775318,1.1162957
0.6782419,0.85484344
0.28931686,0.56923443
0.03750899,0.2834374
-0.061960086,0.06309023
-0.10088132,-0.05958166
-0.07343883,-0.12161911
-0.050063353,-0.14921865
-0.074381866,-0.156003
-0.16605528,-0.15072998
-0.14086111,-0.13907927
-0.107890405,-0.12521899
-0.098944604,-0.11268104
-0.08174063,-0.104305305
-0.11097159,-0.10129205
-0.04038002,-0.10132963
-0.059313286,-0.09623251
-0.012673958,-0.0679994
0.0713962,0.0193099
0.113265626,0.21970299
0.52531326,0.55974174
1.0111479,0.97404456
1.1111374,1.3083365
1.0646068,1.4826161
1.1166761,1.5378257
1.0616269,1.5264045
0.98591334,1.469727
0.99488986,1.3656261
1.1748278,1.2003348
1.4371805,0.95925975
1.2945951,0.6440539
-0.5017144,0.29742378
0.2506068,0.45266217
0.23416106,0.48862946
0.2528457,0.6177768
0.36754224,0.80959177
0.41456804,1.0266685
0.6923612,1.2633579
1.1950716,1.5094826
1.3074753,1.6781406
1.4266671,1.767902
1.6027216,1.7907591
2.0341365,1.7534436
2.2760801,1.6591669
2.2856948,1.5059723
2.1796505,1.289046
1.8663386,1.0077386
1.74125,0.6714006
1.4835814,0.3189035
0.90830624,0.041158848
0.24958262,-0.103205584
-0.17889811,-0.16916746
-0.40077612,-0.19909468
-0.3228007,-0.20863038
-0.15401337,-0.20695779
-0.29469883,-0.19953936
-0.2859786,-0.19002461
-0.20584986,-0.1817334
-0.28652787,-0.17808032
-0.32439613,-0.18106157
-0.21416366,-0.18793732
-0.21237245,-0.18783215
-0.20857242,-0.15566161
-0.2485013,-0.0418349
-0.16005771,0.21363318
-0.21015848,0.6115717
0.3244799,1.031929
1.1656318,1.3158826
0.98262256,1.436375
1.5396012,1.4546167
1.6266377,1.4179044
0.84931326,1.3398857
-0.16800223,1.2133867
-0.123318896,1.0236042
0.50842875,0.69487906
0.66810477,0.760957
0.9401648,0.8939551
1.1109965,1.0528431
1.2230088,1.2145714
1.437875,1.3979833
1.5893328,1.5655353
1.8626894,1.6623895
1.9264466,1.7045468
1.9501445,1.7008481
1.7774626,1.657762
1.5622375,1.583177
1.4561702,1.4805602
1.2827207,1.3473476
0.9722625,1.1775312
0.5215643,0.9660528
0.2260954,0.72019625
0.11424284,0.47566426
0.1265703,0.29087773
0.14959165,0.19043201
0.20195805,0.1410901
0.12227011,0.11912977
0.27213314,0.113204114
0.26942742,0.115407236
0.2815631,0.12048269
0.25200453,0.12556806
0.29310876,0.12960571
0.3393861,0.13324797
0.32025403,0.14113805
0.3413431,0.16764313
0.3950089,0.24420235
0.46927667,0.41898143
0.81193227,0.7274115
1.4034297,1.1307907
1.59139,1.4764686
1.482025,1.6673132
1.2823623,1.7312422
0.9637152,1.7111475
0.7219952,1.6283934
0.7954144,1.4867394
1.5654312,1.2815735
0.082517125,1.0076258
0.37916905,0.64503324
0.65513325,0.6997441
0.9409906,0.8215893
1.2270733,0.98552597
1.3762538,1.1708987
1.4706656,1.3907012
1.8223114,1.582719
2.0342247,1.6887009
2.058818,1.7209966
1.931994,1.6890576
1.7566408,1.6056249
1.4927412,1.4815936
1.3691275,1.3169485
1.1149502,1.1037545
0.60836226,0.83756584
0.3011219,0.5336637
-0.1779377,0.24772948
-0.2801673,0.057543777
-0.25173655,-0.03868953
-0.26303875,-0.08753208
-0.20785603,-0.1105734
-0.25819802,-0.11981902
-0.24978161,-0.1227792
-0.26633438,-0.123598374
-0.21027206,-0.12450353
-0.14466606,-0.12711444
-0.1666755,-0.13287064
-0.20675312,-0.14129534
-0.136838,-0.14536205
-0.16992295,-0.12324763
-0.17386264,-0.026455201
-0.058572605,0.2179946
0.49264848,0.6471628
1.3392856,1.1328712
1.459603,1.4381005
1.2317678,1.5172545
1.0434567,1.4334713
0.49337015,1.2333783
0.2088444,0.9390385
-0.025865993,0.56905836
0.97026014,0.16461879
0.14764152,-0.20579016
0.38083687,0.7342846
0.45881695,0.8313087
0.471896,0.98036385
0.61160415,1.1595061
0.80821717,1.3609426
0.94918436,1.5824227
1.2728821,1.7193091
1.3204949,1.7623239
1.1601156,1.7239573
0.74837625,1.6205764
0.6506459,1.4752599
0.77276605,1.2974555
0.60385525,1.0788269
0.6444634,0.80861956
0.60157174,0.49706465
0.3849414,0.19780657
0.08167969,-0.0049805865
0.0009856169,-0.10847654
-0.0018776052,-0.1618413
-0.07131826,-0.1881378
-0.05537377,-0.19915956
-0.060212214,-0.20183238
-0.12498216,-0.20031065
-0.11500285,-0.19740722
-0.12352376,-0.19530666
-0.11038935,-0.19601798
-0.048781794,-0.20089892
-0.065122634,-0.20803025
-0.06510974,-0.20635667
-0.046340678,-0.16407052
0.2328933,-0.017409272
0.74646896,0.3062359
1.407394,0.7952448
1.5475603,1.2282202
1.7752073,1.4113586
2.1496308,1.3567331
2.1910312,1.1251746
1.4710035,0.7634157
0.7228147,0.31644422
0.37969482,-0.14388676
-0.22135046,-0.53296715
-2.0269618,-0.78605914
0.9312489,0.79487056
0.9852124,0.9354212
1.158657,1.1406746
1.3260558,1.3488877
1.5254363,1.5464377
1.8237351,1.7386528
1.7881896,1.84118
1.7768389,1.8693609
1.6555344,1.8392897
1.5366069,1.7601941
1.373793,1.644
1.124642,1.4999211
0.88189137,1.3303257
0.6537134,1.1318563
0.33446002,0.89939046
0.13407673,0.63852143
0.14811301,0.38513935
0.16246416,0.20174506
0.20163019,0.10707831
0.10857232,0.06432455
0.1269806,0.050924502
0.16458519,0.054889373
0.12760471,0.067560814
0.13524601,0.082961835
0.25350654,0.09745055
0.23406324,0.10925908
0.2798596,0.11834205
0.3096976,0.12755454
0.35643715,0.14593393
0.31789187,0.19401729
0.51695395,0.3076909
0.86191577,0.5256896
1.2959528,0.8515705
1.2820969,1.2104936
1.2612922,1.4803894
1.4214684,1.6270115
1.5002036,1.6823676
1.5057956,1.6815641
1.4461601,1.6449493
1.8869078,1.5767918
2.2836442,1.4699435
1.4498433,1.3120288
1.0888376,1.1730852
1.3028548,1.4190183
1.638517,1.6401036
1.798106,1.8206034
2.0994263,1.9403148
1.97193,1.9414575
2.0110292,1.8444519
1.7588707,1.6560719
1.5027609,1.4145201
1.324824,1.1484042
1.0304592,0.85343575
0.62380016,0.5277445
0.2652397,0.19414932
-0.14890952,-0.0764148
-0.33579925,-0.2322818
-0.37243727,-0.31947398
-0.46263203,-0.37449726
-0.60497236,-0.4115997
-0.60830164,-0.43647194
-0.5589478,-0.45089892
-0.5914323,-0.4557855
-0.5696027,-0.45290732
-0.5988551,-0.44561768
-0.6112855,-0.43873626
-0.6796119,-0.43770546
-0.6678885,-0.44631958
-0.71447873,-0.46216565
-0.6430972,-0.46809036
-0.7092133,-0.4195104
-0.59694463,-0.252331
-0.42070395,0.07623308
0.0076995906,0.52766895
0.30995572,0.90861344
0.4459239,1.0642083
0.6495306,1.0164557
0.64508444,0.8200442
0.3494217,0.50777376
0.21441282,0.11798372
0.11080386,-0.28361058
0.8191803,-0.61218107
0.6136578,-0.8177847
-1.7425815,-0.95115507
1.1484687,1.219964
1.3517183,1.495849
1.6389077,1.7208749
1.732281,1.8812983
1.920831,1.9858506
1.8718113,1.9892528
1.9018438,1.9179757
1.665534,1.7749777
1.4430226,1.5789528
1.2691238,1.3614607
1.0077529,1.134194
0.79492694,0.8901856
0.42165542,0.62174845
0.12025354,0.34638134
-0.0012183748,0.123371385
-0.049988106,-0.0070372894
-0.015788442,-0.074562944
-0.05305768,-0.106081195
0.025728982,-0.115584396
0.011922358,-0.112378486
0.021146467,-0.102624156
0.033651635,-0.090599455
0.057255156,-0.07960535
-0.043214332,-0.07215113
0.07978733,-0.06941701
0.09549605,-0.06980009
0.093745545,-0.066494144
0.11003134,-0.043457232
0.17024332,0.032300316
0.18784507,0.21367958
0.3431423,0.5354506
0.8236715,0.9486271
1.0267814,1.3014082
0.8984368,1.493426
1.1437417,1.5576582
1.1333606,1.5481279
1.2742814,1.4881682
1.1422665,1.3764527
1.115986,1.1993301
1.2913659,0.9420899
0.8770972,0.6078521
-1.330504,0.2452895
0.6334501,0.7765975
0.98171514,0.9121599
1.2329948,1.094574
1.3663809,1.2899292
1.5115753,1.4878758
1.7485507,1.6843542
2.0324235,1.7893131
2.059575,1.813134
1.955045,1.7705474
1.8653655,1.6730622
1.473799,1.5372162
1.2992373,1.3730569
1.1054448,1.1783421
0.7909526,0.9443667
0.47834772,0.6708202
-0.01038177,0.38777226
-0.07132668,0.16354764
-0.12292313,0.03871741
-0.13358188,-0.022716887
-0.10185808,-0.050241925
-0.1200315,-0.05804374
-0.096016265,-0.055837713
-0.100350745,-0.04994253
-0.0014702104,-0.044006713
-0.12439485,-0.040148266
-0.088268936,-0.039803706
-0.13919528,-0.043180667
-0.0687245,-0.046482153
-0.05436793,-0.036941208
-0.124437705,0.014891885
-0.07059623,0.16239548
0.16644388,0.4602492
0.7143235,0.89062464
1.5210273,1.2996556
1.4106078,1.536176
1.2510275,1.6145179
1.1024876,1.5959951
0.66096103,1.5119531
0.8094634,1.3678733
0.54194534,1.1574543
1.424931,0.87322223
0.93610406,0.5240154
1.148792,1.1926657
1.2388312,1.4502707
1.2833921,1.6726619
1.4396993,1.8275139
1.6729773,1.9467435
1.7294415,1.968224
1.6136483,1.916188
1.5068109,1.7949809
1.4271384,1.6169438
1.3580573,1.4134095
1.166076,1.2020135
0.98621196,0.97925353
0.81058925,0.7342503
0.3956941,0.4709729
0.21122555,0.2320598
0.07335716,0.07450213
0.08844658,-0.0093205795
0.09600016,-0.050361417
0.049529463,-0.065056
0.06776245,-0.06420813
0.07669777,-0.0554393
0.050910003,-0.043894596
0.12662297,-0.032952406
0.016883815,-0.024811752
0.10871648,-0.020644717
-0.004474679,-0.019712038
0.062249925,-0.01679521
0.17427833,0.002395399
0.14563066,0.06847816
0.29165664,0.23292756
0.3830929,0.5386975
0.7406261,0.95380044
1.0881163,1.3292058
1.0957587,1.5419811
1.1892887,1.6151017
1.2042297,1.6035364
1.1903532,1.5334954
1.0707294,1.4070907
1.0651354,1.2147722
1.1343405,0.9453151
1.310989,0.6024701
0.09525667,0.23261917
0.3559118,0.46305203
0.52220577,0.4865303
0.8023018,0.5981677
1.158667,0.77236265
1.2304072,0.9776497
1.4307865,1.2077298
1.6198525,1.4579498
1.854368,1.6402379
2.2329373,1.7451603
2.015952,1.7856477
2.0445125,1.7698324
1.7528896,1.7029271
1.5721695,1.5858023
1.3424205,1.4131186
0.9920653,1.1763333
0.76085794,0.874261
0.15230325,0.52955997
-0.16863374,0.21036062
-0.13062933,0.0060722157
-0.24117528,-0.08766965
-0.1674524,-0.13016811
-0.19771384,-0.1456506
-0.2389962,-0.14639118
-0.15963301,-0.14031154
-0.21967159,-0.1320504
-0.23154481,-0.124374874
-0.1867417,-0.11947376
-0.17428719,-0.119064875
-0.22304016,-0.12213463
-0.13076578,-0.120450385
-0.2450142,-0.091760226
-0.041159406,0.0102325305
0.21998967,0.25234434
1.0359787,0.6628895
1.3718802,1.1319113
1.5060271,1.4540844
1.7318785,1.5814319
1.496437,1.5770042
1.3916132,1.4890563
0.43924257,1.3346701
0.66686904,1.1157733
0.49658033,0.8320087
0.3430085,0.66185486
0.39819792,0.7320747
0.59902734,0.8832433
0.5947494,1.0790353
0.8730995,1.2949512
1.129295,1.5377636
1.2546419,1.7078025
1.225031,1.781202
1.3701631,1.7725769
1.7554293,1.693693
1.632682,1.5597992
1.0142225,1.3782271
0.8138706,1.1457664
0.79806465,0.8605609
0.7381405,0.53320956
0.8141052,0.206166
0.7781495,-0.030879878
0.38222003,-0.15140122
0.0110725695,-0.21187356
-0.3336664,-0.24203625
-0.28936386,-0.25475055
-0.31398207,-0.25693133
-0.31995165,-0.2524859
-0.35521865,-0.2445445
-0.3761654,-0.23640755
-0.25486773,-0.2316406
-0.20726883,-0.23311302
-0.23170358,-0.24029884
-0.21035026,-0.24533442
-0.20169947,-0.22538435
-0.16533722,-0.12972093
-0.25172514,0.111038096
-0.13744262,0.52071565
0.431427,0.9784734
1.1705946,1.2790082
1.3058528,1.377136
1.4611621,1.3338823
1.5668546,1.1961653
1.5057186,0.9784863
0.9345205,0.684766
0.18928172,0.33628854
0.751346,-0.011366725
1.0330681,0.9007528
1.0877497,1.0738294
1.2142215,1.294982
1.4875884,1.4966664
1.6706089,1.6989197
1.7480648,1.8453567
1.7015829,1.8922963
1.6706913,1.8629194
1.5704651,1.766047
1.4021014,1.6182399
1.2264347,1.4387226
0.86656153,1.2338504
0.7056182,0.9989302
0.47005382,0.72957516
0.13855919,0.4397936
-0.053136695,0.18355751
-0.10904683,0.023867749
-0.1681052,-0.056388684
-0.14509171,-0.09421482
-0.12172732,-0.10705043
-0.114383765,-0.105879195
-0.11567185,-0.0980073
-0.078301676,-0.08811516
-0.11159784,-0.07937711
-0.1693056,-0.07418553
-0.11692002,-0.073843904
-0.069562465,-0.07676075
0.027809357,-0.075551726
0.040687114,-0.052800067
0.043277234,0.026814424
0.33443034,0.21811348
0.6924742,0.5520659
1.1647813,0.96865535
1.2051563,1.3123755
1.4122282,1.4946978
1.7752271,1.5536523
1.8119189,1.5434501
1.4706609,1.4878371
1.1274478,1.3864331
1.0778062,1.2264781
1.1386253,0.99308896
-0.425803,0.68486583
0.5350479,0.73684335
0.58950925,0.8055043
0.51987135,0.9447446
0.5789757,1.1113763
0.82298434,1.2914484
0.94173396,1.5014261
1.0593448,1.6534215
1.1385202,1.7215576
1.4058048,1.7187134
1.6809034,1.6521213
1.6793725,1.537041
1.2858251,1.3853345
1.0087596,1.1958966
0.969151,0.96264863
0.9005696,0.68716514
0.9011498,0.3949564
0.7066905,0.15251103
0.48240283,0.011004068
0.049931396,-0.06168685
-0.07737214,-0.09837697
-0.0437714,-0.11459697
-0.12252256,-0.120213695
-0.02785568,-0.12118644
0.051780835,-0.12090496
-0.022838822,-0.12157322
-0.0019164791,-0.12510431
0.027270623,-0.132628
0.050268214,-0.14174765
0.064453244,-0.14167768
0.08775917,-0.10483778
0.14827853,0.023774318
0.2283066,0.3113636
0.7948874,0.75723916
1.6586486,1.192388
1.7323977,1.4327009
1.2436465,1.48144
0.82634485,1.4028604
0.33513764,1.2319353
0.17096119,0.97826576
0.016310303,0.64798546
0.9540714,0.27028853
0.049178693,-0.08931759
0.47956744,0.5783258
0.45972767,0.64625645
0.578183,0.79224646
0.6824721,0.99893343
0.87800634,1.2340529
1.139163,1.4980788
1.1442114,1.688281
1.2054461,1.7729731
1.4075841,1.7698165
1.8252252,1.6939285
1.6308037,1.5595942
1.0803311,1.370671
0.6773431,1.1206129
0.7186649,0.80674136
0.6595326,0.44542885
0.6673108,0.09440503
0.60821277,-0.14112288
0.21467319,-0.25421602
-0.21656461,-0.3139505
-0.46140984,-0.34783602
-0.60433686,-0.36622635
-0.52146584,-0.37361053
-0.6055392,-0.37204993
-0.5515251,-0.3637806
-0.51657516,-0.35229507
-0.59782666,-0.34226078
-0.47955027,-0.33865854
-0.48313123,-0.3442676
-0.44739312,-0.35532045
-0.4121411,-0.35323158
-0.5870846,-0.2895939
-0.56580806,-0.09281144
-0.29643443,0.28014493
0.57088625,0.7599548
1.2508215,1.1317554
1.1414558,1.2856705
1.5362577,1.2682405
1.4738657,1.1370139
1.4425237,0.9160466
0.44514987,0.61433095
0.62450165,0.25751758
0.77679724,-0.09698062
0.8770245,0.72982824
1.0752071,0.865292
1.2273222,1.0610428
1.4610441,1.2784319
1.6133871,1.4944776
1.8635504,1.7087405
1.9391989,1.8281066
1.8055352,1.8624029
1.7156992,1.8294771
1.5623242,1.7413507
1.3891413,1.6117344
1.1030811,1.4490689
0.8594513,1.252521
0.6460839,1.0154523
0.23711912,0.73600054
-0.053933296,0.43772703
-0.18162957,0.18575877
-0.2136374,0.03918036
-0.23014556,-0.030260302
-0.20268594,-0.060381822
-0.18660997,-0.06758363
-0.169301,-0.06259645
-0.11887925,-0.052682705
-0.2314618,-0.042261995
-0.25272995,-0.033954896
-0.17907362,-0.029486932
-0.13752359,-0.029314257
-0.04745131,-0.030256309
-0.13607667,-0.021446712
-0.031847395,0.021837287
0.10642214,0.14537215
0.45388693,0.4019968
1.1789231,0.7908894
1.2919359,1.2022667
1.1661081,1.4814197
1.5811864,1.6054232
1.6460141,1.6304393
1.3755152,1.5971841
1.1928086,1.5187714
1.2474322,1.3912328
2.0894825,1.2030853
1.4409407,0.9436233
1.8341904,1.498003
1.9991467,1.7761713
2.2502697,1.9689338
2.2137725,2.0901384
1.9990296,2.0840185
1.8770204,1.991344
1.803828,1.8159242
1.677023,1.5754416
1.4224563,1.3159349
1.1596186,1.0477113
0.9596152,0.7580265
0.78481317,0.4442662
0.27623773,0.1444977
0.02199252,-0.06483481
-0.018681971,-0.17896467
-0.15910272,-0.24253288
-0.13835233,-0.2778995
-0.19676884,-0.2960085
-0.2578325,-0.30223054
-0.17293482,-0.29965645
-0.18425015,-0.29136756
-0.20786665,-0.28093427
-0.17341651,-0.27203634
-0.18880995,-0.2679286
-0.2025329,-0.2700658
-0.15232065,-0.27505875
-0.17015938,-0.26809013
-0.13734193,-0.20947659
-0.111898765,-0.030790351
0.20667872,0.3258876
0.8580202,0.807825
1.4722505,1.1773984
1.4181658,1.2891304
0.90275556,1.1698446
0.13662322,0.875613
-0.6760625,0.45484376
-1.1367253,-0.026179321
-1.4714699,-0.47262084
-1.3399117,-0.7951683
-0.7837061,-0.9878668
-0.5356556,-1.121976
-1.4049165,-1.2281127
0.96346486,0.7919985
0.96727747,0.92955804
1.1599517,1.125253
1.5304807,1.328984
1.7209314,1.5325265
1.9591606,1.7286747
1.8779181,1.8292882
1.8366424,1.8490069
1.7215661,1.8019958
1.4712657,1.7003459
1.2686056,1.5609426
0.99094313,1.3938975
0.625416,1.1975884
0.3387979,0.9638629
0.061340354,0.69096
-0.1347247,0.4051789
-0.0800019,0.17292622
-0.09261111,0.04157623
-0.0768271,-0.022149585
-0.124038905,-0.05005061
-0.10104327,-0.05705697
-0.22013651,-0.053339504
-0.2200035,-0.045598693
-0.17421067,-0.037687607
-0.1476396,-0.03173823
-0.067374654,-0.029138394
-0.2143643,-0.030159302
-0.09877274,-0.03123013
-0.12689337,-0.01979608
0.011037699,0.033284895
0.32866988,0.18051317
0.95763254,0.4765525
1.2726799,0.9062108
1.2482643,1.3182385
1.7065378,1.5594515
1.981191,1.6416552
1.7313601,1.6254399
1.3001845,1.5429316
1.4045006,1.4013684
1.700326,1.1967448
1.2837062,0.9231305
-0.66540587,0.5865
1.3521916,1.0802319
1.4822482,1.393701
1.6291394,1.6549531
2.054986,1.8852587
2.4097273,2.004012
2.6263793,1.9824247
2.3600276,1.8485231
1.8076247,1.6350837
1.5275418,1.3790455
1.5785922,1.0821557
1.1600664,0.7341465
0.7893082,0.3429113
0.2948685,-0.040862188
-0.13720122,-0.30723715
-0.41216427,-0.44804215
-0.60814285,-0.5414286
-0.6109468,-0.6124389
-0.7792592,-0.6692188
-0.72325134,-0.7171848
-1.0139985,-0.7591821
-1.1235871,-0.79529965
-1.0080501,-0.8241165
-0.97281575,-0.8446782
-0.94498676,-0.85773325
-1.0663341,-0.86465883
-1.1214225,-0.8650414
-1.1315767,-0.854442
-1.3806773,-0.81559485
-1.4604325,-0.71103746
-1.376431,-0.4974136
-1.2555068,-0.14835414
-0.63476914,0.3099675
-0.055210773,0.69634926
-0.22583692,0.8364507
-0.3140356,0.7455234
-0.083085194,0.47925043
-0.18805143,0.08656552
-1.027865,-0.36594543
-1.129412,-0.788765
-0.41125947,-1.100814
0.33893403,-1.2945833
-1.2631807,-1.4134135
0.57866204,0.6260742
0.8200714,0.67622805
1.1120806,0.7971345
1.1975576,0.9670166
1.3946242,1.1638708
1.4858992,1.3981787
1.8488373,1.5924648
1.8922747,1.6918874
1.8599578,1.7075096
1.8072011,1.649976
1.5437843,1.5356488
1.3118063,1.374002
0.996762,1.1607995
0.7958744,0.8913845
0.27425483,0.57471347
-0.15885125,0.24887991
-0.4044437,0.0005397573
-0.42936826,-0.13120979
-0.43388274,-0.19877532
-0.39159063,-0.23468289
-0.41911831,-0.25271755
-0.47497547,-0.2601818
-0.41522816,-0.26109678
-0.47761574,-0.25841174
-0.3345254,-0.2549011
-0.45262042,-0.25349197
-0.39815363,-0.25699776
-0.3957483,-0.2660729
-0.43431035,-0.27478626
-0.3045754,-0.2610818
-0.13790043,-0.17162496
0.1629134,0.06889678
0.81281656,0.49405837
1.0391842,0.97160125
1.0122418,1.2597566
0.920722,1.3013188
0.5525618,1.1496068
0.09325391,0.85422236
0.033688076,0.45433807
0.5050118,0.0110044405
1.0953095,-0.3917138
-1.4639858,-0.6733907
0.94828063,0.98569167
1.0456337,1.1807404
1.20726,1.4022787
1.4549445,1.5780101
1.7401078,1.7509266
1.7802929,1.8621722
1.6568012,1.8867433
1.6529506,1.8463438
1.4946928,1.7468096
1.3910911,1.6034768
1.2513523,1.4371533
1.0339419,1.2567768
0.73698556,1.0581311
0.3904016,0.8320615
0.15451486,0.5810368
0.0840246,0.34009278
0.09675672,0.16887182
0.071988724,0.0775721
0.07587133,0.0336624
0.07496595,0.01793515
0.025331566,0.018779196
0.006449943,0.027690582
-0.043473437,0.038907908
0.032184567,0.0490518
0.08736607,0.05642002
0.059702788,0.060477726
0.10630553,0.062817685
0.14142251,0.07068143
0.18965106,0.10303154
0.23249829,0.19720316
0.37281805,0.40384495
0.9442464,0.74371564
1.25917,1.1494703
1.2518119,1.4659033
1.4097098,1.628181
1.6724426,1.6778448
1.592586,1.6585355
1.3340493,1.5891638
1.1711957,1.4700122
1.6183753,1.2920702
1.9981238,1.0446581
0.53778374,0.72735876
0.31231666,0.41540825
0.27111405,0.43175113
0.28087538,0.5414546
0.4256811,0.71152353
0.47482973,0.9052396
0.6815222,1.109614
0.9549438,1.3408538
1.1465387,1.527484
1.2994549,1.6425872
1.5386555,1.6943653
1.8134686,1.6855644
2.1177704,1.6144271
2.13165,1.4747064
1.953513,1.2630904
1.7209034,0.9887508
1.680646,0.66714257
1.2839184,0.33217353
0.9248134,0.06613862
0.18934081,-0.076797016
-0.16737263,-0.14565381
-0.17509186,-0.17920104
-0.2862506,-0.19308546
-0.24975826,-0.19646472
-0.3893567,-0.19461611
-0.3253343,-0.1911644
-0.28947815,-0.18970376
-0.3205703,-0.19366592
-0.3747036,-0.20391074
-0.28716952,-0.21561408
-0.2688721,-0.21581319
-0.3359805,-0.17640841
-0.22656168,-0.046268888
-0.16273762,0.2181176
-0.0553804,0.5842058
0.5476299,0.93418145
1.2973047,1.1627768
0.83907247,1.2661037
1.1127684,1.2971623
1.0606354,1.2950485
0.45220295,1.2699319
-0.09556807,1.2127067
0.44475642,1.1056987
1.2766678,1.2159913
1.4305471,1.4997956
1.6039548,1.7215633
1.8084064,1.8898146
1.9201043,1.9905684
1.8192786,1.9829504
1.7110435,1.8882167
1.642594,1.7107296
1.393102,1.4852235
1.2831241,1.2453759
0.9835519,0.9905791
0.7387915,0.7066846
0.2750769,0.39726877
-0.10917116,0.11432298
-0.23187508,-0.0687146
-0.26722202,-0.16506425
-0.3306034,-0.21667421
-0.28110653,-0.24274686
-0.28898528,-0.25336656
-0.24522623,-0.25372854
-0.21856381,-0.24693775
-0.29794455,-0.23607165
-0.31364,-0.22457483
-0.3056881,-0.21577865
-0.25688943,-0.21219653
-0.25935972,-0.2140308
-0.33216196,-0.21629551
-0.4377907,-0.20293364
-0.35432985,-0.13482293
-0.2784693,0.055089675
-0.035472088,0.4224233
0.4431532,0.90646863
0.6335698,1.2748913
0.6267688,1.4055141
0.821497,1.3389025
0.82448924,1.1288302
0.99494463,0.80538625
0.89575845,0.39652413
0.99392027,-0.03962244
1.1268197,-0.41843596
0.35875168,-0.6630472
-2.2933736,-0.79615605
1.1682203,1.2760942
1.4035654,1.5415732
1.5522206,1.7572916
1.7776604,1.9059191
1.8552486,1.9946592
1.7123843,1.9866593
1.7111952,1.9056237
1.5802405,1.7506918
1.4426754,1.5432315
1.3130084,1.3196934
0.96832514,1.09053
0.8315008,0.84612775
0.43438625,0.5786475
0.104942486,0.30937147
0.04673702,0.099970736
-0.075779535,-0.02058483
-0.17438056,-0.08413077
-0.114953056,-0.114160486
-0.1309946,-0.12375877
-0.13863043,-0.12161804
-0.1501195,-0.11343265
-0.121682666,-0.103165634
-0.040746547,-0.09381006
-0.123106904,-0.08759684
-0.084792696,-0.08566285
-0.104625024,-0.086601235
-0.108633295,-0.083421655
-0.034250252,-0.05811418
-0.047935862,0.027512126
0.07204806,0.23394871
0.35187888,0.599949
0.7286911,1.0528646
0.8702983,1.3963974
0.9439401,1.5470588
1.0187935,1.5568368
1.0111476,1.4749058
1.1007739,1.317405
1.0741216,1.0830588
1.1112366,0.76882136
1.1992754,0.39272404
1.0556974,0.017431028
-0.6435887,-0.26286095
0.86701703,0.8074228
1.0054392,0.93204296
1.0703505,1.1197829
1.1453614,1.3149376
1.3399448,1.5105187
1.5108035,1.703051
1.470409,1.8048422
1.3568274,1.8283991
1.3026929,1.7866855
1.1856196,1.6893506
1.0332791,1.5520313
0.8805673,1.3849554
0.7740041,1.1875048
0.6580981,0.9538176
0.3594392,0.68383795
0.11066046,0.402964
0.0555239,0.17524806
-0.0017892165,0.045501567
0.018711982,-0.018558241
0.0120963175,-0.047253497
-0.020464895,-0.055242456
-0.07382623,-0.052557893
-0.055523284,-0.045845754
-0.063282184,-0.039059736
0.010321679,-0.034571134
-0.015822932,-0.033927493
-0.015437796,-0.037075408
0.06272569,-0.039562605
0.08143379,-0.028220706
0.0874741,0.02555161
0.20489742,0.17200476
0.508232,0.45886517
1.1327579,0.86390036
1.4014703,1.2519653
1.6723053,1.4884531
2.1192117,1.5804913
2.1921093,1.5863838
1.7434313,1.5399246
1.2759602,1.448057
1.11495,1.3024812
1.4007266,1.0894564
0.41135952,0.80136013
1.0575869,1.1554974
1.2479354,1.4048684
1.394221,1.6228014
1.5091889,1.7901303
1.7266748,1.9221599
1.6400088,1.946162
1.6373881,1.8806226
1.4504622,1.7287352
1.3370838,1.5174953
1.1531774,1.2866986
0.88634276,1.0428733
0.7927415,0.77228373
0.40524805,0.4714018
0.07984354,0.17806965
-0.098487735,-0.030669846
-0.1876324,-0.14367637
-0.20168222,-0.20454347
-0.18858945,-0.23650455
-0.14308399,-0.25126904
-0.13933346,-0.25496122
-0.16637258,-0.25095475
-0.20141993,-0.24222511
-0.26048133,-0.23208079
-0.21831927,-0.2238315
-0.24210398,-0.22024196
-0.25906107,-0.2223219
-0.23831105,-0.22675958
-0.26983365,-0.2208055
-0.24030079,-0.17105901
-0.14995897,-0.014347501
0.08227616,0.3138553
0.5156934,0.7878878
0.70339113,1.1936853
0.78361565,1.3627863
1.0457244,1.3141165
1.0575022,1.1045098
1.0445975,0.770939
0.70085204,0.3479944
0.59531516,-0.099043906
0.75433284,-0.48201573
0.13616082,-0.7276972
-2.113676,-0.86753297
0.8574434,0.78509396
0.9978854,0.9161117
1.1628833,1.1132166
1.3077358,1.3234075
1.4898267,1.5363686
1.6884584,1.7370131
1.6068547,1.8374391
1.4974103,1.8533106
1.4699258,1.7975293
1.220786,1.6826605
1.0485437,1.5255668
0.95873266,1.3344364
0.76713675,1.1068699
0.49643642,0.83889806
0.21445091,0.53844154
0.026875166,0.2476055
-0.023678895,0.04299756
-0.083739184,-0.061844178
-0.13080443,-0.112770446
-0.12898913,-0.13383657
-0.0710532,-0.13779655
-0.13054322,-0.13292167
-0.13684206,-0.12439165
-0.1979606,-0.11568729
-0.1525772,-0.109607495
-0.13403563,-0.10833026
-0.17288816,-0.111917056
-0.08433756,-0.115513004
-0.15989892,-0.105853
0.024003442,-0.0544563
0.26889703,0.09028704
0.7390572,0.3794133
1.0961522,0.7909162
1.0261143,1.1850302
1.4327487,1.4239964
1.656452,1.5135179
1.6256413,1.5151136
1.4425931,1.4640986
1.304399,1.3663408
1.4785637,1.211626
1.3478425,0.9855356
-0.6003196,0.68514246
0.5155401,0.60969245
0.5262437,0.6591471
0.7966843,0.79102767
1.0629921,0.9668462
1.2304064,1.1557848
1.3708775,1.3659563
1.4724547,1.5667083
1.562012,1.6905935
1.9229238,1.7496564
2.0880532,1.7541385
1.9721751,1.7101959
1.8734281,1.6232654
1.5879346,1.4947999
1.4949036,1.3222394
1.2806607,1.102751
1.0284935,0.8375069
0.5740294,0.5462696
0.16792053,0.2861597
0.114010945,0.12224791
-0.0612822,0.042494245
0.0051947515,0.0050127134
-0.046780176,-0.008494206
-0.0074904296,-0.009146608
-0.054582663,-0.004663117
0.059023157,0.00028578192
0.041956477,0.0031186268
-0.053971637,0.0023979917
-0.046019975,-0.0014089122
-0.012721065,-0.0028096214
0.026609423,0.013409637
0.09163518,0.07884813
0.1905162,0.24418506
0.26603433,0.5458039
0.88280565,0.94449437
1.2342443,1.302824
1.329521,1.5137897
1.6205888,1.5969934
1.41194,1.6056454
1.5123109,1.5701975
0.6634795,1.497193
0.67289954,1.3783357
0.7592474,1.1988982
1.0403388,0.90478814
1.2694069,1.0984224
1.2271624,1.3083088
1.3362116,1.5093529
1.2905961,1.7250379
1.2640008,1.8534718
1.6249859,1.8679131
2.0627632,1.7832142
1.8493129,1.6214428
1.3248808,1.4210491
1.0972127,1.1968981
0.8313625,0.9360297
0.7881946,0.625494
0.6682952,0.28638387
0.3151466,-0.0025011078
0.18674797,-0.168823
-0.27117452,-0.25395906
-0.4651718,-0.30199882
-0.20938651,-0.32945335
-0.34440678,-0.3438839
-0.375252,-0.34859872
-0.21972162,-0.34581804
-0.40926164,-0.3383039
-0.3512229,-0.32935873
-0.3592568,-0.32243466
-0.3568816,-0.32077956
-0.49451852,-0.32587513
-0.47938806,-0.332999
-0.21623196,-0.32013437
-0.22024457,-0.23256668
-0.16074306,0.004100837
0.63700396,0.42881268
1.7985166,0.92063034
1.6175416,1.2118511
1.345539,1.211382
0.87237084,0.9627962
0.18612245,0.5330958
-1.0663434,0.001679264
-1.4116281,-0.52044255
-0.99308616,-0.9223606
-0.63321817,-1.1652299
-1.5624793,-1.3173207
0.8205837,0.6244195
0.8909078,0.836455
0.9437676,1.0465611
0.99295354,1.2972823
1.1038984,1.4994749
1.1829932,1.5182269
1.1401647,1.3896563
1.0698462,1.1678505
0.9789485,0.86839277
0.8731952,0.48305964
0.7869597,0.009912141
0.622921,-0.5057312
0.4814554,-0.93200886
0.306517,-1.2035617
0.1696878,-1.3877748
-0.4193325,-1.510431
-1.4020566,-1.584528
-1.6769259,-1.6258913
-1.8534087,-1.6481175
-1.9666749,-1.6596874
-2.0082457,-1.6649079
-2.0858645,-1.6655902
-2.1245935,-1.6621671
-2.1349885,-1.6541374
-2.1835256,-1.6399547
-2.2081802,-1.6167877
-2.2362056,-1.5807722
-2.2620587,-1.5276682
-2.2982223,-1.4531572
-2.2651985,-1.353131
-2.1767328,-1.2260962
-2.0001912,-1.0808119
-1.7802174,-0.94053894
-1.9038473,-0.844053
-1.8177323,-0.8295555
-1.63953,-0.90770155
-1.5208004,-1.0493274
-1.6108484,-1.2076204
-1.6746744,-1.3482335
-1.6124225,-1.4545661
-1.433124,-1.525043
-2.0452425,-1.5672705
0.32745305,0.49497038
0.40310764,0.53177696
0.533904,0.6555935
0.7815022,0.84278965
1.0769103,1.0571405
1.2784213,1.301609
1.4079106,1.5258688
1.5858293,1.6564512
1.8605573,1.7016006
1.9829769,1.670799
1.7524794,1.5715417
1.6481116,1.4048252
1.3812618,1.1669741
1.1656128,0.864347
0.91313565,0.5156432
0.4681897,0.16135702
0.13227205,-0.10226432
-0.32705262,-0.236446
-0.52788645,-0.30675536
-0.5562501,-0.34820098
-0.6143995,-0.3732156
-0.5772779,-0.38704377
-0.5683295,-0.3916028
-0.60180026,-0.38850123
-0.623306,-0.38076222
-0.60523653,-0.37312502
-0.6634634,-0.37117404
-0.681174,-0.37881464
-0.60546374,-0.39414942
-0.56439596,-0.40285435
-0.45903534,-0.36467052
-0.32586727,-0.2142505
-0.0075451317,0.09312651
1.0945117,0.52074003
1.4834211,0.90942836
1.3799499,1.1217195
1.2307951,1.1764436
0.5275726,1.1388638
-0.10077292,1.04088
-0.40817675,0.88245344
0.5060791,0.6558827
-1.167209,0.3720422
1.1378694,0.97352767
1.3670591,1.2314445
1.5315611,1.4833632
1.7883204,1.7092677
1.9460883,1.9053161
1.8743683,1.9725683
1.8702799,1.9319117
1.6331391,1.8009944
1.5238702,1.6111866
1.2885495,1.3919431
1.1038067,1.1449019
0.76732546,0.8544249
0.28059784,0.51547545
-0.07893204,0.16636235
-0.3093254,-0.09721806
-0.3376273,-0.23335862
-0.37219566,-0.3041164
-0.50585043,-0.3442734
-0.53980833,-0.36634773
-0.52155584,-0.37591627
-0.55514014,-0.3753445
-0.41967028,-0.36660635
-0.46120656,-0.35272244
-0.38117388,-0.33765927
-0.56078464,-0.32570425
-0.47954586,-0.32056004
-0.49618214,-0.32298172
-0.4927728,-0.3257764
-0.47408965,-0.30254892
-0.38826624,-0.19450444
0.017159676,0.07203295
0.5392791,0.5257442
0.63423306,1.0226712
0.81059384,1.3115968
0.8906626,1.3406069
0.8498094,1.164923
0.9153881,0.8375647
0.64488494,0.4034968
0.9149226,-0.0734779
1.0421689,-0.5067866
0.1694273,-0.8167205
-2.3863423,-1.003153
-0.14831349,-0.1799757
-0.061736736,-0.2634057
-0.022363294,-0.28877482
0.04764159,-0.249053
0.096651316,-0.18746349
0.0317316,-0.1310507
-0.017276041,-0.10671901
-0.10085754,-0.16687225
-0.25526735,-0.31133232
-0.40328565,-0.51434714
-0.5047685,-0.7570425
-0.6904816,-1.0173359
-0.9785073,-1.2607174
-1.1570749,-1.4453502
-1.3612987,-1.5560715
-1.4839461,-1.6138908
-1.5030702,-1.6426724
-1.5322489,-1.6564107
-1.5223415,-1.662171
-1.568585,-1.6631525
-1.5942602,-1.6605229
-1.6553111,-1.6543262
-1.652207,-1.6437929
-1.6861002,-1.6274102
-1.6914967,-1.603028
-1.6867174,-1.5680516
-1.7431077,-1.5194633
-1.7962902,-1.4538343
-1.850957,-1.3691678
-1.7869589,-1.2695305
-1.6464739,-1.1681798
-1.3714703,-1.0865033
-1.2211764,-1.0474693
-1.2651742,-1.0615989
-1.2677016,-1.1194383
-1.3850547,-1.2003362
-1.4389137,-1.2848287
-1.6144714,-1.3601122
-1.4547902,-1.420258
-1.5041599,-1.4643953
-1.5328457,-1.4943002
-3.0287533,-1.5124453
2.1457343,1.6473784
2.280323,1.9164236
2.2305098,2.0973182
2.0592558,2.1721478
1.7565478,2.112395
1.7063978,1.9728942
1.4516585,1.7496827
1.163653,1.4782808
1.0125369,1.199888
0.6438674,0.90816236
0.13219367,0.5896788
-0.0502032,0.26026818
-0.11962282,-0.009530373
-0.2915768,-0.16732553
-0.29320246,-0.25495136
-0.35718322,-0.30718857
-0.32952788,-0.338756
-0.29575208,-0.35650158
-0.41098246,-0.36364982
-0.33633488,-0.36282992
-0.29093504,-0.35721755
-0.3323916,-0.3503909
-0.39853156,-0.3460653
-0.36861995,-0.34754962
-0.24564676,-0.3554865
-0.28204247,-0.36179116
-0.3528086,-0.3359113
-0.34678838,-0.21579
-0.2110001,0.064019494
0.09551318,0.50659925
0.49370384,0.9292631
0.65243715,1.0983533
0.6345765,0.97251344
0.46422654,0.6040117
-0.02887444,0.07887655
-0.509778,-0.47456795
-0.79273856,-0.9159336
-0.83207977,-1.1823833
-0.37971953,-1.3416586
0.20323575,-1.4453506
0.14873701,-1.5116003
-1.0677019,-1.552134
0.39673892,0.59779733
0.44011196,0.66422707
0.45213607,0.8180511
0.82532215,1.0226953
0.94401646,1.2437342
1.1828697,1.4920127
1.288234,1.6883705
1.6097339,1.7885871
1.8069469,1.8090556
2.2091508,1.7603881
2.4123092,1.6536927
2.3860605,1.4955412
2.1306074,1.2845148
2.0391521,1.0185933
1.7789886,0.702616
1.4340456,0.36221132
1.024815,0.072490744
0.24267815,-0.09251311
-0.088709794,-0.1707395
-0.19417861,-0.20869297
-0.29321128,-0.2240291
-0.2976757,-0.22642133
-0.27336243,-0.22143865
-0.31738925,-0.21274593
-0.38684747,-0.20362529
-0.34816858,-0.19753933
-0.30204582,-0.19745147
-0.36894724,-0.2032618
-0.31408426,-0.208298
-0.37743133,-0.19425234
-0.3677838,-0.120439984
-0.34594616,0.077616
-0.2653139,0.43858427
-0.12266526,0.88842523
0.46879178,1.2408041
1.0453961,1.4071667
0.8317781,1.4351398
0.99862266,1.382847
0.67101365,1.2725265
0.20232728,1.1018893
-0.3208091,0.8616653
-0.16344011,0.55549407
0.80818295,0.91544724
0.9896325,1.0999775
1.0964173,1.3246281
1.4210391,1.5322943
1.5735753,1.7462318
1.6546279,1.8773243
1.5121247,1.9016714
1.4432273,1.8380089
1.3357657,1.6994894
1.0453182,1.5139368
0.95078164,1.2998481
0.75050235,1.054763
0.5720028,0.7706217
0.22261748,0.45427918
-0.056831293,0.15127918
-0.21331246,-0.055901237
-0.24846408,-0.16203222
-0.26503897,-0.21650162
-0.39361578,-0.24283361
-0.25261068,-0.25248942
-0.2730639,-0.2515958
-0.29568633,-0.24374047
-0.24156928,-0.23214391
-0.26769555,-0.2203306
-0.31318283,-0.21185115
-0.23359856,-0.20936972
-0.21009555,-0.21257243
-0.22750928,-0.21496895
-0.18301068,-0.19806069
-0.17381541,-0.11966009
0.044643942,0.087165825
0.7352401,0.46579552
1.2790685,0.93620753
1.3662724,1.285449
1.8054328,1.4248439
2.0796041,1.4055111
1.9114296,1.279945
1.1082883,1.0676445
0.49913985,0.7730845
0.2664981,0.4123075
0.1415433,0.036779486
-1.2757401,-0.26970726
1.1006881,1.1675804
1.1959099,1.4131788
1.500823,1.6437483
1.6823639,1.8143053
1.8543133,1.9446838
1.7063022,1.9691632
1.6888489,1.912683
1.595913,1.7793813
1.401419,1.585992
1.192886,1.3657024
0.9595272,1.1309752
0.78857267,0.8753153
0.5062721,0.59387064
0.11543529,0.30602702
-0.1680219,0.07394829
-0.24619575,-0.060894318
-0.23407078,-0.13139036
-0.21341015,-0.16596493
-0.23628223,-0.17904183
-0.29441518,-0.1793969
-0.24342759,-0.17233172
-0.2629173,-0.16169018
-0.2265335,-0.15100637
-0.256914,-0.14350286
-0.28541544,-0.1413084
-0.23036659,-0.14379424
-0.2868005,-0.14520422
-0.17376779,-0.13109902
-0.16705652,-0.07033474
-0.132361,0.09180089
0.19970752,0.40318215
0.61119574,0.82824105
0.9503139,1.2072706
0.9180621,1.4145732
1.1473606,1.4741776
1.2334975,1.4454542
1.0925083,1.3546739
0.8603129,1.2004584
0.88003284,0.97046065
1.3278146,0.6603269
1.8205245,0.30113775
-0.12993231,-0.027140498
0.6668522,0.85854554
0.98501587,0.9865713
1.2004532,1.1633779
1.3588597,1.3359206
1.5053898,1.5120372
1.6158985,1.6820829
1.8145472,1.7640972
1.7853401,1.7711332
1.6893747,1.7114987
1.6372681,1.5952202
1.3769383,1.4428221
1.2384064,1.2651222
1.0867435,1.0581608
0.8484645,0.8150747
0.5289884,0.5428443
0.19234435,0.2826783
0.0128742205,0.1004908
-0.0127721,0.0023555085
-0.09458023,-0.0482992
-0.0891272,-0.07149304
-0.06415303,-0.07915411
-0.098426685,-0.07931734
-0.113192745,-0.07693539
-0.04816267,-0.0749935
0.008768443,-0.07557546
-0.10338437,-0.080122955
-0.008253611,-0.0880144
-0.03180633,-0.09329785
0.055092603,-0.07961137
0.083150715,-0.011334293
0.06344443,0.17105341
0.2067908,0.5110432
0.5744794,0.9523833
1.0919216,1.3138063
1.0717766,1.4912164
1.0411838,1.5279441
0.79038596,1.4800041
0.49073982,1.3682303
0.41117486,1.1898335
0.5451055,0.93408513
1.3083344,0.6012013
0.3141096,0.23048335
1.5114686,1.4020231
1.7366749,1.6732776
1.8951024,1.8759099
1.9032683,2.020561
1.9114207,2.0503416
1.9112697,1.9841149
1.7650535,1.831984
1.4520146,1.6048884
1.2571138,1.3495401
1.1584573,1.0830643
0.96165574,0.7941898
0.7017484,0.4787075
0.23070924,0.16643965
-0.150674,-0.065715395
-0.1944845,-0.19463852
-0.36323953,-0.26687345
-0.34657663,-0.30914652
-0.22070302,-0.333554
-0.22024448,-0.34555408
-0.21368982,-0.34769318
-0.2991744,-0.34239528
-0.28049028,-0.33296472
-0.07479902,-0.3233077
-0.17889176,-0.31741598
-0.25967914,-0.31834662
-0.29808137,-0.32564792
-0.12801853,-0.32982197
-0.08230497,-0.29957741
-0.14589846,-0.17207861
-0.042061407,0.11940213
0.5360895,0.57398343
1.2791352,1.0052428
1.3660318,1.1986108
1.0090549,1.1348213
0.5485482,0.86671865
-0.12222699,0.4492368
-0.47038853,-0.044637166
-1.2506093,-0.5117506
-1.5743223,-0.8547294
-1.1929493,-1.0617956
-0.48174313,-1.2038113
-1.0515797,-1.3110874
0.48441222,0.47223175
0.5582114,0.5581944
0.55785716,0.73537785
0.5866457,0.9693612
0.4112934,1.2130377
0.59579504,1.4720497
0.4903137,1.6944718
0.7897663,1.8211985
1.0672985,1.8728219
1.4449639,1.8629813
1.4054618,1.7989825
1.2849123,1.6839627
1.3153968,1.5167589
1.2186079,1.2935431
0.9578655,1.0116441
1.0673305,0.67856646
1.1301221,0.33385918
0.6837399,0.06485548
0.20065731,-0.0732939
0.09178597,-0.1327771
0.10505147,-0.15497455
0.23810129,-0.15538749
0.033764794,-0.1440481
0.032309886,-0.12773225
0.097760476,-0.111157484
0.060570356,-0.09815765
-0.058020953,-0.09159092
0.2079277,-0.091261156
0.21351169,-0.0915559
0.16589776,-0.080560245
0.18198687,-0.036768623
0.21938153,0.07794701
0.36989504,0.3035674
0.7850146,0.6296648
1.1960367,0.9786204
1.2791269,1.2480342
2.0018835,1.4019107
2.4034789,1.4706447
2.4332862,1.4958527
1.8687633,1.5030811
1.4952762,1.498839
2.0121791,1.4760516
-0.24995217,0.13238329
-0.20470388,0.040463172
-0.32345265,0.0024866536
-0.14651826,0.024046354
-0.16821134,0.093274154
-0.20773466,0.18666863
-0.19598366,0.2873565
-0.17438993,0.40756488
-0.21470483,0.54983085
-0.18616815,0.6805798
-0.18454805,0.79254293
-0.22209702,0.89088416
-0.15972133,0.9699228
-0.0791416,1.0089824
0.22956112,0.9767165
0.59980327,0.8443005
0.7733001,0.6079348
1.008954,0.29837757
1.2769631,-0.001778245
1.1412394,-0.19587937
0.96850926,-0.3013228
0.6845881,-0.36667377
0.34423092,-0.41227475
-0.06783728,-0.4460938
-0.54787695,-0.4716943
-0.6030824,-0.49175864
-0.6199983,-0.50934833
-0.6769764,-0.5283032
-0.6489214,-0.55262566
-0.618331,-0.58106047
-0.6742449,-0.59281445
-0.6087047,-0.54150414
-0.61494607,-0.37793398
-0.5559692,-0.07392314
-0.44111475,0.3296457
0.13250987,0.62317014
0.7287482,0.60801244
0.36159292,0.27336198
0.23644532,-0.2765929
-0.23596871,-0.83902025
0.5094253,-1.2325302
-0.9822875,-1.4435841
1.2080313,1.0386333
1.3847593,1.2658095
1.5609651,1.4964182
1.7354736,1.6787245
1.872538,1.8505671
1.698834,1.9244988
1.709412,1.9088845
1.8402286,1.8166873
1.7331513,1.6590261
1.6455652,1.4638574
1.3881116,1.2493284
0.87058437,1.0131305
0.69488066,0.74640006
0.2847995,0.45572746
0.053692654,0.18771657
0.108581126,0.010475509
-0.032728896,-0.08191996
-0.034707747,-0.12823096
-0.0900752,-0.14755782
-0.044654083,-0.15109396
-0.09603022,-0.14587513
-0.1419687,-0.13642246
-0.026522245,-0.1262039
0.00926107,-0.11823613
-0.00023984002,-0.1148339
-0.0850832,-0.11642731
-0.18124306,-0.119343884
0.015880909,-0.11268643
0.10651604,-0.07210461
0.09975346,0.049656652
0.59691316,0.3098644
1.4249331,0.70972806
1.4447111,1.1278098
0.9750204,1.3997495
0.80998456,1.5066047
0.37600628,1.5098729
0.23823272,1.4487264
0.45029858,1.3303541
0.6196704,1.1448848
0.807371,0.87970567
0.38691452,0.5403857
-1.3489889,0.1779348
0.22888768,0.35894263
0.14109127,0.36271012
0.45034853,0.46398258
0.60569,0.637712
0.8502111,0.8493891
1.1506368,1.0919118
1.2482976,1.3617414
1.4726577,1.5629838
1.8452661,1.6784928
2.0609572,1.7217311
2.187142,1.7022524
2.1031675,1.6227667
1.9986607,1.4768877
1.794871,1.2506793
1.6322759,0.9357872
1.2611125,0.5468908
0.7885579,0.14125884
0.03644246,-0.1575504
-0.54851055,-0.30022046
-0.5947004,-0.37264982
-0.76959825,-0.41720673
-0.6919537,-0.445108
-0.7316394,-0.46072927
-0.6810727,-0.46605363
-0.5993489,-0.46330985
-0.63776517,-0.45596227
-0.7518215,-0.44884604
-0.8987304,-0.44796222
-0.65430707,-0.45782542
-0.72425216,-0.47376466
-0.6191125,-0.4668827
-0.6362016,-0.37367424
-0.6135409,-0.12404745
-0.38123602,0.3104955
0.44496918,0.8186621
0.7626849,1.1533723
0.713202,1.2403499
0.9947403,1.1355901
0.789455,0.8918599
0.45643565,0.54365647
-0.20454855,0.13479376
0.083454385,-0.26831013
1.0540584,1.0376306
1.092966,1.2692385
1.4350637,1.504256
1.6713847,1.6853622
1.8001298,1.8556085
1.803875,1.9316697
1.7901063,1.9211652
1.7397583,1.8390398
1.5513307,1.6945341
1.3327559,1.5125504
1.1738043,1.3129811
0.9575044,1.0971663
0.6365745,0.85559946
0.40026495,0.5854461
0.04930359,0.3155697
-0.1361357,0.11172555
-0.2090515,-0.0003007576
-0.23358692,-0.056149147
-0.09471011,-0.07963642
-0.17910825,-0.08376341
-0.21152653,-0.07752634
-0.06853377,-0.06693468
-0.06764092,-0.0558723
-0.105719134,-0.046924986
-0.09217942,-0.041814037
0.0012144988,-0.040888406
-0.14881304,-0.04107041
-0.0722068,-0.032119937
0.013175098,0.009558566
0.031180527,0.12885019
0.14413874,0.38077337
0.42234024,0.77035433
0.9475519,1.1884563
1.1560513,1.470862
0.98991716,1.5911494
1.1687567,1.6072407
1.2766644,1.5590379
1.0685894,1.4572299
1.1539057,1.2959878
1.3766713,1.0636656
2.056874,0.7546445
1.1989882,0.39326227
1.2421405,1.1734996
1.4976436,1.4310424
1.8611298,1.662436
2.2353795,1.8465861
2.3557506,1.9720461
2.1383283,1.9842641
1.989656,1.906853
1.6680808,1.746494
1.5256974,1.5357188
1.2889037,1.3069341
1.0535239,1.0612875
0.6298098,0.78523284
0.28595808,0.4757635
0.016440706,0.17026812
-0.14790568,-0.049181692
-0.1677114,-0.16580158
-0.39861757,-0.22748804
-0.40433753,-0.25938344
-0.14754423,-0.27333602
-0.2292946,-0.27556625
-0.16046132,-0.26976496
-0.21763895,-0.25924486
-0.13566108,-0.24739978
-0.08706003,-0.23741075
-0.20462477,-0.23193589
-0.19311838,-0.23195916
-0.19803806,-0.23375157
-0.21503904,-0.22235727
-0.103012286,-0.15886763
-0.114169955,0.02536545
0.1162271,0.39266926
0.6797377,0.8914548
1.3164867,1.275254
1.4388161,1.3994387
1.1497362,1.2956089
0.8267607,1.0220726
0.20071647,0.6250932
-0.27402073,0.15710104
-0.64056283,-0.30026934
-0.95760757,-0.66071814
-0.5543777,-0.8805795
-0.6948428,-1.0185343
1.2981565,1.1677172
1.4613506,1.4580863
1.7685244,1.6920784
2.0349696,1.8760546
2.077792,1.9934447
2.17594,1.9981863
1.8816506,1.9150844
1.5687768,1.7524514
1.4739991,1.5421515
1.1929537,1.3149819
0.87866527,1.0729444
0.5873575,0.80166566
0.07130549,0.49680138
-0.13453178,0.1970053
-0.18915668,-0.017131813
-0.24953695,-0.1298401
-0.27217716,-0.18781164
-0.29271147,-0.21550995
-0.20622107,-0.22503701
-0.1980641,-0.22329411
-0.23788263,-0.21445039
-0.17504334,-0.20193058
-0.23981774,-0.18898812
-0.17910041,-0.1784642
-0.11702048,-0.17243081
-0.19193557,-0.17109042
-0.12247361,-0.1699802
-0.1619894,-0.15420386
0.0019431822,-0.08738179
0.07596599,0.09577862
0.42096373,0.45758033
0.85097456,0.9536277
0.8412717,1.3497446
1.0507919,1.5050441
0.9913485,1.4588033
0.99593234,1.269306
1.1134328,0.9700501
0.8311919,0.5854602
1.128231,0.156654
0.9875817,-0.24665654
-0.35664022,-0.54590636
-2.6925683,-0.7109909
0.68931055,0.80986863
0.8632155,0.94757366
1.0912229,1.1547999
1.2915004,1.3747003
1.4205292,1.609421
1.7725925,1.7892672
2.0637243,1.8527417
2.171689,1.8182883
2.0261064,1.6987381
2.1279979,1.5168972
1.9146007,1.2868354
1.5700184,1.0085659
1.2767873,0.68729997
1.1292226,0.34160846
0.8267833,0.023712032
0.23757152,-0.17975959
-0.11010646,-0.28414163
-0.18836564,-0.3442212
-0.3284602,-0.38119656
-0.307514,-0.40370148
-0.38656375,-0.41501182
-0.34145498,-0.4164377
-0.39827088,-0.409804
-0.4931018,-0.398673
-0.49224663,-0.3883211
-0.48976353,-0.38455024
-0.40914193,-0.3908418
-0.39604148,-0.40406787
-0.29908296,-0.40766203
-0.31874335,-0.35907528
-0.24117121,-0.19395047
-0.111921065,0.1290206
0.45561916,0.56739825
1.1493021,0.95307076
0.86595356,1.1542573
0.3502208,1.1983818
-0.13924514,1.1490221
-0.8438577,1.0338416
-1.0367205,0.85070324
-1.0585603,0.5940614
-0.3575825,0.28299725
-0.2233696,-0.025695115
0.6305052,0.6041064
0.81953335,0.6704817
1.0547106,0.7804713
1.1082878,0.95203495
1.278899,1.1711078
1.4720548,1.4120388
1.5554552,1.545146
1.5507325,1.5486397
1.6209413,1.4441285
1.3105794,1.2678155
1.0127411,1.0296867
0.9257483,0.72239727
0.53654,0.36183485
0.19956127,-0.015462391
-0.23656839,-0.3200516
-0.6123726,-0.49585998
-0.8198851,-0.60980445
-0.90978223,-0.6994721
-0.8891313,-0.7783819
-1.0140922,-0.85530376
-1.0544363,-0.93439215
-1.069371,-1.0148379
-1.0311784,-1.0921551
-1.1015158,-1.1601104
-1.071179,-1.2122898
-1.126958,-1.2422762
-1.1196036,-1.2434291
-1.1367322,-1.2123716
-1.2419058,-1.152402
-1.2739083,-1.0628085
-1.193008,-0.9274119
-0.9645284,-0.7224951
-0.26787013,-0.4346973
0.15832345,-0.0808331
0.053856574,0.2264176
-0.0056706998,0.31643105
-0.37306333,0.1745089
-0.998205,-0.131525
-1.1441991,-0.5120522
-1.0196234,-0.87616706
-0.069057435,-1.169745
-2.7161705,-1.371884
0.12463143,0.19142807
0.12897083,0.18769807
0.070806384,0.2901108
0.31684676,0.46232045
0.53840625,0.6654086
1.0200056,0.8808814
1.3309828,1.1321628
1.4554626,1.3842831
1.5350488,1.5721934
2.0856178,1.698019
2.3303528,1.7684441
2.3022406,1.7835115
2.269574,1.7384963
2.1619344,1.6243687
1.8255557,1.4253466
1.5290453,1.1273274
1.0563211,0.741284
0.3944595,0.3166291
-0.34587827,-0.033546805
-0.5452234,-0.21765563
-0.5389575,-0.295009
-0.5350241,-0.33313918
-0.5244457,-0.3502235
-0.49233723,-0.3541004
-0.4325044,-0.34880608
-0.51955956,-0.3372802
-0.41472843,-0.32300717
-0.5736665,-0.31052163
-0.36532804,-0.30478588
-0.3855191,-0.3080509
-0.40629274,-0.31450918
-0.3169522,-0.30134305
-0.35207516,-0.21452636
-0.33694494,0.019500755
0.35425147,0.4328813
1.103621,0.92496026
0.9778592,1.2806988
1.3549365,1.4302459
1.2655392,1.434468
1.0226176,1.3501539
0.16524836,1.1989908
0.18428671,0.9825642
1.0671406,1.1434789
1.3622309,1.4104965
1.5256082,1.6425812
1.7065219,1.8258479
1.85308,1.95891
1.7918801,1.9781082
1.6928762,1.9066002
1.6237258,1.7507987
1.4819764,1.5409372
1.292316,1.3116548
1.0507879,1.0665536
0.77882147,0.79189414
0.34089622,0.4839462
-0.122223936,0.1802404
-0.31367174,-0.038095124
-0.24738356,-0.154127
-0.32813117,-0.2151775
-0.29454216,-0.2463539
-0.29021886,-0.2596814
-0.24325514,-0.26150763
-0.23560244,-0.25541404
-0.33047855,-0.24453634
-0.34658742,-0.2322554
-0.32568288,-0.2218653
-0.34639925,-0.21609539
-0.3193166,-0.21596229
-0.34959373,-0.2181285
-0.26892757,-0.20960733
-0.362168,-0.15662205
-0.28701904,0.0044350997
0.06457211,0.33957934
0.5264597,0.8240409
0.73093367,1.2386756
0.74178857,1.4134257
1.0233003,1.368892
1.0660163,1.1632164
1.0302559,0.8348259
0.9749925,0.41697514
0.78149414,-0.031039722
0.86380655,-0.42546475
0.5590532,-0.6893216
-1.7565205,-0.8357787
0.36437005,0.45808244
0.341261,0.47579128
0.3788443,0.57622916
0.2852757,0.742861
0.4028924,0.9456037
0.1591862,1.1784537
0.29849988,1.4307753
0.82656306,1.6125655
1.3475013,1.7144761
1.4788152,1.7488776
1.2537051,1.7241898
1.020454,1.6452429
1.0267509,1.5105755
0.9012098,1.3118
0.7996505,1.0413352
1.0329614,0.7064515
0.77820855,0.3473519
0.4080948,0.05645918
7.061173e-05,-0.09874155
-0.1976941,-0.169721
-0.16438252,-0.20347458
-0.10465257,-0.21663365
-0.21957698,-0.21854398
-0.2903275,-0.21462646
-0.17128229,-0.20827508
-0.0928034,-0.20218858
-0.09815097,-0.19911003
-0.13963655,-0.2013259
-0.13192119,-0.20782235
-0.19176605,-0.20928842
-0.09528244,-0.17909402
0.14368682,-0.061033644
0.3718368,0.21703348
1.4148283,0.6685499
1.9295223,1.1348355
1.7847509,1.4087255
2.1483154,1.4757409
2.0494869,1.4013599
1.6832908,1.2277882
0.6346995,0.97095346
0.3231843,0.64176875
0.750309,0.2707066
1.3189214,1.2915663
1.58414,1.5809511
1.7406342,1.804133
1.7464371,1.9725361
1.6957895,2.04274
1.531569,2.010877
1.4629035,1.8973691
1.3339449,1.7091352
1.1437752,1.4811001
1.0357628,1.2386899
0.8045243,0.97918403
0.46100178,0.6918138
0.16515847,0.38324738
0.01904586,0.10611009
-0.04632675,-0.06977963
-0.25013897,-0.16145355
-0.075863145,-0.2092394
-0.08563744,-0.23150128
-0.14035694,-0.2381886
-0.13416326,-0.2347363
-0.16627277,-0.224704
-0.22107208,-0.21156794
-0.10911781,-0.1989648
-0.16531025,-0.19018027
-0.07775198,-0.18716606
-0.048476607,-0.18857974
-0.04416077,-0.18663499
-0.08396793,-0.16082835
-0.0491211,-0.06660118
0.41673407,0.1626586
0.94686633,0.5621817
0.86075306,1.0302129
0.98437107,1.3509655
1.1298705,1.4611523
1.1602957,1.417603
1.0663663,1.2667997
0.92873585,1.0251895
0.84864086,0.69940805
1.0291436,0.31392133
0.7520585,-0.06840872
-0.38128215,-0.35840517
-2.5067108,-0.50743663
0.8308099,0.7383423
1.1306418,0.8575882
1.1943713,1.0367907
1.2756758,1.2464718
1.6633809,1.4756521
1.900024,1.695168
2.005188,1.8050157
1.8920469,1.8150685
1.7816542,1.7399285
1.6053407,1.6012819
1.4591662,1.4207118
1.2795253,1.2009407
0.91001546,0.9325223
0.49333715,0.6147679
-0.007757322,0.27627227
-0.14963408,-0.0021503493
-0.32063416,-0.15656403
-0.3690923,-0.23384586
-0.27620634,-0.2751846
-0.3084521,-0.29624876
-0.3886293,-0.30469197
-0.34296083,-0.30421448
-0.43394005,-0.2974646
-0.2225771,-0.2875027
-0.21192682,-0.2778886
-0.39347762,-0.27233538
-0.35013798,-0.27355504
-0.30386385,-0.28043643
-0.3326406,-0.28292838
-0.22906354,-0.2504897
-0.116480455,-0.12044
0.25975853,0.17716551
1.0907928,0.6423208
1.2902322,1.0919406
0.7980905,1.3231069
0.63127005,1.3312558
0.27536228,1.1764193
-0.15930723,0.8990066
-0.2427525,0.52643234
-0.058885794,0.105659015
0.7769057,-0.28813887
-1.2107465,-0.57192725
1.0460087,1.0585828
1.3592011,1.2545052
1.7013689,1.4677184
2.0049462,1.6392765
2.1925035,1.8110157
2.1896253,1.8902266
1.9202051,1.8768265
1.7795471,1.7799311
1.7967442,1.6126692
1.3997288,1.4112436
0.9991056,1.1944921
0.65097827,0.9551408
0.36557898,0.68175673
0.2220659,0.38472652
0.06490149,0.12063842
-0.18827052,-0.04520587
-0.040297844,-0.13259536
-0.009184335,-0.17836273
-0.26328388,-0.19992128
-0.27794,-0.20718631
-0.11186431,-0.205933
-0.07807664,-0.2000052
-0.093382664,-0.19255614
-0.13877603,-0.18632641
-0.25187826,-0.18365237
-0.24842323,-0.1857723
-0.09365524,-0.19050649
-0.046204705,-0.18754697
-0.10093174,-0.14882717
0.054025166,-0.016791828
0.3316419,0.27977198
0.83047694,0.74503267
1.467826,1.1906526
1.5256549,1.4112713
1.2743133,1.4050121
0.7623207,1.232249
0.44377592,0.93412924
-0.11586056,0.54021525
-0.6840728,0.09910592
-0.86778367,-0.3108874
-0.44412327,-0.60744095
-1.5146365,-0.771252
0.77277184,0.5954083
0.9378513,0.7325262
1.0968518,0.9437618
1.3478814,1.2069416
1.7335421,1.4866445
1.9422779,1.7410815
1.8999718,1.8667226
1.8975846,1.8872051
1.8084413,1.8294339
1.5682639,1.7147014
1.2727664,1.5560348
1.0605028,1.3518008
0.73824555,1.0870243
0.3258432,0.75031304
-0.07321735,0.3631302
-0.32819682,0.0030115768
-0.4464569,-0.21892247
-0.53812903,-0.32136944
-0.59706706,-0.37701637
-0.5619034,-0.4085625
-0.6331327,-0.424348
-0.6209611,-0.42807943
-0.51731026,-0.42160976
-0.589264,-0.40717846
-0.5222756,-0.38853753
-0.608598,-0.37082952
-0.5257517,-0.35965446
-0.47925246,-0.3584677
-0.5577289,-0.36371517
-0.41743922,-0.35648257
-0.29109398,-0.288546
0.24558827,-0.087392025
0.6727615,0.29812968
0.5001976,0.81230336
0.8060616,1.2283603
1.136629,1.4148905
1.1771148,1.4163446
1.0848774,1.2941146
1.3366077,1.0783833
2.0297601,0.78143626
1.6317621,0.42015666
-1.9110094,0.038071208
0.3203837,0.46629673
0.28842914,0.50309706
0.44214582,0.63196546
0.5625485,0.8255494
0.67500687,1.0483941
0.9866136,1.3011026
1.255479,1.5485106
1.2365466,1.7057438
1.609557,1.7790118
2.0264978,1.7808771
2.377442,1.7205918
2.4304373,1.6027465
2.3333027,1.4240229
2.061391,1.1772931
1.7547191,0.861554
1.4744163,0.494084
0.95824134,0.13700825
0.2564313,-0.101348646
-0.25770372,-0.2120167
-0.3135815,-0.26650527
-0.46473807,-0.29355988
-0.35938945,-0.3044321
-0.36322713,-0.3049605
-0.32089233,-0.2985574
-0.42998993,-0.28831595
-0.29205963,-0.27782977
-0.41809025,-0.2712543
-0.45567328,-0.27197853
-0.37297365,-0.27907586
-0.37024236,-0.28204906
-0.29684192,-0.24999607
-0.47114015,-0.120297424
-0.33074293,0.17484275
-0.23597343,0.6312525
0.57679605,1.0811431
1.0624087,1.3389015
0.8898171,1.4028652
1.2703931,1.3393974
0.8989933,1.1886282
-0.015936717,0.9621084
-0.7078157,0.6647002
0.037436016,0.31936973
0.55628335,0.79133505
0.7240235,0.92401385
1.0154369,1.101127
1.2863117,1.2949535
1.7557241,1.5067657
2.078777,1.7049258
1.979727,1.799441
1.9539489,1.8023027
1.7936928,1.725965
1.5243243,1.5910163
1.378809,1.4208283
0.95567256,1.2209468
0.63036174,0.9808024
0.32743183,0.69291
0.08655443,0.37837547
-0.16378456,0.10650652
-0.27640763,-0.055017687
-0.35698044,-0.13603565
-0.3060972,-0.17710364
-0.39921778,-0.19545573
-0.3745753,-0.2008577
-0.27195466,-0.19898921
-0.29358986,-0.19348997
-0.21816581,-0.1871844
-0.28022903,-0.18253782
-0.26458588,-0.18173736
-0.08605248,-0.18566662
0.034128714,-0.19090101
0.042149257,-0.18383855
-0.095449254,-0.12927875
0.21329649,0.0386514
1.0345204,0.38618004
1.5508949,0.87849295
1.5040148,1.2864344
1.4676456,1.4547255
1.0388962,1.416301
0.58366317,1.2310487
0.05479429,0.93385744
0.3370428,0.55018646
0.86679465,0.12490093
0.518799,-0.26969245
-1.979086,-0.5548394
0.8411253,0.78328145
0.9632082,0.91617227
1.0864266,1.100043
1.2754835,1.2938324
1.4542284,1.4880261
1.7763497,1.6839151
1.8597257,1.7907697
1.7321062,1.8175464
1.6072634,1.7788427
1.5106398,1.6855841
1.2585601,1.5545352
1.0762435,1.396771
0.7696605,1.2110765
0.55274713,0.98858786
0.1398094,0.72573704
-0.04393834,0.44551933
-0.09128023,0.21038368
-0.1022108,0.07236778
-0.079758205,0.0042590573
-0.14359947,-0.026977785
-0.07932361,-0.0367252
-0.031686522,-0.035359718
-0.04214513,-0.029798605
-0.078870825,-0.023983665
-0.028017282,-0.019959487
-0.104266174,-0.018968709
-0.12841584,-0.021296896
-0.119350016,-0.02363775
-0.07401232,-0.013668053
-0.016575305,0.037973575
0.0438929,0.18461281
0.38908434,0.4826613
1.1208833,0.91800725
1.2382944,1.33356
1.35894,1.5719898
1.6978368,1.6477867
1.7645501,1.6218317
1.3859863,1.5251477
1.2489347,1.3645749
1.6944743,1.1368234
2.0080109,0.8383591
-0.17651905,0.48232144
0.8619873,0.90489936
0.97088873,1.0542066
1.0915653,1.2510316
1.1849751,1.4180398
1.334191,1.5671079
1.459757,1.7144343
1.4395605,1.7873489
1.4414979,1.8035214
1.4225105,1.7765056
1.3168058,1.7115471
1.1797464,1.6193178
1.1099769,1.5106318
0.9204754,1.3899279
0.84559363,1.2554278
0.6897763,1.1011834
0.5573955,0.9218898
0.540586,0.72326916
0.55827063,0.5314735
0.54927915,0.38802922
0.57956874,0.3098278
0.605349,0.27495292
0.5944439,0.2652781
0.6144283,0.27113143
0.6336443,0.28611392
0.6313144,0.3062093
0.6873192,0.3296756
0.7271619,0.35682443
0.6954197,0.38980156
0.7669289,0.43370867
0.8105133,0.5003376
0.8364633,0.61260855
0.9967245,0.80181855
1.3031868,1.0778847
1.5226281,1.3718435
1.6599644,1.5910978
1.8128765,1.7160857
1.806204,1.7610759
1.6571122,1.7432997
1.5447384,1.6760999
1.4319714,1.5644029
1.8741783,1.4061317
1.3125925,1.1980035
1.8904613,1.4087002
2.2403533,1.7440411
2.408532,1.9650819
2.143835,2.1088464
1.77057,2.1015723
1.7009624,1.9917114
1.5216771,1.7918315
1.0017035,1.5418601
0.5519335,1.2721832
0.07309182,0.9748317
-0.29222822,0.6355847
-0.5200374,0.2665392
-0.70696306,-0.056798957
-0.85687,-0.24749067
-0.76479083,-0.34876233
-0.6899228,-0.41392648
-0.7415947,-0.45921862
-0.66561747,-0.49048635
-0.8320012,-0.5099587
-0.7667828,-0.5191732
-0.83481675,-0.52031034
-0.80385655,-0.51664007
-0.7796273,-0.5124499
-0.85801756,-0.5127432
-0.77545315,-0.52134824
-0.7190534,-0.5344576
-0.72103995,-0.52741134
-0.79178417,-0.44600284
-0.6480285,-0.22695404
0.18157385,0.16795486
1.0570383,0.66292965
1.065732,0.9989487
0.5230246,1.029803
0.36277667,0.77912545
0.6849712,0.3170793
0.5106878,-0.25218126
0.30244106,-0.78059775
-0.13506392,-1.1441693
-0.3297465,-1.3474042
-0.12780473,-1.4668283
0.096523486,-1.5373969
-0.6658663,-1.5771115
1.1712595,1.0600412
1.0767686,1.2847512
1.3109368,1.5134652
1.6444399,1.6841166
1.7412704,1.8466431
2.0619454,1.9209166
1.9381337,1.9123008
1.8708457,1.8351626
1.7724595,1.6965201
1.5683455,1.520581
1.5161756,1.3294787
1.283227,1.1268237
1.0035362,0.90339994
0.7383437,0.65213865
0.4866461,0.39198464
0.10257144,0.18058085
-0.024443462,0.05708801
-0.0026244489,-0.0054832175
0.0022396327,-0.032929905
-0.091518335,-0.039010055
-0.06099507,-0.03347317
-0.12687813,-0.023086406
-0.057238765,-0.012100197
0.081633344,-0.0029732361
-0.016460216,0.0028851852
-0.06678519,0.005142726
-0.041104462,0.006422974
0.052703075,0.016675629
0.07731017,0.060022645
0.15788601,0.18186945
0.26285294,0.4371094
0.64998317,0.83127654
1.2421315,1.251115
1.4248942,1.5284194
1.4001198,1.6420937
1.3952595,1.6495382
0.96020335,1.5880082
0.6847312,1.4678395
0.4342923,1.2854357
0.5038909,1.0329386
1.1376929,0.709233
0.581172,0.3430457
0.34634838,0.6044314
0.41598853,0.6617842
0.43898183,0.7795527
0.47705603,0.9531369
0.4915253,1.1649659
0.76336503,1.4216338
1.0855188,1.6269463
1.259066,1.727678
1.0893245,1.7363205
0.82362,1.6707575
0.5807829,1.5527303
0.5223841,1.3915861
0.43105498,1.1776905
0.6110929,0.8963065
0.5798878,0.55344725
0.33512768,0.19831184
0.24781314,-0.0651444
-0.0798316,-0.19772208
-0.19109187,-0.26517636
-0.055334743,-0.30280218
-0.105212644,-0.32338873
-0.20660104,-0.3331798
-0.13622162,-0.33570164
-0.1004049,-0.33385652
-0.10931185,-0.33035812
-0.095409155,-0.32789388
-0.022861203,-0.32936922
0.0353265,-0.33647865
-0.047414612,-0.3439252
-0.079662256,-0.32520187
0.053959113,-0.21854469
0.46579465,0.05063691
1.4038742,0.50712997
2.446586,0.9880767
2.6074314,1.229733
2.718877,1.1722846
2.433047,0.8661833
0.9951269,0.38651234
-0.713343,-0.17032662
-1.6651654,-0.6789557
-1.5101246,-1.0370251
-2.227764,-1.2446764
0.9461477,0.7578661
0.89541745,0.8816935
1.1268216,1.075537
1.3018198,1.2884094
1.6913861,1.5034361
1.8963424,1.7152025
2.0681763,1.8302653
1.9950259,1.859793
1.7460562,1.818696
1.7622054,1.7187669
1.5399394,1.5752231
1.1612335,1.3965652
0.84215444,1.1814212
0.47197643,0.92501926
0.10090219,0.6305132
-0.08115272,0.33015734
-0.13328323,0.09794294
-0.123319894,-0.026710086
-0.014579395,-0.086558454
0.059147827,-0.112156875
-0.014868816,-0.11792237
-0.417092,-0.11339403
-0.065396465,-0.10466141
-0.13855928,-0.09552405
-0.06901196,-0.088683374
-0.19822313,-0.086231835
-0.15969785,-0.08857281
-0.013170661,-0.091671206
-0.17450896,-0.08341769
0.038093474,-0.037391804
0.31296986,0.09528533
1.1168036,0.36826563
1.50332,0.7714806
1.3658409,1.1780154
1.5758177,1.4387641
1.6382148,1.5448203
1.3015387,1.5566623
0.94725,1.5134273
0.6344312,1.424752
0.64374787,1.2832581
0.7740758,1.0753647
-0.33007887,0.793334
0.5698077,0.62948406
0.8343385,0.69546455
1.1476403,0.8207686
1.1835612,0.99162126
1.3473727,1.1845992
1.3821121,1.4094516
1.5352856,1.5999179
1.579772,1.7011003
1.6925089,1.7273443
1.5369117,1.6895962
1.3159196,1.6011157
1.123125,1.4720376
0.8646943,1.3013222
0.5802259,1.080247
0.34132922,0.805079
0.06540749,0.4953615
-0.11532788,0.21335489
-0.12803955,0.03433045
-0.091802545,-0.05482667
-0.033906184,-0.09978097
-0.11097191,-0.12038005
-0.0059729116,-0.12802494
5.082264e-05,-0.12976772
-0.12990533,-0.12953123
-0.074963294,-0.1295355
0.007274409,-0.13148195
-0.103668965,-0.13685408
-0.071829684,-0.14512563
-0.010437593,-0.1491856
0.06797024,-0.12708715
0.18432681,-0.029887237
0.62957,0.2157684
1.5149615,0.64649934
1.824379,1.13414
1.9631802,1.4411232
2.0028934,1.5224266
1.3710687,1.442277
0.44770738,1.2473872
0.038184,0.95915246
0.50601023,0.59438443
-0.06990017,0.19102407
-2.823624,-0.18436447
1.0540541,1.0482781
1.2331276,1.2604243
1.4649317,1.4862957
1.6146084,1.6662697
1.9425846,1.8396409
2.16375,1.9171164
1.9803766,1.904398
1.9867623,1.813318
1.8093169,1.6548998
1.5324498,1.4594462
1.2829595,1.2463039
1.1296682,1.0124955
0.83879,0.7481118
0.5030584,0.45818877
0.1592196,0.1876418
-0.20491913,0.0061917827
-0.1445381,-0.08917955
-0.22279894,-0.13749179
-0.30858344,-0.15839452
-0.2302526,-0.16323614
-0.30897847,-0.15907133
-0.3326055,-0.15041995
-0.16529784,-0.14067969
-0.18752576,-0.13270742
-0.2521454,-0.12879035
-0.23049214,-0.12974802
-0.23642069,-0.1326507
-0.13877144,-0.12705782
-0.23827463,-0.08793319
-0.15410568,0.03461259
0.061387043,0.30434546
0.5835339,0.729443
1.3902346,1.1692958
1.3767349,1.4373356
1.232009,1.5197186
1.0856948,1.4798727
0.7610359,1.3551588
0.23787971,1.1541243
0.012150882,0.87469804
0.23530835,0.52445376
0.8130837,0.14648873
-0.09619174,-0.17683664
0.29894543,0.21978438
0.26384658,0.25042862
0.43391457,0.38270187
0.7122084,0.57912767
1.0219812,0.8002428
1.2617308,1.0303442
1.5030665,1.2936149
1.5723029,1.5261092
1.8723487,1.6851957
2.2470894,1.7824177
2.393361,1.8241508
2.1895573,1.8097394
2.0547962,1.7348144
1.921403,1.5910802
1.7307621,1.366145
1.4673793,1.0532069
0.93824935,0.668465
0.49729854,0.26764345
-0.04749579,-0.03701988
-0.32864958,-0.18484658
-0.3729836,-0.24673384
-0.39672995,-0.2731021
-0.3809852,-0.27896354
-0.37468302,-0.27262324
-0.37272182,-0.2590584
-0.35912314,-0.2419619
-0.32886153,-0.22535768
-0.408737,-0.21386623
-0.44419736,-0.21066454
-0.3833353,-0.21362835
-0.39829987,-0.21234554
-0.40816158,-0.18348014
-0.35020778,-0.08063435
-0.18986344,0.1551995
0.38536507,0.5320506
0.88143194,0.95388114
0.66055346,1.2706047
1.1696306,1.4307141
1.2963696,1.4841313
1.4821167,1.4849019
0.97875375,1.4560642
0.76450175,1.3972068
0.79069626,0.8133846
1.0341355,0.9836713
1.1624678,1.2033639
1.431335,1.426846
1.643678,1.6572332
1.9476907,1.833654
1.8831606,1.8968585
1.7839422,1.8705074
1.7024115,1.7689862
1.4372063,1.6141868
1.2491966,1.4252188
0.96470237,1.2043653
0.62288296,0.94263816
0.36614394,0.63700485
-0.12194243,0.31394786
-0.28132138,0.049165063
-0.3283717,-0.09831112
-0.34632614,-0.17005026
-0.49276644,-0.2042531
-0.49135625,-0.2166934
-0.38589945,-0.21637505
-0.41832253,-0.20854473
-0.39024693,-0.19683152
-0.46182278,-0.18450272
-0.4622314,-0.17469749
-0.478368,-0.17000508
-0.49332792,-0.17091313
-0.41553155,-0.17291337
-0.34398252,-0.16199097
-0.44645005,-0.10540954
-0.25985348,0.056792803
0.061397195,0.383752
0.55470425,0.847135
0.6708488,1.2593648
0.6714464,1.4722759
1.1124247,1.5124452
1.3739284,1.4419522
1.4154893,1.289983
1.3118579,1.0620475
1.4703454,0.75847435
2.213805,0.39665085
1.2536858,0.031488784
0.97338724,0.82624054
1.0984781,0.99729097
1.237411,1.2242603
1.4491864,1.4508862
1.6355256,1.6814969
1.7701851,1.852274
1.6510669,1.9110706
1.6051573,1.8824999
1.4493679,1.7802342
1.2332487,1.6247249
1.0781765,1.4336598
0.8796308,1.2096763
0.6226456,0.94613385
0.33682153,0.64163435
-0.031821143,0.32063183
-0.18993329,0.055456482
-0.25354123,-0.09372019
-0.21047561,-0.16616958
-0.26698893,-0.20030674
-0.24039166,-0.21215978
-0.2883566,-0.21095392
-0.26131812,-0.20211893
-0.25090888,-0.18941543
-0.28588146,-0.17629606
-0.289691,-0.16615012
-0.2717552,-0.16164231
-0.28056484,-0.16285059
-0.30017522,-0.16449073
-0.21364194,-0.15216446
-0.12748039,-0.094095446
0.022618877,0.06656983
0.5349788,0.38234293
1.0394256,0.8218171
1.1230637,1.2198832
1.320947,1.4407282
1.725164,1.5059761
1.7480018,1.478104
1.5181795,1.3874612
1.1181232,1.2367272
1.0860703,1.0168417
1.3137914,0.7224685
-0.3718023,0.37502235
1.1247938,0.93316364
1.3632996,1.1438681
1.4890898,1.3944689
1.7390721,1.6155548
1.9403996,1.8284552
1.9830858,1.9394605
1.9714535,1.9475629
1.8069925,1.8721964
1.7726041,1.727247
1.4534378,1.5360651
1.2749946,1.312079
1.0291076,1.0542634
0.6899363,0.7598743
0.2970537,0.43882364
-0.22373235,0.13720703
-0.2825039,-0.064380266
-0.20802487,-0.16587344
-0.31844434,-0.21670061
-0.24798487,-0.23948878
-0.3201538,-0.2455458
-0.24099068,-0.24110639
-0.27116114,-0.22992843
-0.23412038,-0.21553019
-0.31132007,-0.2019949
-0.41738087,-0.19335383
-0.2655764,-0.19179595
-0.34868008,-0.19510615
-0.32888463,-0.19434178
-0.1969963,-0.16947109
-0.22395527,-0.07942758
0.24781458,0.13426065
0.80298847,0.493186
0.8558845,0.91455233
0.6400266,1.2379103
0.68061054,1.3968093
0.7989585,1.4394298
0.75819737,1.419142
0.6916977,1.3548244
0.9190587,1.2405815
1.4043593,1.059863
1.3088504,0.80090445
-0.4442667,0.47922778
1.270311,1.1789597
1.5464807,1.4526283
1.812789,1.6834627
2.0514197,1.8622897
1.9524126,1.9794631
1.9665004,1.9842746
1.8470399,1.9008381
1.636976,1.734939
1.4813925,1.5177481
1.1209068,1.2818797
0.90974385,1.0291493
0.5797245,0.7472821
0.19358668,0.43723953
-0.19162112,0.14307019
-0.3473539,-0.05719521
-0.2963176,-0.16268638
-0.44098905,-0.21870446
-0.4528596,-0.24710667
-0.40961596,-0.25891316
-0.39383608,-0.2598156
-0.361157,-0.25303465
-0.33866516,-0.24162513
-0.34166327,-0.22912136
-0.38037986,-0.21909606
-0.4564087,-0.21438918
-0.47808987,-0.21556923
-0.5062995,-0.21818563
-0.3447832,-0.20759815
-0.3652228,-0.14782867
-0.18762016,0.025469176
0.340361,0.37113512
0.91837746,0.8477547
1.0713333,1.2405347
0.88616735,1.4082797
1.0571407,1.3841876
1.0409025,1.2249131
0.65126264,0.95880353
0.3788202,0.60234225
0.8047118,0.19163471
1.226608,-0.20196122
0.54374444,-0.49059963
-1.7623104,-0.642998
0.8350117,0.7083287
0.99250156,0.79453206
1.1369007,0.95173097
1.3801956,1.136554
1.4877788,1.3233016
1.6826286,1.5322392
1.8974345,1.6889006
1.9033207,1.7649963
1.8964541,1.7789433
1.8236547,1.7384329
1.5889642,1.6526601
1.3811625,1.5305054
1.3202038,1.3741258
1.0650542,1.1800294
0.6208427,0.9441209
0.3089245,0.671769
0.01778727,0.39822966
0.038658187,0.19092491
-0.017717998,0.07950107
-0.021684542,0.025331892
0.02710201,0.0019553974
0.04362658,-0.003764458
-0.017266074,-0.0010821298
-0.060539775,0.003995262
0.018811127,0.008130573
-0.034748197,0.009526677
-0.07260295,0.007428758
-0.062392965,0.0038208738
-0.02783905,0.0075067505
0.026858663,0.04012882
0.10840592,0.14324409
0.2255397,0.37064105
0.9047827,0.7346109
1.4481512,1.1462566
1.3471999,1.4472783
1.3732488,1.5913031
1.390583,1.6286341
0.96271086,1.6036812
0.6345884,1.5332929
0.47230625,1.4152172
1.2100288,1.2379344
1.1812612,0.98934627
0.8726348,0.8592614
0.9637919,1.0132055
0.9973625,1.2229805
1.1268028,1.4177611
1.2735384,1.5995176
1.455762,1.7663686
1.5549942,1.845526
1.4824706,1.8584788
1.4497586,1.8182819
1.3503462,1.7327278
1.2207547,1.6140293
1.1207845,1.4719466
0.9762626,1.3090653
0.8041136,1.1219709
0.5508613,0.90515125
0.42326868,0.6626988
0.2985285,0.42604715
0.24604286,0.25134403
0.30441865,0.15874866
0.3058861,0.11651223
0.32513505,0.103074126
0.31686908,0.106945835
0.34735158,0.11987313
0.36592048,0.13608831
0.4313342,0.15210527
0.41843945,0.16652831
0.44628814,0.17994222
0.45342457,0.19568634
0.46461922,0.22260407
0.51852226,0.27989715
0.6160374,0.3997174
0.7776846,0.61516184
1.1044704,0.92742264
1.2261164,1.2597139
1.1281854,1.5055215
1.3156533,1.6426864
1.6400272,1.6967936
1.7023426,1.6963975
1.7283037,1.6602411
1.7715261,1.5931547
2.211221,1.488631
2.0489955,1.3345741
1.0673724,0.8452392
1.196516,1.0548192
1.4528553,1.2992698
1.7173439,1.5322033
1.9759792,1.7635292
1.9358522,1.90851
1.8964474,1.9419796
1.7422771,1.8899913
1.545345,1.7691326
1.265343,1.6021147
0.9215193,1.4048374
0.65627,1.1770571
0.4161114,0.9086313
-0.064022616,0.5978221
-0.3284078,0.2777013
-0.39602396,0.029236667
-0.3123777,-0.10241134
-0.2760332,-0.16534057
-0.33805457,-0.19318205
-0.23347823,-0.20034024
-0.3596444,-0.19547418
-0.37620488,-0.18384936
-0.3922394,-0.16920114
-0.44789454,-0.15482244
-0.30227077,-0.14369786
-0.28732622,-0.13794479
-0.2600262,-0.13718241
-0.2258409,-0.13569051
-0.42286906,-0.11789832
-0.30638397,-0.049407132
0.004483432,0.12938505
0.6969899,0.46962988
1.0678674,0.9293914
1.0092983,1.3236109
1.4735022,1.526096
1.7921237,1.5729142
1.6599606,1.5238752
1.3079637,1.4050288
1.3319569,1.2194948
1.8287239,0.9623978
1.7793388,0.63528985
-0.8308164,0.26936373
1.077669,1.1441631
1.2485051,1.3882505
1.3376045,1.6206837
1.5353104,1.7818586
1.513852,1.9190199
1.5858245,1.9609411
1.5321759,1.9293077
1.3527741,1.8334191
1.2572881,1.6810938
1.1767145,1.4978693
0.9569056,1.3038932
0.79379743,1.1013463
0.54590726,0.8811455
0.3075647,0.63710135
0.13430803,0.3890689
0.119018264,0.19254005
0.12492537,0.07929655
0.15238324,0.022597961
0.16089727,-0.00056085736
0.15714295,-0.0031302348
0.24699114,0.005430393
0.31875634,0.018416248
0.2080784,0.03158646
0.27488056,0.04259575
0.23637797,0.05032464
0.30767548,0.05497148
0.31014222,0.06017994
0.34987208,0.077904455
0.4018588,0.13533759
0.505567,0.27917057
0.8517861,0.55483526
1.2488687,0.94946146
1.3370517,1.3369966
1.3348641,1.5783067
1.4272227,1.6757376
1.3457857,1.6811993
1.2638706,1.6256136
1.3220869,1.5169288
1.7913499,1.350585
1.8884723,1.1178123
1.1615049,0.8144971
-0.9463578,0.46072638
0.5384332,0.707916
0.56595707,0.81084114
0.8120234,0.9534018
0.7792284,1.1376963
1.0542519,1.3596735
1.3192707,1.5908992
1.2464712,1.7157773
1.0154544,1.7282627
0.620615,1.6436989
0.45051852,1.494321
0.475107,1.3053385
0.42132422,1.0717279
0.43561456,0.7778684
0.29087695,0.43097693
0.047038384,0.08427789
-0.20872225,-0.15796849
-0.48877287,-0.281226
-0.57332385,-0.35147813
-0.6048354,-0.3971814
-0.48793295,-0.42834216
-0.45655972,-0.44865003
-0.49741736,-0.459591
-0.5229472,-0.4629155
-0.5658598,-0.46140617
-0.5223393,-0.45864686
-0.62398666,-0.45884147
-0.50537837,-0.46625355
-0.42691,-0.48166502
-0.5738078,-0.49196857
-0.448852,-0.45407408
-0.08803332,-0.30165136
0.6520828,0.019469969
1.2383304,0.49235737
1.1517614,0.90424895
1.1256616,1.029363
1.1106483,0.8448294
0.8835017,0.41330272
0.30221963,-0.16021982
0.4834138,-0.7192924
0.98666286,-1.1185032
0.6630705,-1.3406355
-1.901186,-1.4673524
1.0239104,1.0408871
1.1394433,1.2723641
1.5301819,1.5116823
1.707995,1.699962
1.7505183,1.8739159
2.0638428,1.9472358
2.1726956,1.9326108
1.7292478,1.8442513
1.5100783,1.6935496
1.7002915,1.506299
1.349229,1.300332
0.905031,1.0753369
0.9496825,0.8222103
0.53856784,0.5411382
-0.0061682155,0.26670933
0.04128671,0.068337314
-0.061535202,-0.037391074
-0.17549226,-0.08954967
-0.02217323,-0.11077999
0.093972005,-0.113682516
-0.2035887,-0.10674102
-0.059298865,-0.09551198
-0.010903851,-0.0837212
-0.14233035,-0.07407572
0.054628596,-0.06850485
0.28997594,-0.067424245
-0.020749472,-0.067574956
-0.2710326,-0.058461465
-0.14562932,-0.016226865
0.09216803,0.10475876
0.53793347,0.36073694
1.2729737,0.7563606
1.5176339,1.1778361
1.4058576,1.4590499
1.4500352,1.5756811
1.0564984,1.5872473
0.6073002,1.5339224
0.124456875,1.4260894
0.5059704,1.2578403
1.1109209,1.018097
0.7856985,0.7036172
-0.668361,0.343547
0.5769615,0.2405287
0.9155094,0.318086
1.0922874,0.48641598
1.23655,0.7170769
1.326174,0.9674082
1.5751804,1.2299103
1.8975422,1.5012369
2.2195077,1.693219
2.1731343,1.8080698
2.2062712,1.864938
1.9584635,1.8709575
1.8970073,1.8263313
1.5397738,1.7281325
1.3480134,1.568661
1.128148,1.3346257
0.62690806,1.0195582
0.059865374,0.64176595
-0.22598511,0.2606264
-0.30751634,-0.019121058
-0.35801408,-0.15087786
-0.34683684,-0.20259663
-0.318002,-0.21847495
-0.36213988,-0.21293163
-0.3289665,-0.19518629
-0.24213552,-0.17158476
-0.30372494,-0.14687908
-0.24798734,-0.125442
-0.30937085,-0.11101896
-0.13854456,-0.10433743
-0.28013942,-0.10053361
-0.111118264,-0.08865184
-0.108222626,-0.049549274
0.3580366,0.051340543
1.0596393,0.25596866
0.94913095,0.56636214
0.98291737,0.921628
1.3471789,1.2198024
1.4304322,1.4052219
1.7769371,1.4955173
1.4298869,1.5315284
1.623632,1.5440321
2.0243497,1.5456457
0.87436324,0.91000795
1.0233957,1.0909684
1.1736077,1.3029841
1.2674,1.4965203
1.506923,1.6971565
1.7416404,1.8335832
1.7275122,1.8671323
1.3947711,1.8168676
1.1354482,1.692172
0.9129103,1.5180118
0.8237759,1.3169669
0.7461273,1.0900145
0.65216804,0.8274494
0.366605,0.53068835
0.050206594,0.23653245
-0.17789143,0.02132114
-0.20144467,-0.09374612
-0.22673856,-0.15269533
-0.17486031,-0.18087086
-0.19026676,-0.19108054
-0.38740864,-0.19088817
-0.23689349,-0.18478963
-0.17568782,-0.17613417
-0.25088957,-0.16800272
-0.17531939,-0.16323453
-0.22586535,-0.1637367
-0.2393253,-0.16857687
-0.1525366,-0.17084733
-0.1474338,-0.15204686
-0.024352519,-0.07116879
0.0052938205,0.13706842
0.41988355,0.51361555
1.0800475,0.9766902
1.1758019,1.318519
0.9725573,1.45678
0.9827849,1.4451476
1.0245652,1.3347554
0.862441,1.1424494
1.010049,0.8684226
1.4827615,0.5201075
1.7762809,0.13980877
-0.42385936,-0.19099247
0.6799027,0.7765445
0.92154634,0.9041724
1.0172929,1.0726075
1.1216617,1.2591267
1.3480529,1.4619343
1.5872746,1.6636477
1.8459375,1.7673239
1.7266489,1.7792563
1.7111142,1.7111173
1.6209815,1.5820212
1.4774426,1.4167852
1.1804802,1.2226467
0.871361,0.98931456
0.50754625,0.7084464
0.18520911,0.39897162
-0.16526572,0.12684613
-0.27092305,-0.038782664
-0.2817843,-0.122966655
-0.35086912,-0.16634393
-0.2980158,-0.18661731
-0.32188097,-0.19382408
-0.21416177,-0.19381985
-0.22591893,-0.19027805
-0.26144993,-0.18592784
-0.30148798,-0.18307602
-0.2881771,-0.18378866
-0.30529538,-0.18899542
-0.2726845,-0.19556773
-0.29560265,-0.19037625
-0.29178447,-0.13863409
-0.20002463,0.025554083
0.1952731,0.3698305
1.0483257,0.8621097
1.5415528,1.2708113
1.428133,1.4338977
1.5159659,1.3803179
1.1824224,1.1694207
0.44489616,0.8391608
-0.17959209,0.42256522
-0.0916342,-0.021578982
0.8549787,-0.41232535
-0.73663694,-0.67506415
1.4556824,1.3690805
1.6045334,1.6654392
1.8404303,1.8722692
1.6914992,2.0251222
1.566136,2.0499568
1.5572448,1.9692228
1.3806932,1.7917218
1.2872236,1.5442209
1.0560098,1.2735571
0.7898629,0.9823961
0.61833394,0.65631217
0.09025216,0.30312
-0.29901016,-0.015765347
-0.4573423,-0.21538869
-0.44743887,-0.32282558
-0.55422467,-0.39066103
-0.52125984,-0.4379308
-0.6099974,-0.4718016
-0.59579813,-0.49469548
-0.6285907,-0.5077085
-0.62060684,-0.5122826
-0.6166465,-0.5109589
-0.68630713,-0.5075712
-0.6228742,-0.5070117
-0.58872384,-0.51405877
-0.6407564,-0.5295439
-0.6810672,-0.5417976
-0.61052436,-0.5134987
-0.3000685,-0.38394833
0.063179836,-0.09955635
0.53817016,0.34222543
0.5307307,0.77898026
0.4273346,0.97281384
0.45371172,0.876945
0.39392072,0.54075617
0.23173523,0.041062362
0.26915163,-0.5011506
0.3682051,-0.9456355
0.6622304,-1.2198906
0.33128053,-1.378871
-0.83121365,-1.4768013
-2.7703023,-1.5364921
1.1419784,1.1128931
1.1670878,1.3709564
1.5182955,1.615944
1.7855142,1.8048147
2.0866156,1.9536946
1.7722491,1.9911926
1.7454946,1.9445884
1.6947526,1.8229508
1.4472371,1.6444424
1.2320328,1.4383173
0.9271223,1.2171676
0.74305975,0.975626
0.3683501,0.70432925
0.15888341,0.4123242
-0.0475048,0.15203667
-0.089279,-0.011721499
-0.11997077,-0.09514818
-0.073581666,-0.13518497
-0.13784505,-0.14937985
-0.0915684,-0.14843583
-0.10098971,-0.13925982
-0.19992395,-0.12644657
-0.11516621,-0.113400586
-0.057934783,-0.102799095
-0.12145625,-0.09652374
-0.09951986,-0.094674654
-0.107256435,-0.09313459
-0.021842014,-0.07945109
-0.015340052,-0.025430672
0.121785924,0.121227555
0.25125158,0.41795707
0.71783483,0.85325325
1.0179465,1.2717956
1.0322624,1.5134299
1.1751773,1.5875237
1.3007861,1.5559494
1.351976,1.4507564
1.3729858,1.2783949
1.2254033,1.0350437
1.3532101,0.7195223
1.2827262,0.354721
-0.63791436,0.0054637715
2.1420467,1.620952
2.2389343,1.9053235
2.285036,2.0945585
2.261368,2.1708026
1.939612,2.1065633
1.7482342,1.957485
1.5516143,1.7239664
1.3554337,1.4472407
1.0527016,1.1597654
0.7591232,0.852668
0.41201964,0.51793885
0.04442113,0.18082759
-0.16764884,-0.07874491
-0.2606743,-0.2241638
-0.24980387,-0.30749974
-0.2910763,-0.36026394
-0.21245697,-0.39490324
-0.2723082,-0.41650122
-0.3883998,-0.42729056
-0.39812356,-0.4294433
-0.28210455,-0.42602304
-0.21375485,-0.42088863
-0.29912594,-0.41848347
-0.25590354,-0.42312667
-0.20338592,-0.4358548
-0.24341053,-0.44588226
-0.17962359,-0.41483787
-0.14876433,-0.27652794
-0.0753146,0.027135275
0.23845749,0.48479402
1.0270926,0.89807177
1.4369763,1.0457792
0.94724137,0.90319
0.4969796,0.5254225
-0.5257959,-0.0013576746
-1.4126287,-0.54652214
-1.8499664,-0.9719075
-2.0140514,-1.2253307
-1.6967477,-1.3759122
-1.10286,-1.4711534
-0.9301197,-1.5301208
-1.8436899,-1.5652624
1.5809721,1.4248891
1.7716368,1.708538
1.8903836,1.9021709
1.9416596,2.0378983
1.8551689,2.0519476
1.7082336,1.9671762
1.6080544,1.7891536
1.4759349,1.5389335
1.2588754,1.2676944
1.0182706,0.982455
0.78794277,0.6677013
0.2920769,0.32859877
-0.03225617,0.022910409
-0.40461245,-0.17078888
-0.41703647,-0.2758596
-0.39916593,-0.33984578
-0.38557294,-0.38207343
-0.39901552,-0.4107277
-0.55208296,-0.4286735
-0.4540744,-0.4370997
-0.47848228,-0.43766996
-0.45824668,-0.43325853
-0.48038718,-0.4278087
-0.5481238,-0.425916
-0.552758,-0.43177003
-0.5744166,-0.44595057
-0.5864127,-0.4576071
-0.6428519,-0.42979008
-0.5455681,-0.29842117
-0.3061717,-0.006789863
-0.072192535,0.438061
0.33198476,0.85318685
0.75232494,1.0157597
0.5589141,0.89649224
0.47209623,0.5481599
0.24754754,0.047961183
-0.08468612,-0.48557287
-0.38285935,-0.91908586
-0.60629797,-1.1863704
-0.63304573,-1.3464822
-0.16134502,-1.4494503
-0.68824923,-1.514986
1.2134138,1.3173795
1.3987101,1.5946817
1.6839113,1.8074237
1.8524688,1.9540846
1.9126835,2.024996
1.9333526,2.0032718
1.7469536,1.9120581
1.6460868,1.7509531
1.4739639,1.5429692
1.1742492,1.3208464
0.9538971,1.0934153
0.79093874,0.8518487
0.3580874,0.58875066
0.11993639,0.3248543
0.098339625,0.11985632
0.08334293,0.0022140369
-0.043696713,-0.05886031
-0.011633483,-0.086313374
0.0074614016,-0.09307284
-0.043824688,-0.088084616
-0.049211763,-0.077430554
-0.068248875,-0.06526888
-0.055718895,-0.05453024
-0.05249084,-0.04720413
-0.09545314,-0.044005163
-0.05572611,-0.042832784
0.023098443,-0.035589583
0.030888308,-0.0026758388
0.06023427,0.095196865
0.2116896,0.31439012
0.61687136,0.67915857
1.0873889,1.1090558
1.2193869,1.4290417
1.1525673,1.5765355
1.4455187,1.6039182
1.5439771,1.556773
1.4882892,1.4495913
1.0402496,1.2785642
0.7381843,1.0335335
0.7349461,0.7109827
0.6776076,0.33958775
-0.5432052,-0.0030785054
0.8480455,0.7836896
1.0048275,0.92008364
1.2483747,1.104557
1.3208206,1.3029649
1.6213884,1.5146585
1.9500761,1.7175802
1.898265,1.8191305
1.8341321,1.831506
1.7137009,1.7682462
1.5809002,1.647747
1.36651,1.4926271
1.1438144,1.3118548
0.791922,1.0975491
0.411552,0.8369145
0.15323347,0.5358955
-0.1858341,0.2430807
-0.4020462,0.03964012
-0.41847444,-0.063838564
-0.37874213,-0.114698954
-0.4075123,-0.13674447
-0.40802166,-0.14255011
-0.44520953,-0.14020035
-0.43471906,-0.13459074
-0.36977723,-0.12860322
-0.3886614,-0.124066
-0.3280017,-0.122396685
-0.3422833,-0.124145426
-0.35740328,-0.12617195
-0.357324,-0.11545915
-0.26600963,-0.05864542
-0.11768319,0.10697635
0.1941331,0.44961917
0.9093529,0.94539523
1.332315,1.3699012
1.4641881,1.5583216
1.8697573,1.5441236
1.9708382,1.3894823
1.4809347,1.1290979
0.859361,0.7845177
0.59772426,0.3839618
1.2882183,-0.018477775
0.6469603,-0.35341474
0.34937876,0.30255896
0.51456064,0.35277942
0.64891183,0.49890053
0.95677346,0.70838255
1.166514,0.94082415
1.2208364,1.1827928
1.3521374,1.4477609
1.6342996,1.6521318
2.0437667,1.7786648
2.152514,1.8428533
2.0350575,1.8517088
1.886648,1.8067926
1.8522874,1.7064848
1.4961137,1.5449471
1.2361029,1.3129025
0.8885933,1.0063713
0.3369707,0.64168775
-0.14488879,0.274747
-0.33701956,0.006876208
-0.31342262,-0.12010037
-0.2608132,-0.17242971
-0.25759417,-0.19027993
-0.20212002,-0.18798268
-0.28457022,-0.17483863
-0.2377392,-0.1570155
-0.11434139,-0.13883924
-0.2874964,-0.124037154
-0.14567216,-0.11568824
-0.11054596,-0.114000596
-0.21876144,-0.11340714
-0.11262835,-0.1007529
-0.17273845,-0.050677694
0.045959312,0.08169829
0.31133842,0.34021628
0.9730115,0.70820916
1.0536917,1.0862855
1.7030729,1.3556864
2.1062958,1.4923495
2.1957588,1.5429659
1.5007691,1.5514727
1.2060834,1.5377356
1.6233876,1.5022264
1.2327827,1.1403741
1.5017558,1.4003173
1.7143663,1.6403285
1.9748623,1.8169258
1.8637176,1.9546678
1.8242345,1.9863701
1.5299145,1.9386725
1.476413,1.8192015
1.4826641,1.6440017
1.0974543,1.4429297
0.9235925,1.2307725
0.68515,1.0032386
0.25012183,0.7492448
-0.024635954,0.47255248
-0.07219789,0.21725976
-0.16526629,0.0479474
-0.09761094,-0.040179633
-0.020844387,-0.08271942
-0.07592031,-0.09788852
0.0073434245,-0.0970769
-0.10013126,-0.088092946
-0.1310104,-0.07604549
0.0015569165,-0.06419144
-0.024026103,-0.054656364
0.056405608,-0.048789926
-0.006190339,-0.046481602
-0.04307556,-0.043503918
0.06443051,-0.02638594
-0.006490233,0.035594247
0.20614107,0.19705689
0.7260707,0.5125953
1.3525698,0.9592445
1.2633681,1.3652039
1.2136953,1.5839748
1.4252777,1.640905
1.4597931,1.5949593
1.4778366,1.4737399
1.191093,1.283372
1.3186094,1.0224105
1.1230215,0.6930924
1.0010625,0.32188135
-1.1645797,-0.02571366
-0.17299868,-0.11624717
-0.05899876,-0.21542087
-0.008519726,-0.24478564
0.09817366,-0.20099011
0.31404153,-0.124024436
0.6103756,-0.05371993
0.54675025,-0.0020174682
0.38535976,0.004774384
0.33527648,-0.07570661
0.0554853,-0.22558379
-0.10909218,-0.41990978
-0.36318335,-0.6531104
-0.55404204,-0.9174762
-0.82757694,-1.181792
-1.2582479,-1.3934247
-1.4985342,-1.5240121
-1.622747,-1.5933553
-1.6199732,-1.6289454
-1.6696173,-1.6470649
-1.768111,-1.6559653
-1.7830079,-1.6594558
-1.775145,-1.6590458
-1.8094504,-1.6550266
-1.863791,-1.6468489
-1.7959632,-1.6331563
-1.8850385,-1.6118126
-1.920342,-1.5801134
-1.8859321,-1.5349139
-1.9737662,-1.472328
-1.9157586,-1.3882616
-1.9258484,-1.2826645
-1.6998142,-1.1651784
-1.2051486,-1.0562423
-0.6955982,-0.984227
-0.63333946,-0.9724593
-0.48193547,-1.0221426
-0.27944654,-1.1132046
-0.5622574,-1.2193158
-1.071952,-1.3194504
-1.8169966,-1.4016907
-1.7175548,-1.462639
-2.3512785,-1.5043272
-0.35453883,-0.07458142
-0.20974702,-0.10533341
0.1279006,-0.029398993
0.68427485,0.12210228
0.7869252,0.30149317
0.7337213,0.48528856
0.8632634,0.691892
1.0976689,0.8775506
1.5153093,0.99527276
1.708269,1.058544
1.6123883,1.0803431
1.3905952,1.0577928
1.1712165,0.9716201
0.9094023,0.79329735
0.8263857,0.5028095
0.19728586,0.113270186
-0.36595726,-0.3196459
-1.18798,-0.6802925
-1.3876069,-0.9194616
-1.3933387,-1.100997
-1.5722986,-1.2533523
-1.5830793,-1.3782046
-1.6194971,-1.4711385
-1.6296477,-1.5320475
-1.7563363,-1.5665493
-1.6689639,-1.580481
-1.6110061,-1.5761096
-1.7109501,-1.5515409
-1.7000829,-1.5022894
-1.7541783,-1.4241948
-1.824673,-1.3124064
-1.8276742,-1.1612082
-1.8078624,-0.96496695
-1.6572134,-0.7140045
-1.0809602,-0.40868628
-0.61996585,-0.088019125
-0.57262355,0.14161748
0.086869754,0.19918895
0.19562842,0.11934174
0.27173296,-0.040624224
-0.29687124,-0.24088326
-0.27528942,-0.4584973
1.0221794,1.0276852
1.1336586,1.2564107
1.3300747,1.4920425
1.624209,1.6680053
1.7818843,1.8349746
1.7828016,1.9199266
1.7813454,1.92332
1.683323,1.8648127
1.5442773,1.7518536
1.3999876,1.6018906
1.1899137,1.4339918
0.9554877,1.256037
0.73018324,1.0642062
0.43474138,0.84910953
0.27062678,0.61105174
0.171626,0.38003993
0.1768909,0.21186468
0.20849808,0.12193207
0.16978937,0.08048972
0.21313924,0.06808557
0.30738476,0.07326726
0.27487087,0.08758261
0.29576558,0.10509201
0.25465333,0.12213712
0.28911495,0.1369507
0.32041988,0.14924172
0.31848693,0.16067186
0.3239938,0.17765963
0.34897265,0.21701288
0.4250048,0.31157738
0.5289761,0.50482076
0.9240617,0.8188269
1.3587304,1.2002406
1.3956975,1.5081527
1.5380023,1.6774337
1.6427925,1.7377863
1.632315,1.7262449
1.3591297,1.6629224
1.2315245,1.5520151
1.5872662,1.3886541
1.9041958,1.1654832
0.7789043,0.8803253
0.8601991,0.9859359
1.1041793,1.195138
1.2800068,1.4221671
1.6503116,1.6205311
1.8628116,1.8158604
1.7990413,1.9066298
1.7862062,1.893362
1.664364,1.7886553
1.4268095,1.6122303
1.1635393,1.3991052
1.0429703,1.1616503
0.7635597,0.8906373
0.3894064,0.58086276
-0.07251741,0.25566018
-0.32037455,-0.010354899
-0.44595987,-0.16093725
-0.5808887,-0.23927793
-0.52556473,-0.2822668
-0.5515968,-0.30506134
-0.5994761,-0.31496587
-0.55159533,-0.31526685
-0.5666295,-0.3082943
-0.61218005,-0.29709297
-0.64656186,-0.28546268
-0.6503134,-0.27738154
-0.6376594,-0.2759436
-0.58308256,-0.2810456
-0.63707954,-0.28537536
-0.630591,-0.2653325
-0.61723,-0.16740441
-0.49657205,0.07972453
-0.20515366,0.50384676
0.51987803,0.97552156
0.7340258,1.2653553
0.8113137,1.322216
1.0992614,1.201222
1.323038,0.9479295
1.1909021,0.58985126
0.86180216,0.16851187
0.7675307,-0.24217725
1.479329,-0.5549091
1.0779958,-0.731585
0.35327134,0.5958141
0.51405233,0.67079186
0.5658069,0.8292512
0.8217495,1.0361916
1.2009732,1.2539756
1.3583995,1.4934893
1.4388311,1.6892066
1.5628304,1.7937915
1.941144,1.826323
2.147801,1.7978662
2.2284458,1.7171896
2.1435843,1.5905101
1.975086,1.418381
1.8325707,1.1977324
1.5201542,0.9268261
1.2391171,0.61526483
0.766499,0.30702457
0.25347313,0.08335351
-0.043997668,-0.028976701
-0.11126855,-0.08081498
-0.1694631,-0.10100565
-0.16758771,-0.10317708
-0.13675968,-0.096560724
-0.097613625,-0.08702768
-0.14693114,-0.07820996
-0.091872975,-0.072735615
-0.07133935,-0.07235486
-0.12647322,-0.076055504
-0.17148869,-0.07701076
-0.15429193,-0.05898232
-0.017561503,0.01066228
-0.033349194,0.18431538
-0.06451842,0.49620843
0.14455687,0.89901066
0.68927747,1.2541947
0.7769374,1.4613647
1.090761,1.5427701
1.3281683,1.554312
1.3409399,1.5273664
1.1805928,1.4680098
0.75945324,1.3668494
1.4562272,1.207614
1.1909488,1.1341766
1.3156796,1.389835
1.5550492,1.629491
1.7721682,1.8130305
1.8321964,1.9548502
1.7406085,1.9870918
1.8070519,1.9363604
1.5869931,1.8103106
1.4244423,1.6281617
1.2945007,1.4206109
1.0504487,1.199877
0.7449099,0.9594135
0.37638348,0.68907917
0.10916633,0.39888722
-0.043935668,0.1434828
-0.13122047,-0.014981754
-0.03159659,-0.09602464
-0.056963224,-0.13504249
-0.10354624,-0.14894974
-0.09468401,-0.14820448
-0.07905005,-0.13955155
-0.032183457,-0.12747878
-0.12766914,-0.11525441
-0.12014656,-0.10537482
-0.0002810132,-0.09958003
-0.044539757,-0.097929634
-0.011435193,-0.09621588
0.0039953156,-0.081291266
0.04361262,-0.02289737
0.0943842,0.13453642
0.29842553,0.45000398
0.7423693,0.90442085
1.0355406,1.3197036
1.0422208,1.5401466
1.1028901,1.5882308
1.1346884,1.5248926
1.1467978,1.3793864
0.97848886,1.1590402
1.1477898,0.86490583
1.3455495,0.5083171
1.3125259,0.13305712
-0.61432785,-0.18275276
0.9207927,0.86424845
1.2151905,1.0367557
1.4986744,1.2539274
1.8476952,1.4658225
2.0749915,1.6891475
2.1825771,1.8474953
2.0189965,1.8956835
1.8420892,1.8547101
1.6604995,1.738522
1.3511593,1.573009
0.9142942,1.3785636
0.63235265,1.1552207
0.20976305,0.8915485
-0.18190816,0.5849904
-0.29398957,0.26725727
-0.2877714,0.01927092
-0.34281278,-0.11425469
-0.38536942,-0.1805025
-0.407621,-0.21237645
-0.36496353,-0.2241776
-0.375259,-0.22409281
-0.40825003,-0.21696192
-0.4633348,-0.20631221
-0.500628,-0.19525328
-0.35859853,-0.1866197
-0.3647245,-0.18271875
-0.2446361,-0.18387395
-0.25014192,-0.18514436
-0.3485594,-0.17031336
-0.21378757,-0.10061575
0.18128273,0.09114265
0.70084417,0.46285093
0.9796951,0.95606756
1.083147,1.3395231
1.4483995,1.493117
1.4828702,1.4618378
1.2997671,1.302288
0.97586256,1.0428019
0.8406744,0.6999564
1.2718011,0.30341417
1.0487094,-0.08665661
-1.0184342,-0.39140898
1.5899843,1.3344574
1.8302127,1.5995026
2.071635,1.8222923
2.0577853,1.9826448
1.9732329,2.0436559
1.8902546,2.008044
1.8516027,1.897793
1.6556593,1.7148653
1.2927703,1.4884567
1.082752,1.2440094
0.87295085,0.98236644
0.6491193,0.6991354
0.33932737,0.4020058
0.19488199,0.13345101
0.036224287,-0.042946167
0.051696505,-0.13742721
0.14843717,-0.1866118
0.11896729,-0.2089971
0.20008099,-0.21512285
0.16844462,-0.21111083
0.1339312,-0.20113218
0.11043034,-0.18908879
0.114884704,-0.17890438
0.050090756,-0.17383566
0.13733287,-0.17478272
0.08253688,-0.17787099
0.09105,-0.17160687
0.231261,-0.13044336
0.4368097,-0.0053498223
0.72749513,0.26013625
1.3108001,0.6619381
1.6658175,1.0714425
1.1462979,1.3312793
0.5900445,1.4276713
-0.120838985,1.4217174
-0.30764148,1.3516083
-0.3550905,1.2228816
-0.6637553,1.0247383
-0.5546445,0.74822783
-0.0076956134,0.41084123
0.24594086,0.07626017
-0.9044722,-0.16182792
0.44318855,0.72660244
0.5040329,0.8064538
0.48990944,0.93956983
0.4478638,1.1097174
0.5077575,1.3136202
0.653573,1.5412265
0.9813245,1.6798424
1.2849766,1.7151589
1.5668457,1.6574111
1.5042105,1.5300868
1.3525382,1.3605307
0.9864585,1.1519
0.68106556,0.8916712
0.6468789,0.57891035
0.5403716,0.24433866
0.52302325,-0.027838476
0.43988302,-0.17932186
0.14875564,-0.2590557
-0.14106058,-0.305537
-0.2568729,-0.33352372
-0.2304241,-0.34964818
-0.29943877,-0.35693827
-0.11796883,-0.35777515
-0.06660471,-0.35496208
-0.031019654,-0.3516223
-0.13063256,-0.351154
-0.23004831,-0.35680196
-0.11426462,-0.36903378
0.009508955,-0.37783998
-0.019468894,-0.34592643
0.05061646,-0.2036283
0.3023918,0.113357164
1.5099666,0.5875982
1.9985557,0.9987844
1.4814271,1.1325171
1.0866107,0.9754553
0.26749817,0.5874355
-0.8758617,0.055182524
-1.3115404,-0.49580163
-1.3967043,-0.93244845
-0.5108887,-1.1960009
-0.80466187,-1.351958
0.41328737,0.350568
0.52047455,0.36231518
0.83028114,0.47141016
1.1643232,0.6516004
1.1653459,0.8674726
1.2679219,1.1083069
1.4210519,1.3793757
1.8496199,1.590147
2.2341297,1.7185917
2.158119,1.7787743
2.1776903,1.7794607
2.157694,1.7240901
1.7912493,1.6109984
1.6045763,1.4306664
1.419704,1.1689492
0.94087267,0.8245812
0.3563482,0.42853814
-0.2865555,0.06808751
-0.5418198,-0.14844584
-0.5813038,-0.2425935
-0.5867739,-0.28800246
-0.6077898,-0.3087267
-0.5998453,-0.3146321
-0.7203547,-0.31099847
-0.5818628,-0.3012134
-0.647558,-0.2885077
-0.6776651,-0.27655992
-0.6007637,-0.26944345
-0.67306083,-0.2698634
-0.6459388,-0.27489755
-0.4416956,-0.26905066
-0.48634252,-0.21088976
-0.5253433,-0.028792612
-0.0086603975,0.33609998
0.47212696,0.8357731
0.78237027,1.2507238
1.2438928,1.4447889
1.3083578,1.4580386
1.4051096,1.3536203
1.2442138,1.1628501
0.8284763,0.8970468
1.5713824,0.568068
0.897789,0.85081846
0.88281995,1.0206305
0.9973957,1.2257297
1.4323831,1.4345725
1.658654,1.6613376
1.8351593,1.8192788
1.9807141,1.860675
1.9033118,1.8032522
1.8399135,1.6642473
1.5304992,1.4763348
1.2743121,1.2577536
0.90587026,1.0015018
0.52176595,0.6972525
0.26489872,0.35878283
-0.1271758,0.049396418
-0.3056542,-0.14389497
-0.36912188,-0.24130902
-0.26679277,-0.29507312
-0.45000702,-0.32555482
-0.40712044,-0.34180158
-0.3266196,-0.34767553
-0.41318482,-0.34520435
-0.4170045,-0.33684158
-0.4219393,-0.32599887
-0.35197702,-0.3166512
-0.32473573,-0.31272382
-0.29790878,-0.3164504
-0.32755673,-0.32477543
-0.22097151,-0.3214418
0.044212576,-0.26159477
0.504183,-0.07258836
1.2294537,0.30033684
1.2515198,0.7959077
1.1878493,1.1714375
1.437741,1.2907784
1.1047134,1.1879394
0.40174153,0.9187628
-0.39715987,0.5263159
-0.43978718,0.06604283
-0.3084284,-0.3777589
-0.7461963,-0.71750873
-3.0266426,-0.9223746
1.4473873,1.3471746
1.7870919,1.6248984
2.023766,1.836306
2.1015267,1.9889085
2.1069844,2.0439823
2.1088877,2.0038204
1.8315002,1.8859775
1.5357325,1.6938343
1.4223914,1.463182
1.1785928,1.2225469
0.80341065,0.96978045
0.5561933,0.69323903
0.0975114,0.3975358
-0.0683248,0.13169879
-0.15821107,-0.03940337
-0.24997883,-0.13053554
-0.1394651,-0.17810631
-0.19580479,-0.19981754
-0.20796916,-0.20583192
-0.21934812,-0.2020708
-0.21600133,-0.19251835
-0.15901007,-0.1807178
-0.19448039,-0.16997269
-0.28322965,-0.16301602
-0.16257845,-0.16119167
-0.13035429,-0.16251037
-0.24893169,-0.15817252
-0.14383014,-0.12564394
-0.08789953,-0.01755894
-0.0152433645,0.23311448
0.38939026,0.6523305
0.7833358,1.1133306
0.8913824,1.4027982
0.76553595,1.4827148
0.765158,1.4134645
0.6444324,1.2368202
0.45452806,0.96812093
0.48526883,0.61774546
0.66359687,0.21919069
0.9551428,-0.15711
0.9344834,-0.42296225
-1.054589,-0.5529757
0.32243162,0.50450736
0.24417475,0.5175773
0.40172416,0.6163435
0.48306042,0.77251613
0.3892665,0.95809543
0.6192999,1.1671476
0.650155,1.4002368
0.9006574,1.5757251
1.0784333,1.6796215
1.3663578,1.7230706
1.5550436,1.7125944
1.4933114,1.6524577
1.1476753,1.5425001
0.82841825,1.3775631
0.9270209,1.1523534
0.8185594,0.86834836
0.9598339,0.5466078
0.9139526,0.24975199
0.4252779,0.058056585
0.1438103,-0.034081824
-0.022186248,-0.0784067
-0.034081656,-0.09703753
-0.012720247,-0.10204456
-0.07709774,-0.10119728
-0.06832506,-0.09883637
0.08390601,-0.09742505
-0.016801259,-0.09894449
-0.03113673,-0.1046337
-0.0669882,-0.11207614
0.088262014,-0.110341765
0.14179601,-0.07254533
0.07183082,0.05362665
0.19400986,0.33168232
0.531772,0.76179934
1.5983257,1.1969893
1.7157987,1.461037
1.8016717,1.5487685
2.0350094,1.5257782
1.8789858,1.4307996
1.6777884,1.2732041
0.82084817,1.0490596
0.7364511,0.7553727
0.37032488,0.51862466
0.37562987,0.59996736
0.40778506,0.7704549
0.285166,1.0024495
0.30833796,1.253783
0.43986377,1.5278869
0.4261478,1.7295215
0.49429458,1.8266051
0.9466724,1.841777
1.2394023,1.7897336
1.5550417,1.6806195
1.2874614,1.5177574
1.2046785,1.2959971
1.1585642,1.0081855
0.9685455,0.6580963
0.9447897,0.28166524
1.0167798,-0.027292974
0.8123824,-0.19110116
0.46427977,-0.2661667
0.04608755,-0.30388257
-0.21879601,-0.32033336
-0.23186669,-0.32338074
-0.23828776,-0.31698483
-0.23546034,-0.30386567
-0.08805667,-0.28745478
-0.24433975,-0.2723778
-0.29084992,-0.2635257
-0.37062913,-0.26338622
-0.33011305,-0.26846805
-0.25873658,-0.26550642
-0.23493661,-0.22230613
-0.14722313,-0.07948104
-0.22152811,0.21856686
0.011696612,0.65027446
0.74237835,1.0672202
1.0124669,1.3213187
1.140857,1.4150904
1.9655303,1.4146715
2.430675,1.3599467
2.3920565,1.2578604
1.5580682,1.0977516
0.929912,0.8664185
1.1647565,0.99114084
1.3560116,1.2195957
1.5528781,1.4574068
1.7630472,1.6503221
2.0218203,1.8350056
2.0847313,1.9250593
2.0030515,1.9216163
1.8748223,1.8415318
1.760556,1.6959008
1.471571,1.5104959
1.2007545,1.3042209
0.95460063,1.076757
0.61933005,0.8184727
0.1800302,0.5304722
-0.09018725,0.2502703
-0.19134128,0.04998394
-0.20338152,-0.055827983
-0.2368153,-0.108393855
-0.27639925,-0.1305837
-0.29104543,-0.1348716
-0.32959104,-0.12938747
-0.3828494,-0.11933742
-0.31522283,-0.10833339
-0.31544718,-0.099209435
-0.33380026,-0.09415213
-0.31125984,-0.09392802
-0.34361762,-0.09580798
-0.34685528,-0.09022305
-0.32932085,-0.054816984
-0.29346645,0.054957516
-0.09675505,0.29895663
0.40292174,0.69226825
1.0323724,1.1282616
1.0449225,1.427908
1.0161022,1.5526876
1.1184913,1.5626738
0.98904324,1.5012368
0.9318951,1.3797925
0.9697615,1.1925073
1.2053825,0.92913926
1.8540689,0.592005
0.8020979,0.22307229
0.79178905,0.851147
1.0522114,1.024179
1.1892118,1.2274307
1.3697256,1.4231446
1.5521126,1.623905
1.8428769,1.7859969
1.8380634,1.8460969
1.7924088,1.825035
1.6479166,1.7333941
1.6473659,1.5897601
1.4806174,1.4161408
1.2183093,1.2190347
1.0191338,0.98990476
0.5490379,0.72065026
0.25246903,0.42800713
-0.09743518,0.17242026
-0.09673192,0.016185455
-0.07703479,-0.06263331
-0.09078766,-0.10085795
-0.12605037,-0.115375765
-0.16624567,-0.116742454
-0.09161502,-0.11174811
-0.10435747,-0.10458971
-0.14710347,-0.098026104
-0.16818032,-0.0941448
-0.15758993,-0.09442199
-0.18909095,-0.09836284
-0.079706356,-0.10024116
0.014022341,-0.083512165
0.04283473,-0.0112547055
0.25423208,0.17889759
0.73606056,0.5359069
1.4687878,1.0022912
1.2073463,1.3753233
0.9565462,1.5468569
1.0665265,1.5651813
1.0050753,1.4857974
0.8203924,1.3298833
0.4475705,1.0993097
0.23278639,0.79231566
0.8845594,0.4240198
-0.39821318,0.049295448
0.27236503,0.58680105
0.4225769,0.65657675
0.58703715,0.80147576
0.80514914,1.0057238
1.048849,1.2393172
1.084704,1.5037723
1.5002692,1.6951598
1.4004768,1.7796841
1.222234,1.775681
1.0752742,1.7000277
0.8526143,1.5698426
0.70230824,1.3912754
0.7190142,1.1564603
0.79703516,0.8571096
0.4790003,0.5041966
0.13036515,0.14921558
-0.19221778,-0.103517585
-0.23167089,-0.22700435
-0.27286622,-0.28986403
-0.09789866,-0.3242061
-0.06191299,-0.34177178
-0.13270532,-0.3480103
-0.14639091,-0.34565076
-0.22349176,-0.33725896
-0.26758096,-0.32615998
-0.15442176,-0.31636477
-0.07871716,-0.31210017
-0.10074675,-0.31586805
-0.09804059,-0.3242447
0.13111417,-0.31940407
0.22747798,-0.25358856
1.0919147,-0.0525722
1.633293,0.33442545
1.3038733,0.83470714
1.1381073,1.2085929
0.9324094,1.3408105
0.57501364,1.2754201
0.13542275,1.0680075
0.1923736,0.7511671
0.7255514,0.35671684
1.3355237,-0.056547455
-1.3575479,-0.41140628
0.681555,0.8037074
1.261798,0.9421048
1.4104211,1.1379906
1.3952314,1.3372004
1.6923687,1.530271
1.9402012,1.7172253
2.0928679,1.8144262
1.9811713,1.8366249
1.8887814,1.7976909
1.71597,1.7063904
1.5781153,1.5759931
1.3072151,1.4156878
1.1467149,1.2257822
0.8159518,1.0014026
0.4033795,0.741109
0.09358401,0.46528846
0.20261815,0.23148939
-0.06792755,0.09206296
-0.21818116,0.023498468
-0.1359219,-0.0072861984
-0.12901585,-0.015699811
0.0039492785,-0.0121428445
-0.10988643,-0.0038858429
-0.12255585,0.004506685
0.021682037,0.010397427
-0.04659716,0.012398444
-0.18057182,0.010962091
-0.05141314,0.010860838
-0.13305107,0.025171466
-0.02453973,0.08133467
0.11605445,0.22530374
0.6056462,0.49613708
1.4004096,0.8708291
1.5243329,1.2354649
1.2429302,1.4721314
1.4312576,1.5793707
1.520038,1.6072123
1.1040305,1.5908628
0.85720783,1.5416291
0.92059326,1.4536211
1.4576375,1.3116112
0.38081735,1.099248
1.1398909,1.1853572
1.2941741,1.4529557
1.5084833,1.6774132
1.8278329,1.843899
1.8681785,1.9634252
1.7988915,1.9781914
1.7393055,1.9119337
1.5236617,1.7687554
1.4261335,1.5712618
1.2562113,1.3544633
0.9256423,1.1293083
0.777647,0.8857043
0.4784002,0.61308974
0.14076744,0.3299337
-0.123027034,0.100587435
-0.12288631,-0.032397784
-0.061182767,-0.1013545
0.054832738,-0.13440305
-0.0354059,-0.14573708
-0.09389865,-0.14444211
-0.03945721,-0.1363121
-0.16405931,-0.12532353
-0.11400662,-0.114496835
-0.04701182,-0.10614038
-0.08318726,-0.10177306
-0.03682896,-0.10114629
0.05806775,-0.09946538
-0.024851037,-0.08196876
0.012452767,-0.0144856945
0.107817404,0.16375768
0.47564343,0.51037794
0.98112416,0.98549235
1.1112415,1.3792646
1.285792,1.5576484
1.6424996,1.561665
1.5113177,1.4485157
1.3546238,1.2437159
0.78641224,0.95658636
0.75222915,0.5975058
0.9868937,0.20112729
0.25085253,-0.1640676
-1.9769329,-0.41448486
0.35965803,0.5108868
0.31505182,0.5619341
0.3489063,0.69726
0.5127626,0.8941022
0.92633504,1.1161195
1.1495303,1.3656949
1.3930433,1.5967116
1.4144775,1.7353917
1.6342912,1.7939196
1.9598312,1.7847282
2.0624154,1.716968
1.862108,1.5960691
1.8675505,1.4204211
1.4963596,1.1842265
1.3275878,0.8859031
1.1159692,0.540652
1.024934,0.20480856
0.6145513,-0.025127597
-0.034325592,-0.13446817
-0.23680872,-0.18593895
-0.17546603,-0.20806658
-0.19371976,-0.21348044
-0.3117606,-0.20972306
-0.34656948,-0.20130807
-0.34529173,-0.19152662
-0.3014565,-0.18353796
-0.22496957,-0.18045759
-0.19938757,-0.18364653
-0.24431339,-0.1893369
-0.27605638,-0.18448019
-0.2770524,-0.13847923
-0.20782161,0.0061708316
-0.040899377,0.3084659
0.57435715,0.74852324
1.7489922,1.1652067
1.6198975,1.4060429
1.6425009,1.4815149
1.5242232,1.4574192
1.0822424,1.3698869
0.007203668,1.224978
-0.7948372,1.015094
-0.33658433,0.73493105
0.7837241,0.83488375
0.9252912,0.96824133
1.1076245,1.1510159
1.1424136,1.3363873
1.3785388,1.5312581
1.6020664,1.7137191
1.7540624,1.8001728
1.6867678,1.8046298
1.6528684,1.7366345
1.4604754,1.6110654
1.2255006,1.4503744
1.1000237,1.2639234
0.8464964,1.0455538
0.5759371,0.7869189
0.37337515,0.49747604
-0.020197704,0.22640032
-0.23746099,0.045186453
-0.26824704,-0.0487156
-0.3169683,-0.09597453
-0.2418392,-0.11661171
-0.17040235,-0.122336276
-0.27266425,-0.12067596
-0.18868633,-0.11618311
-0.18444315,-0.1116933
-0.2988401,-0.10929654
-0.2861767,-0.11065606
-0.20117192,-0.11583934
-0.2906636,-0.12007565
-0.18633038,-0.10820321
-0.28118327,-0.045105197
-0.13276342,0.13141459
0.29744378,0.47774142
0.9457922,0.9482231
1.3371717,1.3363624
1.2498055,1.5154116
1.6168164,1.5272291
1.7179478,1.4299307
1.541221,1.2480094
1.021303,0.9868609
0.60200113,0.6515615
1.1109071,0.2710147
0.27876452,-0.08860132
0.92442787,0.8967254
1.0710015,1.0657052
1.2771697,1.2711154
1.483202,1.4563432
1.6446813,1.6433417
1.8294325,1.793867
1.8200442,1.8496835
1.8051004,1.8322506
1.7039499,1.7499404
1.4507201,1.6175759
1.2899965,1.4566786
1.1683595,1.2769649
0.9063415,1.0734937
0.6814965,0.8362501
0.30030498,0.5687624
0.02614194,0.31027
-0.006326433,0.12719157
-0.078697085,0.030322812
-0.054422706,-0.017276831
-0.12937462,-0.03637571
-0.06406264,-0.039135464
-0.09629584,-0.034134842
-0.126283,-0.026844256
-0.06498764,-0.020324
-0.12899207,-0.016278245
-0.056995567,-0.015694223
-0.14876851,-0.017886259
-0.13061719,-0.017017968
-0.037569094,0.00401666
-0.031967383,0.08196121
0.015195733,0.2753481
0.37127674,0.6246782
0.9295843,1.0716202
1.0085636,1.4308971
1.0705184,1.6056321
1.3951001,1.6423727
1.5013087,1.5931001
1.2788928,1.4781516
1.096846,1.2987862
1.287782,1.049423
1.948521,0.7285573
0.34383425,0.36049086
1.0891446,1.0907602
1.144258,1.3083994
1.4666373,1.5341828
1.6192389,1.7059665
1.8583355,1.8643332
1.8790162,1.9246423
1.7111315,1.8991241
1.7220944,1.7967426
1.5797201,1.6274519
1.3677727,1.4226868
1.1704909,1.2011892
0.8430654,0.9593017
0.5691691,0.6895058
0.18269579,0.40170676
-0.0844983,0.14622736
-0.14515258,-0.01623515
-0.17616346,-0.102001734
-0.273095,-0.14557898
-0.3089897,-0.16415367
-0.19989033,-0.168073
-0.23038821,-0.1636495
-0.26612157,-0.1550554
-0.23071457,-0.14573249
-0.3011002,-0.13878098
-0.18690604,-0.1365614
-0.15103643,-0.1393466
-0.22564204,-0.14295685
-0.23222168,-0.13537201
-0.23495974,-0.08960939
-0.08434198,0.045572348
0.084754325,0.327012
0.6073595,0.74421626
1.0797663,1.152925
0.9523931,1.3962759
0.912296,1.4750693
0.92687804,1.4514967
0.7858059,1.358871
0.7002991,1.2001332
0.8031933,0.96525466
1.1950867,0.6507437
1.4621788,0.28728086
0.114630505,-0.046534434
0.7746328,0.52135456
0.9960286,0.6165997
1.2486019,0.78878784
1.450742,1.0281905
1.8365412,1.2994753
2.0162148,1.5823419
2.0604029,1.7503041
1.9699292,1.7993455
1.7126647,1.7595718
1.4654318,1.6579931
1.2323624,1.5096185
1.0131679,1.309097
0.6751023,1.036658
0.19726236,0.681175
-0.31037492,0.26931036
-0.62134624,-0.11305032
-0.796861,-0.34423593
-0.84930986,-0.45890284
-0.85239875,-0.5339264
-0.87374645,-0.5881476
-0.92641944,-0.62773716
-1.0109981,-0.65580285
-0.8809769,-0.67375684
-1.0543993,-0.68245673
-0.952113,-0.68384874
-1.008775,-0.68188626
-0.9881163,-0.68191004
-0.9515382,-0.6872264
-0.9266268,-0.6912513
-0.67280453,-0.6659605
-0.09053191,-0.5594725
0.68704575,-0.31577364
1.1448879,0.10086187
0.8901355,0.6299945
0.8567678,1.0236589
0.5314023,1.1415644
0.2247961,1.022105
0.08411913,0.7236663
0.28166375,0.29761553
0.86265653,-0.19073412
0.1809462,-0.6516943
-1.9432774,-0.99799454
1.0566216,1.0519836
1.1344655,1.2739804
1.3272092,1.4938098
1.4611433,1.6673648
1.6893363,1.8346894
1.8288512,1.9056094
1.8424089,1.8848994
1.8349258,1.7826939
1.6518519,1.612
1.55477,1.4075
1.4107686,1.1886085
1.1389351,0.94935644
0.8962169,0.67839503
0.5174174,0.38625097
0.2452615,0.12922919
-9.426725e-05,-0.031047814
-0.07383334,-0.11526031
-0.07626779,-0.15853202
-0.14578807,-0.17769164
-0.10977157,-0.18264726
-0.049990628,-0.17923
-0.10051297,-0.17125574
-0.16650067,-0.16195157
-0.12508723,-0.15426543
-0.08517438,-0.15061903
-0.1569426,-0.1519931
-0.12553315,-0.15574843
-0.006051112,-0.15180191
-0.05586162,-0.11490438
-0.03896686,0.0065681264
0.14244151,0.27936065
0.8248843,0.7141627
1.4173292,1.1607039
1.1620022,1.4211764
0.8112682,1.4831806
0.4721977,1.4101479
0.29462227,1.2389761
0.14449808,0.9803493
0.15044004,0.6403874
0.096815065,0.24842972
0.47548333,-0.12703928
-0.8153948,-0.3960055
0.8295373,0.7898408
1.0081868,0.97593164
1.2040806,1.1857252
1.421355,1.4201918
1.9304347,1.6732175
1.9403362,1.8179862
1.6382233,1.8238089
1.6218851,1.7134018
1.4136667,1.5261526
1.0644895,1.2933998
0.8284551,1.0092785
0.5678372,0.65973264
0.029227857,0.26130405
-0.4984845,-0.11539934
-0.8810173,-0.35594636
-1.0512319,-0.48296744
-1.0743489,-0.5707672
-1.1051961,-0.63916063
-1.1993688,-0.6958184
-1.0691612,-0.7457355
-1.1426464,-0.7910608
-1.1483219,-0.8311234
-1.117473,-0.86381453
-1.1570731,-0.88750356
-1.2022934,-0.9021178
-1.2806263,-0.9081377
-1.2818412,-0.9048319
-1.1538142,-0.88848776
-1.2425319,-0.8429738
-1.2356033,-0.73289686
-0.8506695,-0.51745445
-0.39517638,-0.16977793
0.076510616,0.2866873
-0.04909519,0.6659566
0.10142382,0.7795241
0.3044839,0.6300867
0.2364162,0.27486238
0.1650259,-0.20858338
0.24437423,-0.7005508
0.9023808,-1.0860242
1.2607402,-1.3256705
-1.0791665,-1.4618914
0.9421227,0.96077085
0.96300894,1.1475284
1.2319471,1.3655438
1.3903807,1.5473111
1.6161478,1.7287748
1.7056777,1.8493726
1.6137855,1.8784542
1.6374015,1.8371212
1.499033,1.7314441
1.2628016,1.5785106
1.0791326,1.3997642
0.84868014,1.2020904
0.63334846,0.97938275
0.25290415,0.72514
0.08420234,0.4526155
-0.01736734,0.21387252
-0.06812158,0.06472614
-0.08285326,-0.011843689
-0.091423914,-0.048254438
-0.081020884,-0.06060768
-0.027615186,-0.059587903
-0.13812025,-0.05255302
-0.070417516,-0.04419089
-0.026102208,-0.03740347
-0.0063000387,-0.034078814
-0.045039866,-0.034963347
-0.041970648,-0.03790132
-0.00061429926,-0.034458138
0.017643958,-0.0045885965
0.10095775,0.09130701
0.25002033,0.30836588
0.69470924,0.6655649
0.9817066,1.0824916
0.8522982,1.3973668
0.9323814,1.5502198
1.2251356,1.5906727
1.3181008,1.5660138
1.3382827,1.493166
1.3763537,1.3682446
1.9545465,1.1777298
2.275966,0.9090383
0.7598223,0.5698962
0.19413503,0.3321908
0.29965118,0.33471674
0.3234903,0.43489897
0.41135257,0.6033565
0.5905262,0.8052225
0.93300223,1.0241091
1.1419046,1.2788033
1.4183487,1.5050635
1.597937,1.6577592
2.0397456,1.745792
2.2914073,1.7754213
2.5026054,1.7481478
2.417058,1.6614352
1.9878935,1.5076675
1.9533085,1.2765472
1.5192086,0.96568334
1.093843,0.5946039
0.53128403,0.22560349
-0.14985555,-0.03373421
-0.30477604,-0.15450484
-0.25938395,-0.20884156
-0.3999522,-0.2325064
-0.42574236,-0.2387884
-0.48335272,-0.2354669
-0.4107824,-0.2271393
-0.40057513,-0.21708915
-0.25732076,-0.20850238
-0.32997474,-0.20473635
-0.35322753,-0.20755205
-0.2968323,-0.2132298
-0.23076543,-0.20743477
-0.2638507,-0.15525633
-0.22002432,0.006773047
-0.02617759,0.33698633
0.74909794,0.8012857
1.470948,1.2148781
1.2360258,1.4356923
1.6394413,1.4905126
1.3800056,1.4448636
0.4257753,1.331448
-0.47167975,1.1558621
-0.48974627,0.9136735
1.0491542,1.1405549
1.3116184,1.3832674
1.4928839,1.607626
1.7129128,1.7808522
1.8869158,1.9210608
1.9423254,1.9524848
1.855641,1.8947823
1.6478921,1.7524066
1.4755613,1.5496216
1.3588865,1.3247844
1.0998625,1.0866585
0.76607716,0.82310116
0.43639207,0.527823
0.0549885,0.2296449
-0.14982936,0.0034240112
-0.31492642,-0.1217547
-0.27915075,-0.18807203
-0.34020245,-0.22228557
-0.4633186,-0.23745039
-0.359537,-0.24072844
-0.39884323,-0.23616499
-0.32670984,-0.22701114
-0.3056321,-0.21655923
-0.297346,-0.20795605
-0.28027675,-0.2038042
-0.37825105,-0.20505226
-0.2966511,-0.20842284
-0.27408972,-0.20138288
-0.33505312,-0.15150666
-0.20046057,0.0032411292
0.10462555,0.3290882
0.7281342,0.805466
0.8796443,1.2210789
0.9504673,1.4031302
1.1220915,1.3696505
1.1282843,1.1787515
0.8185224,0.86698276
0.4360984,0.46356636
0.7799972,0.022802882
1.012128,-0.37299642
0.30417734,-0.64266443
-1.8090087,-0.78926307
1.3504074,1.3593082
1.6512579,1.6246983
1.8421685,1.8311799
1.972148,1.9741445
2.0273092,2.0317078
1.9337968,1.9971931
1.8286762,1.8896258
1.7512296,1.7072428
1.5939056,1.4807453
1.3023942,1.2444674
1.2433285,1.0010456
0.9474877,0.7392788
0.65685093,0.4585895
0.26472735,0.1966024
0.038364653,0.01686459
0.05365745,-0.081773244
0.03042034,-0.13364962
0.071963586,-0.1573739
0.09296583,-0.16408649
0.043113377,-0.16074118
0.16711776,-0.15192515
0.14468223,-0.14128447
0.04591347,-0.1319375
0.045355376,-0.12630415
0.034014996,-0.12536162
0.07524455,-0.12675911
0.084478326,-0.12147192
0.081609726,-0.0874292
0.19190943,0.02069112
0.2719765,0.26666605
0.52075857,0.67312974
1.1894494,1.1223316
1.5970826,1.4144254
1.3707368,1.5118
0.96682715,1.475095
0.31788588,1.3449829
-0.22665083,1.1324742
-0.6522661,0.8376672
-0.7412331,0.47203386
-0.471367,0.085016556
-0.10910896,-0.23671061
-1.0305264,-0.41748297
0.98948807,0.85878366
1.1203449,1.031342
1.2957171,1.2588739
1.577673,1.4820399
1.7822795,1.7128295
1.7744838,1.8672277
1.6240783,1.9083169
1.5807239,1.8576596
1.4333204,1.7300099
1.21434,1.5511937
0.9814508,1.337787
0.647148,1.0875549
0.3554746,0.7942245
-0.00416301,0.46532184
-0.23942927,0.14391571
-0.36882335,-0.08175146
-0.42347986,-0.1964235
-0.47580954,-0.25555915
-0.4458681,-0.28582054
-0.507541,-0.29886147
-0.50288534,-0.30045372
-0.45876044,-0.29365918
-0.40179378,-0.28137395
-0.36377025,-0.26729682
-0.5172405,-0.25564542
-0.43845302,-0.25017887
-0.44966537,-0.25203383
-0.42175996,-0.25651225
-0.37768546,-0.24782765
-0.3868354,-0.18746799
-0.08987351,-0.009798057
0.46483552,0.337725
0.7810497,0.80599594
0.7258821,1.194725
1.0040462,1.3772974
1.4164718,1.3898603
1.4319906,1.2915289
1.1423738,1.1078296
1.1823665,0.84315336
1.6202296,0.5064392
1.539139,0.13762271
-0.5302577,-0.18736741
1.1051738,1.2060469
1.329125,1.4359229
1.5509081,1.6552482
1.8466959,1.8090497
1.8432286,1.9315436
1.7515382,1.9578636
1.6807,1.9107475
1.5996125,1.7937472
1.4776478,1.6180875
1.2193439,1.4164922
0.9482398,1.2076018
0.68783516,0.9879774
0.43900263,0.74652076
0.109371684,0.48498446
0.019592669,0.2425881
0.032057364,0.078322105
0.05345491,-0.010341503
0.04026045,-0.054553024
0.00462556,-0.07159517
0.008658664,-0.07274438
0.079046786,-0.065889575
-0.052263457,-0.056201704
0.035446003,-0.046885677
0.06366718,-0.039942272
0.098311104,-0.03654752
0.11991818,-0.036227934
0.058510628,-0.033921175
0.101386435,-0.014532335
0.16892736,0.05520352
0.32832086,0.23181719
0.8277905,0.56406033
1.2076222,1.0111828
1.281936,1.390937
1.6130056,1.5818357
1.7245494,1.621525
1.6704084,1.5649076
1.3490655,1.4348586
0.87708986,1.2345926
0.84892327,0.9611001
0.91302866,0.6185798
0.38659316,0.24204504
-1.1326312,-0.09280674
0.7976886,0.66222334
1.1027325,0.7839527
1.1900918,0.97314143
1.4199657,1.204499
1.4844801,1.4451644
1.7291222,1.6836025
1.9508462,1.8180679
1.8751423,1.8551509
1.8303909,1.8135215
1.5355985,1.7075598
1.240255,1.5511241
1.1595376,1.3491118
0.8682755,1.0976325
0.5170076,0.79419744
0.07610147,0.45441294
-0.29853126,0.13682592
-0.42319486,-0.068715654
-0.40279648,-0.16679612
-0.35721198,-0.21442193
-0.35017976,-0.23503986
-0.34473893,-0.23992735
-0.325001,-0.2353932
-0.26556963,-0.22518009
-0.27634507,-0.2126047
-0.23834944,-0.20144033
-0.2926754,-0.19544649
-0.21654113,-0.19651067
-0.21166345,-0.20185503
-0.14601462,-0.20131454
-0.114356175,-0.17163497
-0.16035847,-0.06579397
0.2637155,0.17602777
1.1135803,0.56207037
1.2288176,0.98490953
0.80436075,1.2819738
0.59512234,1.4134018
0.6270231,1.4374619
0.6244438,1.4025519
0.9250949,1.3221381
0.932164,1.1875217
1.6604037,0.98242056
0.91235393,0.70059097
0.59597856,0.80765766
0.9584244,0.92037916
1.137845,1.0864294
1.3093756,1.2637348
1.47525,1.4530954
1.6300074,1.6479108
1.9550021,1.7538536
2.0434523,1.7760985
2.018506,1.7250972
1.9245309,1.6140523
1.6527889,1.4653299
1.5256718,1.2899024
1.2765523,1.0821764
0.9412131,0.83245033
0.5524663,0.5465852
0.13971364,0.26808107
-0.08988155,0.07108951
-0.09493139,-0.03329111
-0.10237783,-0.08679301
-0.11271787,-0.11189296
-0.16334727,-0.12104041
-0.018268336,-0.12224085
-0.068424,-0.12026221
-0.10144834,-0.117917545
-0.07389692,-0.11714295
-0.14885333,-0.119559236
-0.12747093,-0.12564772
-0.06379613,-0.13163343
-0.07096612,-0.12363172
-0.07479558,-0.06754511
0.032128297,0.09959265
0.1955606,0.44130927
0.70872897,0.92270684
1.1773905,1.3269563
1.2431184,1.5076661
1.1603061,1.5020494
0.7477265,1.3698881
0.26171732,1.1399093
0.16908535,0.82479215
0.261608,0.44370037
0.7289747,0.046146147
-1.5141611,-0.29204732
1.2429527,0.99172723
1.4263704,1.2853352
1.7647504,1.5544791
2.0082755,1.8014765
1.933256,1.9745238
2.0292623,2.0063012
1.9177947,1.9305298
1.6121397,1.7729902
1.4308558,1.568604
1.163124,1.3325614
0.9526061,1.0541205
0.5476812,0.7172049
0.021703037,0.3327882
-0.32316902,-0.029203467
-0.6021599,-0.25802496
-0.7334894,-0.3707953
-0.7982198,-0.4395883
-0.7629482,-0.48607197
-0.7348905,-0.5174147
-0.75371206,-0.53664094
-0.68104374,-0.5451283
-0.69564074,-0.54412663
-0.7395716,-0.5360182
-0.73457545,-0.52492774
-0.8170726,-0.51648605
-0.7251055,-0.5162882
-0.68772566,-0.52515274
-0.7434273,-0.5299865
-0.6387603,-0.49049866
-0.4981241,-0.341419
-0.14270568,-0.023700379
0.5061994,0.46709925
0.44870517,0.95686054
0.33366263,1.209695
0.6008744,1.2040663
0.32186037,0.99888957
0.40408114,0.6451162
0.4507442,0.19072348
0.69383025,-0.2919688
0.9520091,-0.7141153
0.83606434,-1.0018339
-1.1694591,-1.180924
0.76210034,0.8496582
0.8755946,0.9952527
1.0580206,1.1918536
1.4219111,1.389466
1.7135823,1.5988
2.0378106,1.7732168
2.0457153,1.843687
2.0057635,1.8290193
1.7579136,1.7393886
1.7028997,1.593827
1.5336115,1.4140439
1.1139665,1.2053729
0.79063874,0.9602176
0.3356776,0.6745453
0.1757283,0.36903226
0.017774427,0.10938843
-0.19031614,-0.04367902
-0.18189953,-0.12061901
-0.27368057,-0.15840062
-0.22163585,-0.17353353
-0.16509058,-0.17583442
-0.18248394,-0.17120403
-0.14640948,-0.16346651
-0.21405111,-0.15563619
-0.20419818,-0.15040928
-0.16307966,-0.14991888
-0.15182003,-0.1541315
-0.18480136,-0.15773687
-0.06576917,-0.14512819
-0.015224259,-0.080607034
0.40934566,0.09824241
1.2483122,0.44463885
1.4090887,0.9089701
1.1280422,1.2910204
1.4033364,1.4698188
1.3372991,1.486484
0.97599506,1.3993902
0.28133348,1.2323674
0.09559183,0.9881929
0.40760905,0.6685399
0.26689467,0.2989685
-1.5121301,-0.055342905
0.44597876,0.4207906
0.55154246,0.48641974
0.82327676,0.64525694
1.0592512,0.86529297
1.2974465,1.1028557
1.1700524,1.3541317
1.4935218,1.6002233
1.6301781,1.7591486
1.9614409,1.840861
1.9969082,1.8603034
1.9798223,1.8250682
1.8715174,1.7385684
1.6061813,1.6002235
1.6083286,1.4053763
1.2543205,1.1485927
0.9330516,0.8316388
0.5294154,0.47978693
0.07687545,0.1655615
-0.08923023,-0.02498234
-0.18908589,-0.108162485
-0.19035734,-0.14249814
-0.21929674,-0.14989823
-0.1903927,-0.14210787
-0.08181981,-0.1271624
-0.1119443,-0.110377945
-0.13785636,-0.09558118
-0.15584862,-0.08588333
-0.06598081,-0.082689054
-0.06470245,-0.083119996
-0.0797968,-0.07792661
-0.14384305,-0.04895886
-0.030723523,0.037790023
-0.028917242,0.23004955
0.44553855,0.54349786
0.7670135,0.91944337
0.7447182,1.2396019
1.3863176,1.4319654
1.8502895,1.5175433
2.161291,1.5444744
1.980039,1.5440797
1.3290207,1.5260342
1.6431327,1.4846131
0.8716996,0.78778124
1.0012708,0.9415051
1.1614534,1.1568257
1.342251,1.3817306
1.5882916,1.6096202
1.8197123,1.8034589
1.7854886,1.8882995
1.7985977,1.8873041
1.7255336,1.8149755
1.4591955,1.6874247
1.2781767,1.5214434
1.0757848,1.323276
0.8783573,1.0885179
0.49945813,0.81126535
0.17570034,0.5013027
-0.062270574,0.20794734
-0.1260829,0.010856114
-0.19975318,-0.086436085
-0.21581018,-0.13223979
-0.16849142,-0.14926746
-0.22681919,-0.14972499
-0.238697,-0.14152446
-0.1985227,-0.12969163
-0.2513715,-0.11770547
-0.17971048,-0.10838268
-0.11409937,-0.103898205
-0.15847725,-0.10443235
-0.1760709,-0.10547725
-0.08688749,-0.094264664
-0.042588368,-0.04307092
0.03816706,0.098928206
0.26888788,0.38502234
0.8582228,0.80022424
1.070596,1.2074187
1.0317938,1.4588552
1.1435808,1.5550432
1.2081488,1.5577362
1.2039795,1.5034772
1.2023264,1.3999852
1.4845061,1.2396252
2.2097533,1.01028
1.27539,0.70859325
1.1586072,1.2063104
1.3005741,1.4368517
1.5283276,1.6528597
1.7824038,1.8196919
1.7540412,1.9386289
1.6384004,1.9491794
1.5755465,1.87166
1.4417362,1.7073158
1.2920756,1.486314
1.0850108,1.2465955
0.8943635,0.9900596
0.6305596,0.7055906
0.29537046,0.3968932
-0.06064785,0.10771405
-0.19568375,-0.0875388
-0.24203894,-0.19316724
-0.2441212,-0.2518147
-0.24492984,-0.28432605
-0.23162067,-0.30094513
-0.31576374,-0.30648646
-0.31370926,-0.30367565
-0.32917652,-0.2954155
-0.3313428,-0.28524625
-0.271534,-0.27692193
-0.32199404,-0.27379593
-0.3389614,-0.27730167
-0.38258043,-0.28384873
-0.34172693,-0.27824304
-0.4240955,-0.22012544
-0.14257118,-0.04102636
0.14455709,0.31454515
0.60100114,0.7901261
0.79645574,1.1536019
0.9655373,1.2680664
1.1381996,1.161802
1.0631433,0.88822603
0.7002264,0.49033785
0.35116127,0.028879724
0.3493639,-0.40540248
0.62858486,-0.7221339
-0.17725053,-0.9074949
-1.8936671,-1.0324715
1.01556,0.9656017
1.142124,1.1646693
1.2136519,1.3886052
1.4264783,1.5751818
1.6240163,1.7608875
1.850057,1.8738384
1.9325135,1.8937066
1.8092651,1.8403938
1.6753247,1.7209829
1.5068148,1.5554811
1.3421434,1.3648152
1.1295211,1.1534277
0.9855393,0.9141047
0.63656646,0.64323795
0.18378079,0.3632384
-0.023867492,0.13686198
-0.19945496,0.0066864714
-0.22482075,-0.05907113
-0.23123263,-0.08912913
-0.2033707,-0.097903766
-0.1398574,-0.09506541
-0.16056739,-0.08700607
-0.21382648,-0.07787857
-0.18069658,-0.07058474
-0.16983443,-0.06723187
-0.23232026,-0.068533726
-0.23884302,-0.07181276
-0.16770838,-0.06793118
-0.18870047,-0.036195733
-0.072066545,0.06410562
0.030150892,0.28841433
0.31547242,0.6518201
1.018704,1.0670238
1.1632761,1.3739948
0.93031377,1.5198848
1.2717704,1.5567122
1.484165,1.5314236
1.2966857,1.4595006
1.0152055,1.3352717
0.80209684,1.1435496
1.3941895,0.87160736
1.115167,0.53074
1.1421475,1.2148871
1.3674985,1.4976258
1.6220242,1.7171957
1.7944423,1.8861921
1.7249801,1.9877455
1.6566151,1.980896
1.4668317,1.88642
1.4563401,1.7093873
1.2860637,1.4850099
0.9851205,1.2464314
0.8133081,0.99260247
0.53940064,0.7087494
0.18716462,0.3984015
-0.08142879,0.114460595
-0.18260022,-0.068854354
-0.09235795,-0.16499844
-0.11375198,-0.21639463
-0.19548328,-0.242279
-0.02867992,-0.25273323
-0.10408087,-0.25296605
-0.19815704,-0.24609512
-0.16989116,-0.2351968
-0.12838204,-0.2236897
-0.16552615,-0.2148593
-0.1931019,-0.21118185
-0.15733811,-0.21287078
-0.12940349,-0.21499425
-0.16071303,-0.20151547
-0.03745865,-0.13320965
0.03468325,0.05726301
0.61435175,0.42601234
0.9058946,0.91210246
0.84732246,1.2807171
1.0041219,1.4087567
1.0685737,1.3369796
0.99165267,1.1196197
0.77146155,0.7880679
0.59989023,0.3723603
0.74479485,-0.0671064
0.5585032,-0.44539607
-0.33288535,-0.6883477
-2.545858,-0.8229532
-0.18301459,-0.030830793
-0.38366297,-0.13230053
-0.30438972,-0.15639336
-0.29144153,-0.10921424
-0.21901298,-0.011818975
-0.21528809,0.10562419
-0.21316977,0.2209785
-0.15213013,0.33627117
0.16227964,0.47969276
0.29508325,0.6522458
0.57493204,0.8344059
0.769782,1.020956
1.2040496,1.204746
1.7548412,1.3714055
2.2685976,1.5005562
2.144362,1.564966
2.0081325,1.5293512
1.5340811,1.357446
1.2005258,1.0412908
0.8069148,0.6182424
0.2600465,0.18218637
-0.59916854,-0.13159084
-0.8629957,-0.27789834
-1.1251498,-0.3423653
-0.98932534,-0.37838343
-0.9796474,-0.40045214
-1.1488079,-0.41413343
-1.053901,-0.42219558
-0.96591693,-0.4274083
-0.9691421,-0.43357944
-0.82251424,-0.4455024
-0.85477567,-0.4645474
-0.95616275,-0.47311413
-0.45254752,-0.41569066
0.8654459,-0.21913454
0.8913799,0.16126353
0.9071231,0.65793645
1.3470166,1.0123992
1.3110936,1.0729901
0.9910945,0.8633518
1.3924248,0.44844854
1.3420898,-0.08284235
0.6870808,0.8129617
0.8699614,0.95538545
1.0883465,1.1379597
1.2919854,1.3285105
1.4443078,1.5310516
1.787867,1.7158747
1.9998733,1.7980223
2.1227214,1.7911329
2.0112445,1.7055515
1.8235055,1.5613245
1.7022462,1.3830143
1.5053324,1.1761056
1.1701536,0.9307846
0.83813447,0.6426935
0.3072121,0.33682448
-0.044573814,0.084372126
-0.12814035,-0.060987405
-0.24951345,-0.13546473
-0.26996022,-0.17345574
-0.23007274,-0.19045722
-0.29139182,-0.19548059
-0.19998053,-0.19372699
-0.27078837,-0.18862969
-0.23949768,-0.18301418
-0.21226063,-0.17946589
-0.25273186,-0.18020979
-0.25070465,-0.18579245
-0.30471322,-0.19199246
-0.24792495,-0.18407759
-0.21851349,-0.1253646
-0.16875662,0.05050104
0.11824138,0.4043826
0.94741315,0.8887975
1.2857089,1.2777767
1.1734232,1.4357996
0.9024674,1.4018645
0.50580114,1.2332475
-0.21558939,0.958681
-0.25596365,0.5960802
0.14606392,0.18342727
0.59552115,-0.20821434
-1.947418,-0.4941928
1.3408599,1.2462742
1.7028539,1.5262762
1.7132759,1.7469151
1.8059785,1.9174235
2.0909185,2.0074718
1.992604,1.9901483
1.8941346,1.8860524
1.9698434,1.7016752
1.4087317,1.4739984
0.7869989,1.2326345
0.8338433,0.9746394
0.6466952,0.6866546
0.17416659,0.3745095
0.07024897,0.093287565
0.07179127,-0.08491015
-0.1656099,-0.1783348
-0.32518384,-0.2284056
-0.18577638,-0.25361785
-0.19403495,-0.26361203
0.06515909,-0.26330286
0.026095212,-0.25576207
-0.21004322,-0.24416578
-0.16201039,-0.2320503
-0.38054553,-0.22280994
-0.15496445,-0.21897379
0.124485575,-0.22058228
0.030287696,-0.22203824
-0.3068623,-0.2055209
0.026902277,-0.1283207
0.39049587,0.07908373
0.7927283,0.46728337
1.5754105,0.955477
1.7390498,1.3029876
1.3220215,1.4089893
1.087949,1.3212856
0.99724066,1.0926634
0.07521318,0.7538709
-0.8509481,0.33664787
-0.9093343,-0.09695019
-1.1853688,-0.46353072
-0.844801,-0.6941628
-1.569285,-0.8224849
1.4088682,1.3075757
1.5926878,1.5632212
1.7802101,1.7748241
1.8210431,1.9375594
1.7375644,2.0094678
1.631179,1.9764912
1.4595109,1.8548946
1.2419008,1.6506087
1.1058011,1.408004
0.88911086,1.1530404
0.70589375,0.8764605
0.35358545,0.5688487
-0.01641942,0.24724895
-0.20123166,-0.019347437
-0.23058759,-0.17557597
-0.19414805,-0.26078117
-0.264005,-0.3105756
-0.4032955,-0.34001493
-0.34457237,-0.355959
-0.32005948,-0.3613957
-0.3398186,-0.35862142
-0.29571083,-0.35067105
-0.28213793,-0.3411983
-0.2918471,-0.33404148
-0.3014037,-0.33269998
-0.35384613,-0.33847365
-0.28922743,-0.34577742
-0.20616029,-0.33085844
-0.20687248,-0.23801169
0.10339952,0.00402195
0.657765,0.42566586
0.89648616,0.8939614
0.8827153,1.1543362
0.8562255,1.1290836
0.8296117,0.8602644
0.63236916,0.41378176
0.21226935,-0.12069491
0.0697657,-0.6208365
0.4768347,-0.97887266
0.041287463,-1.190121
-1.052021,-1.3283107
-2.764785,-1.4233004
0.8932418,0.9192201
1.0451692,1.1044507
1.1987752,1.3205827
1.3243717,1.5216963
1.6566598,1.731481
1.7665551,1.8548644
1.7057866,1.8683379
1.6368324,1.787166
1.4729025,1.6267416
1.2884724,1.4201913
1.0255969,1.1833518
0.9033635,0.9098873
0.5794614,0.59715414
0.19841263,0.2669675
-0.17077775,-0.010251842
-0.4407192,-0.17075002
-0.44622213,-0.25450715
-0.5324385,-0.30185556
-0.5955842,-0.3289315
-0.62576073,-0.3431395
-0.5494573,-0.3474349
-0.56779337,-0.34356797
-0.5457512,-0.33413503
-0.58794385,-0.32295308
-0.66250515,-0.31449994
-0.54126847,-0.31278828
-0.60771376,-0.31905678
-0.6627251,-0.32800806
-0.6750013,-0.3196234
-0.63799906,-0.24491796
-0.37007967,-0.03418865
-0.0761131,0.3499246
0.4465629,0.81876945
0.5718701,1.1505148
0.5178569,1.256572
0.76174456,1.1852483
0.9167077,0.9857937
0.7510335,0.68159395
0.7655894,0.30037165
1.2491369,-0.097579606
1.5873425,-0.42752862
-0.002529482,-0.62349105
0.3739944,0.3985703
0.20080142,0.38541055
0.8279702,0.44261605
1.4209915,0.55365694
0.9837459,0.69762003
0.91168535,0.8589885
1.1584336,1.0477202
0.6681005,1.257578
0.54173064,1.4241998
0.64725983,1.5373273
0.46088693,1.6016037
0.27998763,1.6205516
-0.015504748,1.5931389
-0.51130766,1.5119534
-0.6650223,1.3672936
-0.22675289,1.1548717
-0.40926412,0.88008595
-0.85282165,0.5694964
-0.5179747,0.28990558
-0.015125868,0.11266013
-0.042767048,0.024618797
0.1392174,-0.021436505
0.257213,-0.045087464
-0.19289242,-0.05748173
0.043088887,-0.06553242
0.31691775,-0.07266403
0.14703815,-0.08065868
0.50807613,-0.09097356
0.70794636,-0.10334561
0.1941288,-0.11091251
0.7338832,-0.092263885
1.8683299,-0.00075332075
1.4853182,0.23347685
1.097052,0.64481986
2.0568795,1.1177003
2.4522748,1.431756
1.3720087,1.5383005
0.9665317,1.5000415
1.0089899,1.3626118
1.4940338,1.141655
1.7488471,0.84146035
-0.10214588,0.47673
0.9379256,0.9209368
1.1501883,1.0940653
1.1747522,1.3066983
1.4347132,1.4926182
1.6796061,1.6773531
1.8505338,1.8173243
1.8653204,1.8639748
1.7167251,1.8399043
1.6733762,1.7522748
1.4958616,1.6150022
1.3237927,1.4484339
1.1335664,1.2614653
0.81223327,1.0498867
0.5808997,0.80619526
0.1728444,0.53684753
0.019135088,0.28358337
-0.07767421,0.110319175
-0.07098904,0.01961752
-0.040492445,-0.024583511
-0.12078195,-0.041426204
-0.028503465,-0.042630054
-0.08519331,-0.036466412
-0.080371715,-0.028286688
-0.049319454,-0.02127143
-0.10395379,-0.017350323
-0.01716599,-0.017454617
-0.07345451,-0.020117365
-0.0833354,-0.018166281
-0.030161051,0.006461285
-0.012580479,0.09029829
0.1079642,0.2877422
0.43231803,0.6265467
0.9806847,1.0433196
1.1353084,1.379177
1.1369244,1.5531776
1.3877147,1.6069361
1.3897424,1.5909042
1.184498,1.5262554
1.1263418,1.4121354
1.6010178,1.2366836
2.0067737,0.9864981
0.1634342,0.66228414
1.3249393,1.3138866
1.4635459,1.5342556
1.6146561,1.739057
1.6682682,1.868392
1.6081667,1.9573424
1.6130205,1.9610627
1.5516003,1.9043767
1.4967284,1.7866889
1.3373084,1.6133356
1.214386,1.4149507
1.1601307,1.2124207
0.987612,1.0050347
0.7760261,0.7836697
0.58257234,0.5468793
0.5576769,0.32254198
0.52628285,0.1616739
0.5435611,0.071242325
0.5541035,0.025668137
0.54769313,0.008410059
0.5641502,0.00829386
0.54936814,0.016909562
0.5376863,0.028358541
0.47446227,0.03898742
0.518973,0.046885364
0.52882504,0.051552348
0.5083491,0.054772966
0.59055465,0.063606225
0.6258494,0.09560435
0.678733,0.18505383
0.73112065,0.3796363
0.9800064,0.7010041
1.4229853,1.0911136
1.4979954,1.4071374
1.2504995,1.5771295
0.8736072,1.6357207
0.46967506,1.6267343
0.24187519,1.5702262
0.16530636,1.4661207
0.33190924,1.3033047
0.54111576,1.0683855
0.22512674,0.75862867
-0.428188,0.4051059
0.7333571,0.7267266
0.93911594,0.84885466
1.0500537,1.0364689
1.2026405,1.245869
1.3767262,1.4507304
1.6528456,1.6637747
1.7932901,1.7946877
1.7673862,1.843098
1.66321,1.8281755
1.5509889,1.7600428
1.3685575,1.6505185
1.1309621,1.5086753
0.83604306,1.3360406
0.65671533,1.1279256
0.44741085,0.8791766
0.14180592,0.5989493
0.1196794,0.33124393
0.035160933,0.14513803
0.02010768,0.051704578
-0.02335165,0.008864008
-0.0100553725,-0.0056155697
-0.017958509,-0.0039076284
-0.035506815,0.005286105
-0.022679381,0.016290896
0.0025401525,0.025869884
-0.011207893,0.032279544
0.10110213,0.034980945
0.007618051,0.036318667
0.033125423,0.0454972
0.1103456,0.08455729
0.16276203,0.19447526
0.5828187,0.4247424
1.1190623,0.78293383
1.2920957,1.1830788
1.1857393,1.4767073
1.6090273,1.6221411
1.8639282,1.6655478
1.8260816,1.6489184
1.540772,1.5901464
1.6409551,1.4891036
2.1343324,1.336115
1.215223,1.1190491
1.204231,1.163723
1.4138098,1.4134812
1.6210464,1.6338606
1.8600361,1.8117201
1.9489001,1.9394684
1.9250168,1.9517088
1.7306536,1.8672696
1.810274,1.6918436
1.524453,1.4640695
1.2024949,1.2190711
1.0489132,0.95291233
0.89783025,0.6516762
0.59374076,0.32379812
0.3378707,0.029542707
0.08118202,-0.15415242
-0.13480088,-0.2516269
-0.33550075,-0.30806586
-0.32111564,-0.34213623
-0.13245879,-0.36221033
-0.34053496,-0.3716246
-0.3480382,-0.3721424
-0.32985687,-0.36610484
-0.30990982,-0.3568575
-0.19690976,-0.3482869
-0.28489387,-0.3443308
-0.41971225,-0.34779724
-0.24116325,-0.35713154
-0.23795423,-0.35852292
-0.26483443,-0.3103682
-0.059302177,-0.14267662
0.059698544,0.20263547
0.51944494,0.6850566
1.218187,1.0684757
1.3642247,1.1765435
0.7188534,1.0193604
-0.07097946,0.65597135
-0.8435892,0.157668
-1.4286444,-0.37194917
-1.5502442,-0.8137511
-1.2875383,-1.094984
-0.61392444,-1.2662054
-0.94579124,-1.3825543
1.1696122,1.1124749
1.2099521,1.3312263
1.3835021,1.5557038
1.6278853,1.7283058
1.9201565,1.883445
2.0882702,1.9377537
2.0482864,1.9076257
1.958982,1.801209
1.8527788,1.6311059
1.6804684,1.4291594
1.3784256,1.2130678
1.171242,0.9786694
0.86538583,0.7161837
0.5184277,0.4321534
0.18156941,0.17403427
0.05573678,0.0059341416
-0.056212418,-0.08256582
-0.06111388,-0.12697843
-0.10153792,-0.14518031
-0.11961067,-0.14803645
-0.113373905,-0.14245552
-0.0877888,-0.1329622
-0.12516163,-0.12292773
-0.14650562,-0.11508093
-0.09089267,-0.11144111
-0.074020535,-0.11229686
-0.024013365,-0.113753565
0.04641145,-0.103673555
-0.047154307,-0.054113723
0.0020239395,0.08780653
0.09398031,0.38163567
0.5644735,0.8172771
0.7470377,1.2357087
0.7018009,1.4728179
0.8697604,1.5375551
0.89630646,1.492418
0.8535269,1.3691707
0.5448564,1.1733727
0.62731606,0.9014132
0.9063737,0.5586045
0.8422374,0.18454379
-0.6464757,-0.140376
0.8690024,0.78545076
1.0028067,0.9084821
1.2348833,1.0895901
1.319728,1.2900146
1.5358019,1.5096014
1.8584138,1.7157463
1.964538,1.8157634
1.8417404,1.82153
1.7413106,1.7454555
1.5377829,1.6085039
1.4485481,1.4336741
1.2231345,1.2256556
1.0255424,0.97478807
0.73754877,0.6760412
0.19995438,0.35090882
-0.10149548,0.070129655
-0.3874085,-0.09481714
-0.44711044,-0.17678174
-0.4691714,-0.2187064
-0.4752958,-0.2380259
-0.5053326,-0.24403456
-0.56839824,-0.24191064
-0.6161899,-0.23514315
-0.5627293,-0.22677845
-0.51819676,-0.21971765
-0.62748766,-0.21669191
-0.5924994,-0.21919435
-0.43985957,-0.22449684
-0.5795187,-0.22001785
-0.48788145,-0.17187831
-0.4082187,-0.015233524
-0.19127281,0.31768253
0.39535275,0.80335784
0.97587097,1.2241833
1.072509,1.4097953
1.4024938,1.3813641
1.6096573,1.19841
1.1673814,0.8982948
0.6389382,0.5097119
0.3931225,0.083052896
1.0314032,-0.30539244
0.42961973,-0.5763867
0.86617357,0.82916516
1.1389009,1.0280857
1.3456486,1.238476
1.768917,1.4629037
1.9822959,1.704221
1.872551,1.8472245
1.6956329,1.8630401
1.6108435,1.7713284
1.4261512,1.602457
1.2004423,1.3917497
0.8529601,1.1441379
0.6498056,0.841554
0.31823415,0.48090172
-0.07088594,0.109371446
-0.5934047,-0.16562065
-0.826867,-0.30513403
-0.8517482,-0.38239715
-0.8924426,-0.433254
-0.8683103,-0.4686778
-0.86647743,-0.49280676
-0.9394677,-0.50699466
-0.8640342,-0.51214176
-1.0357578,-0.5100353
-1.036695,-0.50388706
-0.9381359,-0.49820295
-1.0082253,-0.49817666
-0.9620754,-0.50739926
-0.8708894,-0.5217221
-0.8075712,-0.51693505
-0.7684844,-0.43854588
-0.5336912,-0.2210353
-0.02552759,0.17543486
0.46593,0.67917633
0.27902764,1.0347297
0.20464994,1.0989006
0.4945096,0.8999201
0.6089972,0.49940002
0.49508518,-0.025285035
0.51726353,-0.55900425
1.0204526,-0.9774488
1.358301,-1.2297454
0.027606217,-1.3798351
0.5058037,0.52199006
0.7019192,0.5864141
0.7350791,0.7430681
1.0163933,0.95348763
1.2947054,1.1756274
1.4238659,1.414932
1.5512227,1.6336234
1.863345,1.7641561
2.1812758,1.8201975
2.4191873,1.8119433
2.3023684,1.7452009
2.1311517,1.6227899
1.9273298,1.4438508
1.8101716,1.2084723
1.5240544,0.92087626
1.244719,0.5926932
0.6932918,0.26850513
0.11956564,0.03518311
-0.098744646,-0.0800095
-0.2359136,-0.13313359
-0.13538629,-0.15442559
-0.13048512,-0.15755251
-0.1664093,-0.15138486
-0.23294762,-0.14157936
-0.1469005,-0.13218701
-0.11662219,-0.12681076
-0.10530673,-0.12791792
-0.0638805,-0.13413426
-0.15626557,-0.13788447
-0.065664895,-0.12389163
-0.04411703,-0.06308112
-0.009502842,0.09198292
0.015618547,0.37145162
0.2386878,0.73160684
0.8743454,1.0630243
1.107524,1.2789625
0.82455146,1.3822906
1.0408565,1.4207791
0.85288364,1.4311454
0.5479385,1.4264843
0.0030091808,1.4021347
0.33280006,1.3432922
2.0477402,1.5556641
2.2540693,1.8474796
2.3186412,2.0394647
2.0547624,2.1413188
1.7014314,2.1060922
1.7662376,1.985008
1.4609742,1.7787391
1.1237698,1.5208719
0.9261163,1.2522869
0.5615897,0.969578
0.18206269,0.6567708
-0.11424511,0.3213901
-0.18072663,0.027479403
-0.34782937,-0.15177986
-0.30958617,-0.24762267
-0.32999155,-0.3035141
-0.3928656,-0.33676097
-0.35034955,-0.3553224
-0.3780518,-0.36280718
-0.44788247,-0.36177135
-0.46006855,-0.355263
-0.44312093,-0.34678644
-0.42640987,-0.33994153
-0.31093132,-0.33809903
-0.39032513,-0.34282383
-0.2899831,-0.34918445
-0.24954076,-0.33423093
-0.30081576,-0.24318165
-0.21158212,-0.0053771064
0.08585533,0.41169393
0.807958,0.88056326
1.3454324,1.139146
1.2399851,1.0964401
1.1264287,0.7929016
0.9104285,0.3048889
0.23008731,-0.26069534
-0.1798943,-0.7649251
-0.7142388,-1.1016364
-1.0748582,-1.2949355
-1.141585,-1.4177862
-0.6452645,-1.4962769
-1.34141,-1.5441372
0.8722991,0.86050177
1.0471915,1.0201037
1.2317704,1.2328618
1.5266435,1.43911
1.655146,1.6504672
1.8584584,1.8172638
1.835134,1.8798616
1.8123933,1.8605807
1.6116602,1.7700821
1.3572743,1.6263657
1.25421,1.4497528
0.97059685,1.2463844
0.7088652,1.0099351
0.43996847,0.7345092
0.053668097,0.4343983
-0.1743375,0.16632155
-0.23249553,-0.0009384528
-0.22597168,-0.08432063
-0.19152088,-0.12416571
-0.21073048,-0.13879862
-0.24666364,-0.13924608
-0.22064044,-0.13257736
-0.19218944,-0.123242594
-0.22616915,-0.11429263
-0.18367063,-0.10814113
-0.17904432,-0.106536694
-0.140693,-0.10907052
-0.17812072,-0.11006636
-0.19348878,-0.09376491
-0.10054144,-0.025694199
0.044204086,0.15320191
0.15261272,0.4919672
0.7316283,0.94395995
0.9700114,1.3254452
0.9515407,1.5183156
1.0528941,1.560633
1.2404066,1.5107675
1.053881,1.3933158
1.0803361,1.2100167
1.2525312,0.9547322
2.0540123,0.62889737
1.4285891,0.2655058
1.4038861,1.2472893
1.5761647,1.5230951
1.8938912,1.7412384
2.002966,1.9130104
1.9741488,2.0032132
1.9586476,1.9843915
1.654364,1.8749686
1.4507772,1.6830379
1.3368955,1.4506085
1.0879866,1.2059429
0.8267039,0.9418154
0.5011573,0.6433977
0.17594282,0.3208558
-0.069386005,0.03905987
-0.2736205,-0.1317518
-0.25461304,-0.22150713
-0.3177305,-0.271398
-0.26192376,-0.2986172
-0.3024614,-0.31157622
-0.33516523,-0.31422815
-0.35935846,-0.30919525
-0.32664073,-0.29950237
-0.36485296,-0.2886094
-0.27623022,-0.27993086
-0.13180515,-0.27636236
-0.21117866,-0.27883428
-0.2189842,-0.28270686
-0.21718939,-0.26921317
-0.10292471,-0.19077042
0.108240105,0.025424264
0.48972702,0.42768323
1.4683533,0.91987514
1.906956,1.2403455
1.6054595,1.2818062
1.4035265,1.0842257
0.7190121,0.7088902
-0.05656531,0.21923292
-0.80995286,-0.2947729
-1.2896967,-0.72810686
-1.2864522,-1.0105999
-0.8577825,-1.185082
-1.6621636,-1.309274
0.21302985,0.35713714
0.46905562,0.3782816
0.7302606,0.50227696
0.9795286,0.69127095
1.2501813,0.90763557
1.1327446,1.1392574
1.3190671,1.3994929
1.6271653,1.6052421
2.0242758,1.7327404
2.1110466,1.7941217
2.0818803,1.795598
2.0474527,1.738791
1.7143584,1.6211419
1.6472822,1.4357648
1.4554855,1.1766348
0.9414654,0.84656143
0.37354943,0.47053468
0.005879037,0.12419819
-0.29366338,-0.09015442
-0.40337276,-0.18480867
-0.4119479,-0.22840819
-0.3466276,-0.24559155
-0.43983144,-0.24750504
-0.40265244,-0.24071902
-0.32814354,-0.22933167
-0.38351876,-0.21682188
-0.37111443,-0.20702639
-0.47741884,-0.20361695
-0.3690485,-0.2072838
-0.27694857,-0.21204054
-0.2779873,-0.20124123
-0.32744217,-0.13826838
-0.20438662,0.03792844
-0.20959523,0.37022743
0.25896847,0.8053394
0.6196198,1.1806624
0.6556432,1.3878963
1.2808251,1.4564106
1.5530397,1.4493642
1.8050132,1.3988085
1.239637,1.3082659
1.6457103,1.1664581
0.51262313,0.7639014
0.7398214,0.88190293
0.9908201,1.0508246
1.1964965,1.2444916
1.3206204,1.4577289
1.5566925,1.6648557
1.8216451,1.767915
1.8432195,1.7741218
1.7751865,1.6952634
1.8175671,1.5524178
1.5283067,1.368961
1.287368,1.1481173
1.2142153,0.88112855
0.88142407,0.56990176
0.513682,0.24681753
0.027639069,-0.0068582073
-0.25223708,-0.14551935
-0.29260418,-0.21739092
-0.44507965,-0.2562933
-0.42660964,-0.27645633
-0.35239226,-0.28501385
-0.41969967,-0.2854756
-0.46143693,-0.28048658
-0.33931747,-0.27306136
-0.46447524,-0.2666044
-0.39536628,-0.26453686
-0.46752623,-0.26901695
-0.4319665,-0.2780608
-0.41727597,-0.28006062
-0.4326863,-0.24115273
-0.32983792,-0.09557872
-0.08903843,0.22230703
0.64582807,0.69245607
1.3097525,1.1102128
1.1374943,1.2972587
0.893691,1.2665056
0.7666545,1.07624
0.177651,0.76397896
-0.2306075,0.36283866
-0.55050087,-0.06550148
0.29188332,-0.4377427
-0.36772168,-0.67870975
1.1157428,1.0695672
1.1894554,1.3004749
1.3623189,1.5348982
1.5486169,1.7233765
1.7111216,1.8916955
1.7673558,1.9515908
1.7374743,1.9203491
1.5861192,1.8079959
1.5003535,1.6318916
1.2728366,1.4245303
1.050495,1.2001181
0.8848036,0.9518428
0.59106094,0.6703832
0.33775613,0.3682254
0.09679478,0.104018636
0.014594794,-0.057728685
-0.13266914,-0.14061123
0.050127104,-0.18209144
-0.098101765,-0.19931436
-0.07483636,-0.20212525
-0.05572177,-0.19630685
-0.09538969,-0.18576145
-0.061866894,-0.17387563
-0.09175779,-0.16375661
-0.07101293,-0.15795133
-0.14463341,-0.15742889
-0.11864614,-0.1592628
-0.049796253,-0.15274465
-0.06267973,-0.11167557
0.067685165,0.01629255
0.1992304,0.29688564
0.6602617,0.7367238
0.9051193,1.1811806
0.9109231,1.4392323
1.0359628,1.5030301
1.05708,1.4356508
1.05171,1.2736253
0.7114584,1.0276424
0.64366895,0.7026198
0.83978075,0.3225816
0.693478,-0.05076413
-1.1688927,-0.32970735
0.99744135,1.0076692
1.1648244,1.2594486
1.4595319,1.4942734
1.776245,1.6866957
1.921076,1.8659086
1.8084264,1.9378481
1.7295257,1.9121213
1.7581012,1.801179
1.5365443,1.6253114
1.3817735,1.4191852
0.95593,1.1970222
0.7452148,0.94888484
0.5437968,0.66183287
0.044897277,0.351843
-0.23084849,0.086392336
-0.28227454,-0.07079712
-0.37426984,-0.15041173
-0.58948445,-0.19046202
-0.54744333,-0.20744091
-0.41061315,-0.21071893
-0.48527732,-0.20569947
-0.5160412,-0.19602677
-0.44355035,-0.18486345
-0.45096564,-0.17503193
-0.534744,-0.1688475
-0.5484421,-0.16750523
-0.53462726,-0.16907316
-0.41794488,-0.16419941
-0.3954362,-0.1273309
-0.3492834,-0.0046929494
-0.21334782,0.27574247
0.36478856,0.73345304
1.1013327,1.2043694
1.0560807,1.4646269
1.2052968,1.4974906
1.4279414,1.3660052
1.4259069,1.1128135
0.9538916,0.7625586
0.76327336,0.34483808
1.1268991,-0.08082122
1.5137028,-0.43566146
-0.23524435,-0.654503
1.1807292,1.1642859
1.3160778,1.4361558
1.6322211,1.667412
1.7557964,1.8531919
1.706268,1.9747226
1.774949,1.979712
1.6794542,1.8913734
1.5835116,1.7173064
1.4101715,1.4926822
1.2914474,1.2482835
1.076323,0.9820802
0.83130354,0.6822415
0.41008744,0.3564181
-0.043601815,0.060713775
-0.17550866,-0.12674624
-0.31302243,-0.22427142
-0.25515154,-0.278168
-0.25264838,-0.3080355
-0.34421974,-0.3231434
-0.38809094,-0.3275229
-0.23291159,-0.32323688
-0.2565217,-0.31278768
-0.23560023,-0.2997803
-0.28066614,-0.28839153
-0.33501196,-0.2824743
-0.26369467,-0.2838874
-0.2595992,-0.28954527
-0.29157916,-0.28569296
-0.24880081,-0.23519847
-0.1627785,-0.0717906
0.2776011,0.26415604
1.0117309,0.73904204
0.9179254,1.1408155
0.56137705,1.3104181
0.49597064,1.270318
0.4483109,1.0766213
0.45200416,0.7631284
0.4204869,0.3603308
0.43892375,-0.071209684
0.5425921,-0.446038
-0.040019672,-0.6876329
-2.4093385,-0.8226389
0.8367947,0.9024013
1.0117228,1.0789828
1.4056389,1.2976635
1.6782827,1.4961061
1.9682697,1.6961946
2.0540807,1.8412035
2.0477211,1.8871481
1.8706557,1.8569453
1.6819764,1.7596679
1.4390156,1.6125779
1.1654664,1.435724
0.9036143,1.2356582
0.53797245,1.0065558
0.21946187,0.74203706
0.04782904,0.45509332
-0.07795372,0.19917107
-0.12883787,0.03806358
-0.1217831,-0.04309491
-0.15265912,-0.0814778
-0.12773897,-0.09468234
-0.11690498,-0.09379829
-0.084425926,-0.08626906
-0.06616709,-0.07679602
-0.08555064,-0.06838862
-0.1276086,-0.063195534
-0.11559797,-0.062464185
-0.10430061,-0.06494225
-0.13760698,-0.06369547
-0.12833464,-0.041193478
-0.03855981,0.038863517
0.04518069,0.23348546
0.4238751,0.5775582
0.8575304,1.0098298
0.87171566,1.3605644
0.9309201,1.5387056
1.0422544,1.5873876
1.245879,1.560256
1.146282,1.4789658
1.1084564,1.3427417
1.2709324,1.1408823
1.9268931,0.8635643
1.2608191,0.5211146
0.5655672,0.55107266
0.5314535,0.62048244
0.59228164,0.7780926
0.84312165,0.9916302
0.92308253,1.2216846
1.1391896,1.4763458
1.1304088,1.6823401
1.1028812,1.7914612
1.3619087,1.8216503
1.7522126,1.7842538
1.7173299,1.688179
1.3123077,1.5379462
1.1076218,1.331747
0.902273,1.0672215
0.9066099,0.74819934
0.9113937,0.39878196
0.70313394,0.09173139
0.29250365,-0.08884784
-0.18417697,-0.1722118
-0.2348037,-0.21174634
-0.19842254,-0.22702906
-0.15426145,-0.22836852
-0.22598824,-0.22173777
-0.11598808,-0.21097058
-0.11943602,-0.1995798
-0.344408,-0.19142026
-0.23254952,-0.18976808
-0.20658319,-0.19459146
-0.16554971,-0.19954759
-0.24224886,-0.18876243
-0.11245503,-0.12828118
-0.15635353,0.039087884
0.072565235,0.35424137
0.40468934,0.76874554
1.1650547,1.1342826
1.0659912,1.3437557
1.4250731,1.4194825
1.863659,1.4228975
1.9015293,1.3866513
1.6461704,1.3140748
0.5177846,1.1922195
1.0253924,1.0038993
0.47677886,0.6841546
0.61285764,0.7649597
0.7450028,0.9046254
0.7726549,1.0934372
0.84134895,1.3265288
0.9835149,1.5567061
1.0939757,1.6646718
0.9907323,1.6475582
0.67736226,1.5278425
0.34516758,1.3434284
0.3071542,1.1036272
0.15359096,0.79898036
0.16421597,0.43985856
0.13294345,0.057432108
-0.045752883,-0.26389197
-0.28195268,-0.44956255
-0.53155905,-0.563776
-0.48128712,-0.65068895
-0.51649207,-0.7231698
-0.5505567,-0.7888489
-0.6179482,-0.8517244
-0.55575794,-0.9115758
-0.649133,-0.96513957
-0.6181798,-1.0083108
-0.6276143,-1.0378463
-0.6965245,-1.051217
-0.7145034,-1.0457453
-0.7126071,-1.0201676
-0.73781,-0.9699715
-0.65234286,-0.8745498
-0.5222322,-0.7022763
-0.05951492,-0.42580572
1.0082302,-0.038951777
1.5268829,0.3655661
1.6124455,0.5649256
1.5652802,0.4767419
0.79392153,0.14866018
-0.9422388,-0.3238592
-2.2504058,-0.79827464
-2.7875552,-1.1627861
-2.567037,-1.390432
-3.4751725,-1.5161046
0.40572876,0.5086756
0.65583444,0.5405214
0.9944479,0.6410143
1.2139331,0.80340034
1.340482,1.0022786
1.4048514,1.235846
1.7460212,1.475913
1.8811994,1.6343201
1.732847,1.710714
1.8091061,1.7178532
1.5803136,1.6670115
1.2787343,1.5660152
1.2017865,1.4134107
0.79032856,1.1991464
0.43684095,0.9163991
0.058635198,0.5790823
-0.16831808,0.2420936
-0.15122074,0.0021765158
-0.32542127,-0.116111495
-0.25915128,-0.17382726
-0.31578356,-0.20186847
-0.24842471,-0.2134251
-0.22359668,-0.21617138
-0.24130043,-0.21452263
-0.24751851,-0.2113016
-0.31289914,-0.2087563
-0.24309275,-0.2091749
-0.3338211,-0.21417841
-0.20944646,-0.22141951
-0.17903227,-0.21785638
-0.095222734,-0.16710827
0.18581825,-0.00046808273
0.94911295,0.3509457
1.3724201,0.8529925
1.2640824,1.2692275
1.2389988,1.4389261
0.8681813,1.3925741
0.594113,1.1905832
0.63370645,0.8720299
0.98755884,0.47008896
0.8918655,0.040426873
-2.1802056,-0.34151134
0.24589354,0.2105577
0.32521197,0.21998212
0.40444162,0.33305612
0.67748183,0.51062053
1.0689753,0.71379787
1.2420872,0.92179155
1.1952077,1.1546955
1.5538512,1.4004474
1.661665,1.5914278
2.0170019,1.7256521
2.098678,1.8090262
2.0347347,1.8416786
1.8727932,1.8214526
1.6749303,1.7452271
1.5529588,1.6063296
1.0805117,1.3938124
0.76793903,1.1034477
0.33025563,0.75225025
-0.03692119,0.3890643
-0.0770395,0.10540729
-0.059121545,-0.040982135
-0.11399442,-0.09903962
-0.09334411,-0.11810983
-0.026027078,-0.11484682
-0.10469899,-0.09977145
-0.06491033,-0.08018211
-0.09090302,-0.060879312
-0.066125035,-0.045170106
0.034113254,-0.03512112
0.08410378,-0.029989295
0.058477294,-0.023645468
0.064352214,-0.001808472
0.07862842,0.0633033
0.18783104,0.21633425
0.826738,0.49148482
1.0933715,0.8631836
1.3406157,1.2251621
2.0946724,1.4685295
2.478164,1.5875182
2.2971654,1.6276848
1.2905661,1.6257415
1.3833039,1.5976083
1.4120467,1.270015
1.503592,1.5309656
1.7211527,1.7499049
1.8789618,1.9137874
1.9327284,2.001325
2.0037725,1.9847198
1.8780694,1.8856916
1.7060121,1.7061019
1.5404,1.47868
1.3199431,1.2360747
1.087749,0.9783797
0.7905365,0.6952981
0.54247206,0.3916794
0.1732943,0.11425682
-0.07339909,-0.06768622
-0.212719,-0.1651294
-0.28798673,-0.21753955
-0.3344464,-0.24400446
-0.28345582,-0.25466546
-0.3296139,-0.25477555
-0.37672216,-0.24758795
-0.28561747,-0.23639819
-0.27148548,-0.22490257
-0.38977078,-0.21668285
-0.37388793,-0.21425974
-0.27703625,-0.21721405
-0.2903101,-0.21918327
-0.29660776,-0.20189935
-0.31471446,-0.12343306
-0.25586483,0.08258053
0.10226555,0.45974338
0.6239144,0.9263191
0.843215,1.2642069
0.66076493,1.3840747
0.451448,1.3346205
0.35195538,1.1653631
0.33442315,0.896569
0.052406926,0.542064
0.07141931,0.14222127
0.490224,-0.22665766
0.9962817,-0.47607973
0.16141687,-0.5984232
1.1212665,1.0522435
1.3186337,1.3065083
1.4333814,1.5528975
1.6611246,1.7506623
1.851328,1.9204543
1.8536328,1.9770834
1.7509315,1.942761
1.5383489,1.829694
1.4470972,1.6570396
1.3266401,1.4547355
1.0456798,1.2359667
0.74368346,0.99447465
0.35743853,0.71897733
0.022704279,0.4178933
-0.14094482,0.14539874
-0.2408327,-0.027370863
-0.22297034,-0.11457176
-0.10882728,-0.15693668
-0.12776232,-0.17305592
-0.2206714,-0.17370132
-0.19373247,-0.16559473
-0.008608762,-0.15316424
-0.058704555,-0.13980052
-0.035133988,-0.12826762
-0.051863298,-0.120674916
-0.13392167,-0.11777548
-0.17558135,-0.11679349
-0.1237037,-0.10730041
-0.01488307,-0.063652895
0.07427695,0.06510756
0.24076532,0.3445971
0.59454054,0.7854165
0.86119825,1.2383354
0.97797406,1.5074031
1.0594292,1.5830243
1.2181677,1.5295442
1.3136414,1.3845677
1.3022318,1.1604046
1.343738,0.8611167
1.678302,0.4995572
1.2235726,0.11906689
-1.1262558,-0.20491138
0.87921953,0.86328936
1.0545709,1.0291214
1.1486322,1.2332681
1.3505164,1.428827
1.490435,1.6305518
1.7392064,1.7914178
1.8302082,1.8494849
1.7496648,1.8248842
1.6514362,1.72703
1.4165821,1.575636
1.2934774,1.393712
1.0456289,1.1867441
0.7098391,0.94602823
0.42144763,0.6662574
0.06768618,0.36887664
-0.17466846,0.11976608
-0.2172481,-0.02604846
-0.22219911,-0.09983087
-0.26770514,-0.1357415
-0.28348488,-0.14957368
-0.23292647,-0.1510883
-0.27799812,-0.14630288
-0.3817512,-0.13906342
-0.3230589,-0.13221738
-0.2856956,-0.12815481
-0.24680834,-0.12862206
-0.28806406,-0.13315511
-0.19502892,-0.13587794
-0.1600285,-0.120111324
-0.24471064,-0.04842847
-0.06477716,0.14253023
0.31848675,0.50218695
1.0132298,0.96954894
0.9670508,1.3385968
1.0131826,1.5031421
1.1787637,1.5109589
1.0566114,1.417309
0.8325492,1.2430835
0.90504247,0.99013853
1.2908207,0.6604809
1.8671904,0.28181165
-0.16584636,-0.07716589
0.99567145,0.99180365
1.189774,1.1917362
1.311664,1.4106869
1.5651367,1.5862458
1.8286761,1.7612371
1.8768498,1.8647009
1.7907267,1.8783066
1.7186868,1.8202043
1.4763846,1.6958083
1.365159,1.5260539
1.0998293,1.3334966
0.91100365,1.1222489
0.6681286,0.88427854
0.4189407,0.6165154
0.058339622,0.3437921
0.011182236,0.12929058
-0.13049363,0.007146053
-0.18550113,-0.055528082
-0.22527657,-0.08447004
-0.19918199,-0.093300276
-0.15956262,-0.09125296
-0.19245847,-0.0844023
-0.19216375,-0.07670543
-0.15042745,-0.070948996
-0.15448634,-0.069132306
-0.16098756,-0.071796544
-0.11360149,-0.075952865
-0.08299516,-0.07187716
-0.0014275362,-0.037585236
-0.048281975,0.06988501
0.063527174,0.30638704
0.3698658,0.6815083
0.8487219,1.09623
1.0302837,1.388883
1.0985913,1.5199598
1.3373393,1.545605
1.3215543,1.5095623
1.0577888,1.4236335
1.0283918,1.279634
1.2656614,1.061692
1.7276114,0.76108
0.20076743,0.4024874
1.8824742,1.5120062
2.1911707,1.8023329
2.196978,1.9969952
2.258311,2.1126764
2.0721092,2.0924873
1.8233836,1.9828715
1.6413463,1.786083
1.4796919,1.5316144
1.1340472,1.2631435
0.85760176,0.9804355
0.49176094,0.6686572
0.16220307,0.3336287
-0.06358615,0.03424748
-0.14880016,-0.15311778
-0.12103757,-0.25383967
-0.13580187,-0.31325546
-0.20572577,-0.34975135
-0.165593,-0.3715351
-0.15180866,-0.38204065
-0.16703768,-0.38341737
-0.20676392,-0.37838238
-0.15756656,-0.37041625
-0.11611217,-0.36337465
-0.24480012,-0.3611389
-0.20445155,-0.36625016
-0.14102906,-0.3757528
-0.20547141,-0.3707261
-0.18668512,-0.30098274
-0.018105239,-0.09556357
0.19772139,0.2900433
0.95874053,0.7702333
1.4504739,1.0858281
1.0987341,1.1054853
0.59011924,0.8565388
-0.36143297,0.40779662
-1.1654942,-0.14456902
-1.5241264,-0.66722333
-1.5982916,-1.040483
-1.1840136,-1.256468
-0.82137203,-1.3914218
-1.0689479,-1.4785371
-2.1682248,-1.5328133
0.96644104,1.0294795
0.97545964,1.2019647
1.2742571,1.4051806
1.464449,1.5678799
1.6457784,1.7393484
1.6764915,1.8421834
1.5282156,1.8558059
1.5188649,1.7936051
1.4147075,1.6595966
1.2703198,1.4812224
1.0157526,1.2853758
0.83406776,1.0735607
0.5633157,0.8343049
0.2731351,0.56432444
0.040659606,0.29291713
0.011608923,0.087254636
-0.039368812,-0.02836401
-0.055763,-0.08900794
-0.12474097,-0.11812086
-0.13439892,-0.12875625
-0.12270789,-0.12942067
-0.10328925,-0.12546265
-0.081501015,-0.12031231
-0.13170269,-0.11635796
-0.080269024,-0.115442134
-0.13140227,-0.11850775
-0.10973039,-0.12349508
-0.09767966,-0.12104157
-0.10981827,-0.08675466
-0.009752925,0.029554747
0.26991323,0.29633498
0.7914513,0.73151773
1.0994273,1.186635
1.0727514,1.4537063
1.4563003,1.5144037
1.5937157,1.4313033
1.1925995,1.2429152
0.74040234,0.9636353
0.60401964,0.6050225
0.99232894,0.20310104
0.808043,-0.17072763
-0.86065406,-0.4304039
1.2719886,1.0655205
1.2282734,1.3060322
1.5536379,1.5442469
1.7881718,1.732119
1.9975195,1.8978987
1.9070239,1.9554982
1.8489426,1.9231951
1.798378,1.8114315
1.5427083,1.6359948
1.3705755,1.427705
1.1174854,1.2010179
0.86974263,0.9504123
0.4754773,0.6681273
0.036832523,0.36775953
-0.2152031,0.107759945
-0.36598855,-0.050365634
-0.4275373,-0.13136783
-0.42888182,-0.17157769
-0.3675575,-0.18777877
-0.4379807,-0.18980038
-0.40400717,-0.18345597
-0.2843946,-0.17264354
-0.3458614,-0.16080046
-0.34267086,-0.15117529
-0.3149084,-0.14634717
-0.3286367,-0.14692274
-0.3195634,-0.14922562
-0.37862054,-0.14192852
-0.25194746,-0.0990274
-0.15589888,0.030119888
0.07888423,0.30577618
0.6259402,0.72707355
0.9406154,1.1537035
0.7925692,1.4142013
0.7012246,1.5005891
0.7837232,1.4760743
0.8954913,1.3767985
0.7279483,1.2085487
0.85244113,0.96416044
1.5164549,0.6420167
1.9291283,0.27285117
0.7967048,-0.06646022
0.44836953,0.69747096
0.46164373,0.7965013
0.5809539,0.9458865
0.74347615,1.1356385
0.8274609,1.3535899
1.1073924,1.5903654
1.3809268,1.7353688
1.2639164,1.7790275
0.99899477,1.7362458
0.7098538,1.6272988
0.5771839,1.4753902
0.6106986,1.2871852
0.55318314,1.0513333
0.5906522,0.7572995
0.5808842,0.4219758
0.34873632,0.112224035
0.047509458,-0.082856394
-0.10643515,-0.17879623
-0.106725164,-0.22890115
-0.118824966,-0.2544257
-0.11402086,-0.2656436
-0.11303258,-0.26807564
-0.13381429,-0.2651969
-0.052714057,-0.25988975
-0.017561384,-0.25477755
-0.0246161,-0.2524187
-0.051611703,-0.25492272
-0.07115554,-0.2615491
-0.0036429437,-0.2627994
0.0678055,-0.22757918
0.18956572,-0.0911052
0.7812688,0.22078484
1.8237648,0.7074522
2.3314755,1.157578
2.4647129,1.3527305
2.8267782,1.2875363
2.3346953,1.0221713
0.7934982,0.6138127
-0.7915306,0.12463968
-1.5273609,-0.35568964
-1.3857992,-0.7378324
-2.210451,-0.97657526
1.1079849,1.0596142
1.3364323,1.3098075
1.6603619,1.5513837
1.9378029,1.7445903
2.2164927,1.911973
2.2033238,1.9679668
2.1531901,1.9332359
1.9686174,1.8193555
1.872992,1.6452492
1.5050219,1.4415958
1.2387245,1.2219362
1.0442045,0.97979605
0.8684404,0.7040611
0.4216356,0.40448004
-0.10170782,0.13710612
-0.19929054,-0.029991992
-0.19516203,-0.11479934
-0.16263653,-0.15630534
-0.28877208,-0.17233312
-0.08940553,-0.17335117
-0.11889609,-0.16582838
-0.24241716,-0.15403074
-0.1927942,-0.14129722
-0.1304962,-0.13041705
-0.19972652,-0.123542555
-0.093223065,-0.12140871
-0.14205845,-0.12109477
-0.16538242,-0.111853756
0.009265551,-0.06734436
0.045777254,0.06459055
0.42820534,0.34954488
1.1345186,0.79415286
1.9203672,1.2427932
1.7712783,1.5032241
1.3923352,1.5717545
0.951184,1.5131156
0.21279658,1.3638163
-0.45610517,1.13543
-0.63014257,0.8318294
-0.17937875,0.4670508
0.6054529,0.086858936
-0.65284026,-0.23136929
0.57033217,0.80423266
0.83956224,0.9233452
1.0202454,1.0998222
1.2633148,1.2952685
1.6213684,1.5167512
2.103371,1.7168362
2.2849429,1.8054247
2.1755466,1.7932881
2.083957,1.6929862
1.7856661,1.5332396
1.6638821,1.3386289
1.4416825,1.10766
1.1108415,0.8285296
0.7091869,0.5040604
0.11803131,0.17325616
-0.098168366,-0.07285047
-0.17427267,-0.20213959
-0.34102476,-0.27091894
-0.19166887,-0.31011975
-0.23667412,-0.33210516
-0.20449282,-0.3425453
-0.31987903,-0.3442996
-0.37479067,-0.3399916
-0.22079061,-0.33273652
-0.2455559,-0.32594806
-0.27542168,-0.3231952
-0.26303092,-0.32723397
-0.30863166,-0.33663878
-0.42324814,-0.33753052
-0.26847306,-0.28723672
-0.049575523,-0.11286884
0.32843873,0.24615207
1.296607,0.74264044
1.5515661,1.1293306
0.86838084,1.2400941
0.14071174,1.0928391
-0.7379347,0.7469869
-1.3415066,0.26834708
-1.5545014,-0.25081366
-1.5416905,-0.70099044
-0.5435738,-1.0022367
-0.42402628,-1.1838825
1.3168378,1.2799039
1.6589457,1.5410757
1.873748,1.7594094
2.0934463,1.9273283
2.1879072,2.0104527
1.949687,1.9887993
1.8825562,1.8818517
1.564831,1.6948018
1.3521365,1.4658015
1.3470378,1.2234912
1.1501763,0.96356106
0.8003523,0.6741436
0.40368992,0.36164576
0.014393164,0.07946252
-0.24312906,-0.1002646
-0.15915652,-0.19542956
-0.24878865,-0.24726021
-0.34373364,-0.27428952
-0.26073536,-0.2859042
-0.17211798,-0.28688037
-0.21899177,-0.28043497
-0.2753197,-0.269904
-0.3532714,-0.25880536
-0.29913297,-0.25047588
-0.32357222,-0.24752116
-0.29442987,-0.25005963
-0.23809709,-0.251908
-0.224884,-0.2321876
-0.19407657,-0.14166641
-0.13500494,0.09226029
0.050873045,0.51046836
0.7756841,0.99495435
1.6389277,1.2951515
1.6921387,1.3366327
1.1852856,1.1680554
0.84660304,0.84301573
0.3206444,0.4080242
-0.11615295,-0.06890695
-0.7979975,-0.49601373
-1.4477353,-0.79275703
-1.1686904,-0.96769106
-0.6944491,-1.0904018
1.3373884,1.3075602
1.4621633,1.5699737
1.6619085,1.7801921
1.8184978,1.9319315
1.8290647,2.0073717
1.6803102,1.9840465
1.7192996,1.8817017
1.5117234,1.7000757
1.3731817,1.4717773
1.1417288,1.2317233
0.9254766,0.9808259
0.59965986,0.7071862
0.37774622,0.41326624
0.1769992,0.14392978
0.0044413316,-0.034453608
-0.037644073,-0.13102284
-0.08055324,-0.18261677
-0.07696341,-0.2077626
-0.13080603,-0.2168876
-0.124868296,-0.21584383
-0.07415187,-0.20839173
-0.2498019,-0.1979649
-0.0964854,-0.18797877
-0.13148285,-0.18145102
-0.17548154,-0.18020612
-0.124396555,-0.18308604
-0.08415779,-0.18281475
-0.03751521,-0.15969932
0.09526937,-0.07017315
0.2207835,0.1525965
0.6207904,0.5469595
0.849076,1.0135481
1.0336689,1.3314017
1.2101532,1.4317441
1.27973,1.3692719
1.1766992,1.1902353
0.99714756,0.91289043
0.68378776,0.55064607
0.52700806,0.14387566
-0.27855042,-0.2305077
-1.0603813,-0.48413247
-2.7815485,-0.608636
0.579009,0.90667176
0.68542385,1.0690734
0.6291824,1.2661641
0.7232238,1.4437234
0.8208676,1.6254566
0.8912658,1.7728554
1.0489507,1.8272396
1.1907177,1.8088714
1.168204,1.7252089
0.9467247,1.5909262
0.89543515,1.4279785
0.8547626,1.2455156
0.71755296,1.0376774
0.7457801,0.79521143
0.843713,0.5254245
0.51705104,0.27315694
0.32906598,0.10255023
0.10782878,0.0128282085
0.034383226,-0.031830437
0.061657406,-0.05003675
0.086217836,-0.05330161
0.09952758,-0.049602248
0.028357381,-0.04393781
0.021223793,-0.0391962
0.057579607,-0.037163295
0.06479742,-0.038888074
0.038513307,-0.043383874
0.043819875,-0.04411868
0.15076691,-0.023181565
0.17821471,0.057382576
0.19106193,0.25716153
0.3151495,0.6130403
0.8276192,1.0578244
1.3828336,1.4059074
1.5088196,1.570528
1.5891769,1.6016366
1.8021815,1.5504992
1.6316978,1.4354534
1.351936,1.2549419
1.1399388,1.000494
1.7580287,0.670661
1.6995496,0.2968418
1.1339613,1.1782765
1.4316273,1.4880173
1.5525482,1.7137458
1.6658623,1.9006822
1.6355803,1.999109
1.4162213,1.9777892
1.3881907,1.8546704
1.2722666,1.648325
1.0222725,1.4061799
0.81679404,1.146349
0.580899,0.852293
0.28213784,0.5120349
-0.14788237,0.1611571
-0.27087405,-0.10392844
-0.39968666,-0.24367338
-0.32381865,-0.32011655
-0.32202289,-0.36755282
-0.4097049,-0.39835876
-0.4023985,-0.41756248
-0.40079984,-0.42689872
-0.31392705,-0.4276651
-0.36578962,-0.42216074
-0.37026685,-0.41378963
-0.34684643,-0.4065969
-0.32936764,-0.40478554
-0.39307058,-0.41112703
-0.33977634,-0.42212838
-0.4123133,-0.41615346
-0.23460457,-0.33945182
0.10220123,-0.12227041
0.46775493,0.27629864
0.600196,0.7670567
0.6813867,1.0853059
0.90567493,1.0991514
0.90276206,0.83917564
0.85767967,0.3775149
0.6422582,-0.18829234
0.60803115,-0.7213645
0.8591897,-1.097669
-0.0050827987,-1.3115461
-2.0738707,-1.4404309
-4.4133477,-1.5193561
0.41696504,0.649161
0.43213624,0.72903836
0.43165866,0.86419207
0.55167896,1.0468581
0.7007562,1.2589264
0.95050246,1.5041496
1.2576268,1.6789559
1.2815048,1.7520168
1.0120825,1.7380477
0.7223352,1.6541524
0.6249531,1.5217096
0.6319196,1.3495735
0.57166135,1.1289182
0.61068314,0.8480111
0.4177826,0.5164153
0.1576373,0.18751651
-0.16075309,-0.04283408
-0.19173996,-0.15816274
-0.106240764,-0.21728793
-0.15289988,-0.24811327
-0.21040428,-0.26276007
-0.19271111,-0.26775992
-0.10295155,-0.26695874
-0.18734021,-0.2632777
-0.12584399,-0.2592567
-0.17978904,-0.2573673
-0.12681912,-0.25990388
-0.048727117,-0.2669846
0.02912922,-0.2711866
0.06189902,-0.2455546
0.22238693,-0.12955788
0.9465206,0.15323597
1.6935258,0.62174016
1.9372644,1.0949805
2.3117967,1.3289316
2.6090345,1.2928638
2.3212912,1.043452
1.0833789,0.6399127
0.115505815,0.14646584
-0.3906747,-0.34432083
-0.9578682,-0.73862207
-2.7422724,-0.986292
1.1423272,1.1504314
1.3583603,1.4223484
1.6376914,1.6666185
1.9470223,1.8506079
2.033637,1.9812028
1.876299,2.0005896
1.9053293,1.9379344
1.7837404,1.799981
1.5182112,1.607105
1.324514,1.3888309
1.0343398,1.1548247
0.7351729,0.89835167
0.27445206,0.6135478
-0.05231777,0.3195924
-0.13527386,0.08045717
-0.3369611,-0.057272725
-0.257616,-0.12739217
-0.32009476,-0.16051531
-0.38723186,-0.1714513
-0.2963903,-0.16934806
-0.30156463,-0.15987921
-0.29469502,-0.14706469
-0.31240132,-0.1343824
-0.23022322,-0.12487159
-0.32393306,-0.12051616
-0.29922688,-0.12072662
-0.24373539,-0.11991418
-0.33890903,-0.10379136
-0.25955898,-0.041595973
-0.23099212,0.12094238
-0.016455792,0.43312943
0.35622665,0.86368173
0.8695275,1.2534037
0.86386627,1.4705546
0.9874921,1.5375031
1.2279636,1.5141429
1.3592665,1.4284143
1.1526437,1.2816932
1.1174983,1.0638225
1.5340523,0.76728404
2.0507195,0.41071278
0.19757706,0.060595803
0.5702579,0.599201
0.7746032,0.64924306
1.1104871,0.7687473
1.3182273,0.9374641
1.5169125,1.1307397
1.7302985,1.3565664
1.9325782,1.5648324
2.1298108,1.6869946
2.0516753,1.7340623
1.9193263,1.7167902
1.6389759,1.6463078
1.4235193,1.5317038
1.1694415,1.3729926
0.77344644,1.1627097
0.3065735,0.8957554
-0.12556732,0.58450145
-0.3069005,0.28002256
-0.21438435,0.06603717
-0.18384132,-0.04209367
-0.28684917,-0.095616855
-0.2627405,-0.12054015
-0.2769133,-0.12984937
-0.30273244,-0.1317665
-0.36741844,-0.13095331
-0.28503904,-0.1299561
-0.28224832,-0.13056993
-0.34796873,-0.13444465
-0.27549574,-0.14171052
-0.30059442,-0.14686146
-0.20418414,-0.13149297
-0.1590028,-0.05285626
-0.0694294,0.1592949
0.29638514,0.55556
1.1406507,1.0490268
1.3147321,1.4018657
1.4487259,1.5286707
1.3412282,1.4870127
0.87170535,1.3297701
0.6469617,1.0804139
0.3392089,0.75156355
1.4061167,0.36805412
0.11359109,-0.015081383
0.24561915,0.2918944
0.48366278,0.30063766
0.7367714,0.37277445
1.0458082,0.52749676
1.3856853,0.73075485
1.6770729,0.9823475
1.7666008,1.1984342
1.5527059,1.2953403
1.1981976,1.2924898
0.976447,1.2242136
0.6666208,1.0989518
0.124580674,0.8949014
-0.22103345,0.58887875
-0.7789138,0.18960637
-1.0494919,-0.2557007
-1.3157619,-0.63750005
-1.4593333,-0.8849758
-1.4281951,-1.0720142
-1.4684514,-1.235226
-1.5872227,-1.3738247
-1.5378273,-1.4785948
-1.514517,-1.5479434
-1.4513112,-1.5892849
-1.5745758,-1.6113486
-1.610589,-1.6196475
-1.5924919,-1.615948
-1.6144315,-1.5988548
-1.6342883,-1.564421
-1.6832967,-1.507714
-1.6073438,-1.4237331
-1.4167396,-1.3052102
-0.8451239,-1.1460187
-0.31847218,-0.9431246
-0.17873013,-0.69720954
-0.007446655,-0.425637
0.025815137,-0.18541688
-0.23128197,-0.077834845
-0.8640631,-0.13984372
-0.83512497,-0.31798178
-0.23494495,-0.5479023
-0.15422069,-0.78584194
-2.7013326,-1.009875
0.7382885,0.7641783
1.0216241,0.85927874
1.1141198,1.0276701
1.2575666,1.216774
1.4675733,1.4114935
1.7038056,1.6206136
2.0017917,1.7496517
1.9184451,1.7955333
1.8054203,1.77138
1.7600416,1.6851346
1.6865636,1.5513574
1.5150502,1.3799299
1.2863041,1.1704043
0.95846605,0.9200444
0.5125673,0.63361335
0.17393017,0.34091574
0.0016800177,0.11195954
-0.18018816,-0.014604755
-0.07905817,-0.07800906
-0.1472466,-0.10761491
-0.09769017,-0.11782164
-0.13735864,-0.11800838
-0.29664582,-0.11398739
-0.19538014,-0.10934616
-0.14660496,-0.1067344
-0.14594413,-0.10832334
-0.25775373,-0.114556916
-0.1575123,-0.12120942
-0.18939145,-0.115591235
-0.21962816,-0.06965221
-0.05126345,0.06852373
0.09821296,0.35308176
0.6670787,0.76575583
1.3378817,1.163948
1.2068022,1.4035127
1.115089,1.4886928
1.0414745,1.4821887
0.6255978,1.4196035
0.29077697,1.3061405
0.22291076,1.1311268
0.9413751,0.88192225
0.9674349,0.5634823
0.4180851,0.70286006
0.6376837,0.7796059
0.92743325,0.9149554
1.2080334,1.08355
1.2969456,1.2693877
1.3559678,1.4855597
1.5827966,1.6433959
1.8444761,1.71237
1.8075447,1.7057042
1.7724122,1.6333857
1.6243694,1.5132723
1.4122905,1.357093
1.2159299,1.1615218
0.9772958,0.91814697
0.66947407,0.63010806
0.13308878,0.33145702
-0.13466096,0.09774827
-0.13447486,-0.031799562
-0.20122609,-0.098546304
-0.2234838,-0.13247806
-0.3032897,-0.14789426
-0.13736695,-0.15361616
-0.2249918,-0.15480807
-0.1612946,-0.15453461
-0.2261655,-0.15493688
-0.20763646,-0.15795702
-0.14386153,-0.16497847
-0.2451798,-0.17433605
-0.27203208,-0.17625716
-0.20528401,-0.14331052
-0.20034543,-0.01829017
-0.109782755,0.27148128
0.18540728,0.7331414
0.9947088,1.1844015
1.3686265,1.4188943
1.2521667,1.4348629
1.2633404,1.2952135
0.6485285,1.0392523
0.31303713,0.68903
-0.031734675,0.27799594
0.69576085,-0.12837097
-0.22828467,-0.44913912
0.5387248,0.76971555
0.52839845,0.8973515
0.6688478,1.0655782
0.7887016,1.2535757
0.9289351,1.4579599
1.3145906,1.6621203
1.5604389,1.7691282
1.5077742,1.7853612
1.3288525,1.7235878
0.9409803,1.6019684
0.8447105,1.4439825
0.7223803,1.2577854
0.7102778,1.0339473
0.81808597,0.7619288
0.6604465,0.45564705
0.29462004,0.17471665
-0.06302649,-0.0050538853
-0.11081407,-0.096094765
-0.13680963,-0.14238065
-0.082444035,-0.16355431
-0.17182186,-0.1706407
-0.095932685,-0.17030677
-0.1160913,-0.16660082
-0.18042786,-0.1622594
-0.06607763,-0.15941498
-0.08914785,-0.15992028
-0.05182305,-0.16458389
0.017810307,-0.17030486
-0.07554434,-0.16423076
0.018989012,-0.11275665
0.23707962,0.048320286
0.8312464,0.38755345
1.5443511,0.8791199
1.4473089,1.2975521
1.3276244,1.4760807
1.1839336,1.4439878
0.90350515,1.2622076
0.4207347,0.96669877
0.7906852,0.58297944
1.5204833,0.1539802
1.2921124,-0.2488606
-1.2593001,-0.54712594
1.1801085,1.2333823
1.3059158,1.5133576
1.6014974,1.7404828
1.7908306,1.909693
1.7973149,2.0083616
1.7168345,2.0026886
1.7046932,1.9172292
1.5645429,1.7558627
1.3726052,1.546777
1.22815,1.322854
0.9544193,1.0899283
0.61967283,0.83624446
0.22512792,0.55400795
-0.0018632413,0.269574
-0.1290479,0.05309572
-0.19466163,-0.06691716
-0.008455133,-0.1286718
-0.059202556,-0.15729895
-0.10680054,-0.16592318
0.050155066,-0.16282642
-0.10252982,-0.15330374
-0.026671706,-0.14117676
-0.046491593,-0.12944385
-0.12132337,-0.12038953
-0.010515576,-0.1154379
-0.07942422,-0.114006914
-0.105766915,-0.11042965
-0.006403521,-0.0879455
0.053218707,-0.008584566
0.19120969,0.1919393
0.34410268,0.566936
0.8688925,1.0523777
1.1460173,1.4205339
1.3110379,1.565036
1.470629,1.5366826
1.3919976,1.3888949
1.325411,1.146188
0.8853368,0.8212659
0.9697004,0.43437856
1.0697286,0.035260983
0.4417026,-0.30078143
-1.9873697,-0.50263894
0.41707063,-0.064984895
0.7664737,-0.09033346
0.9031676,-0.060800955
0.7855654,0.040079825
0.48265812,0.16832066
0.3208674,0.3149314
0.41866684,0.45930463
0.50143284,0.5639734
0.20371671,0.63355505
-0.24614415,0.68204045
-0.19070487,0.7098254
-0.2792399,0.70122707
-0.7354932,0.63077617
-0.96547383,0.47804183
-0.8574463,0.24595395
-0.66234076,-0.034211256
-0.49605224,-0.29143688
-0.7051649,-0.46525654
-1.2099264,-0.5752858
-1.1573806,-0.65372485
-0.9657903,-0.71656126
-1.0385323,-0.7712675
-1.0967929,-0.8214152
-0.9648127,-0.8680611
-0.81020504,-0.9106484
-1.2142655,-0.947196
-1.3308301,-0.97331107
-1.1087676,-0.9831493
-1.0517551,-0.97404265
-0.8503808,-0.945645
-0.35245132,-0.88584125
0.17366536,-0.764127
0.057563297,-0.551911
-0.21660174,-0.25197038
-0.5334072,0.091168724
-0.9545148,0.37386268
-1.2245356,0.50446486
-1.4021512,0.51418996
-1.5090361,0.46195793
-1.4000667,0.37744474
-1.338377,0.26447508
-2.477194,0.11619743
0.3843766,0.49306375
0.3798257,0.52552265
0.4951895,0.60208356
0.58423525,0.7451698
0.65354085,0.93350875
0.64277774,1.1432731
0.6082201,1.2435663
0.49181032,1.206919
0.40938985,1.0667424
0.29284015,0.8520469
0.11831794,0.55991054
-0.10467067,0.20329455
-0.2598492,-0.1866048
-0.6320523,-0.5636946
-0.80815876,-0.8460164
-0.8715548,-1.0541418
-0.9374933,-1.2327863
-0.9343829,-1.3836706
-1.1364083,-1.494884
-1.0272957,-1.5662143
-1.148395,-1.6081474
-1.2152126,-1.6316154
-1.1857834,-1.6437049
-1.3279322,-1.6480199
-1.3494434,-1.6458862
-1.3054693,-1.6369958
-1.4807935,-1.6194053
-1.4013264,-1.5895684
-1.4616734,-1.5430927
-1.5135624,-1.4751496
-1.3907843,-1.3800762
-1.1355338,-1.2531313
-0.9614514,-1.0955491
-0.931802,-0.91959083
-0.8594716,-0.7526648
-0.9540434,-0.6410848
-1.052199,-0.63273036
-1.0443239,-0.74071234
-1.1602346,-0.9199511
-0.8528692,-1.1139201
-1.855852,-1.2873936
-3.7157943,-1.4202306
0.26063865,0.49135488
0.50435716,0.5108087
0.7911711,0.5761969
1.1098175,0.7094257
1.1603327,0.8941821
1.262555,1.1294811
1.6583654,1.3681648
1.8064178,1.5156164
1.8240873,1.5657859
1.7473661,1.5343297
1.5203502,1.4404912
1.1376115,1.2880542
1.0680584,1.0635874
0.8270281,0.7611921
0.377268,0.4015348
-0.15617692,0.04641352
-0.5347992,-0.19239143
-0.68548,-0.31222254
-0.7140162,-0.38319764
-0.80791396,-0.43197197
-0.7698512,-0.46725172
-0.73467535,-0.4919842
-0.8954904,-0.507558
-0.8787161,-0.5159525
-0.86161095,-0.52019906
-0.96864206,-0.5242109
-0.9017602,-0.53264415
-0.86925894,-0.549192
-0.79995227,-0.56946814
-0.81227326,-0.5662169
-0.7754456,-0.4842865
-0.5791303,-0.2652709
-0.08611883,0.1227436
0.69776684,0.59807104
0.88408446,0.9007685
0.8602698,0.8838761
0.6175063,0.56984353
-0.18799365,0.04381288
-0.61332977,-0.5467084
-0.6776305,-1.0225168
0.66346794,-1.3050385
-1.6478404,-1.457128
0.22708452,0.4141221
0.2858819,0.4214697
0.28597718,0.52691376
0.51557714,0.6966535
0.64175814,0.89731777
1.0319035,1.1192459
1.2264488,1.3705914
1.4314731,1.5664413
1.5020841,1.6836975
1.8927127,1.7313747
2.228918,1.715077
2.1955135,1.636752
2.1029453,1.492218
1.9780669,1.2748823
1.667323,0.9862472
1.3405915,0.6388796
0.8920602,0.27276152
0.053600878,-0.0140201
-0.36915338,-0.16113544
-0.39747947,-0.23092961
-0.48472217,-0.26676938
-0.4350649,-0.2836042
-0.40721384,-0.28908187
-0.4674335,-0.28725743
-0.40037012,-0.28112787
-0.47266272,-0.27397183
-0.56291705,-0.26975206
-0.49676153,-0.27217734
-0.47191283,-0.28149232
-0.43832123,-0.28979287
-0.45492968,-0.2717233
-0.44675303,-0.1707797
-0.31176534,0.08293437
-0.25298184,0.5027171
0.16075182,0.95546496
0.8390749,1.2448988
0.82244307,1.3388146
1.1982254,1.3014611
1.267055,1.1798754
0.6282285,0.98735166
-0.20076342,0.72462463
0.43646872,0.40601504
1.4388139,1.2080905
1.3336928,1.5000856
1.2006654,1.7249696
1.1945242,1.9098444
1.366035,2.0055435
1.472104,1.9835522
1.5780473,1.86116
1.514229,1.6536717
1.3544598,1.4100797
1.0997436,1.1514772
0.8360897,0.8630891
0.6438136,0.53168106
0.36071447,0.183588
0.05189428,-0.092397414
0.20658496,-0.24334672
0.227217,-0.32570896
-0.53355426,-0.3771081
-1.0133468,-0.41086236
-0.77779216,-0.43230218
-0.23959695,-0.44331947
-0.25155795,-0.4453038
-0.569382,-0.4405923
-0.34633687,-0.4325828
-0.12786596,-0.42528212
-0.38187867,-0.42293173
-0.2355574,-0.4285941
-0.18301491,-0.43929046
-0.21265788,-0.4340654
-0.19778991,-0.3605361
-0.019269131,-0.150632
0.2738345,0.23781624
0.98458797,0.72463304
1.6263161,1.0474544
1.3190866,1.0602247
0.822435,0.78674173
0.18692686,0.30342376
-0.8022377,-0.2789778
-1.6440569,-0.80827117
-1.740956,-1.1623833
-1.373597,-1.3584876
-0.628676,-1.4749919
-1.4992572,-1.5440111
0.9102734,0.8328867
1.0847371,0.984545
1.2829809,1.1933476
1.3788044,1.3996089
1.5614709,1.6054938
1.9386595,1.7851932
1.98524,1.8651652
1.933055,1.8669245
1.7415276,1.802452
1.613749,1.6849136
1.4368646,1.5316415
1.2371508,1.3514998
0.90887266,1.142052
0.5462555,0.89618087
0.19192478,0.61601245
-0.037969526,0.33525336
-0.12063219,0.124185555
-0.15704627,0.011587642
-0.047698803,-0.04258973
-0.12619016,-0.06451938
-0.14665242,-0.06769783
-0.06201462,-0.06149552
-0.124400966,-0.052008487
-0.08763659,-0.0428415
-0.10947767,-0.036201112
0.010514163,-0.033520766
0.07629107,-0.034547575
-0.17069013,-0.03438706
-0.121017106,-0.018779851
-0.015513105,0.043081455
0.024158409,0.20377165
0.28900316,0.5092161
1.0171456,0.9291059
1.570283,1.3144674
1.5064623,1.5373054
1.8469385,1.6170408
2.0557885,1.6113914
1.5424498,1.5505614
0.8203071,1.4399524
0.40264195,1.2722869
1.1529851,1.0366746
0.6542824,0.7302019
1.1657146,1.19483
1.464614,1.4370301
1.7601995,1.6550338
2.0237966,1.8064934
2.2251024,1.928621
2.0781262,1.9550967
1.8943586,1.9078751
1.8093395,1.7913016
1.5469906,1.6167567
1.4078298,1.4164469
1.1280615,1.2095139
0.8147036,0.99297786
0.50461036,0.7551588
0.26251984,0.4970647
0.13377708,0.25717783
0.013270203,0.09381925
0.07115433,0.005514972
0.024692774,-0.03847433
-0.04745668,-0.055204444
0.07978074,-0.055794246
0.06380809,-0.048153587
0.0924038,-0.03756904
0.17694421,-0.027354069
0.10603742,-0.019544192
0.097297855,-0.015291356
0.1789457,-0.014188953
0.17021367,-0.01153893
-0.0027406628,0.0069325045
0.1905641,0.07292596
0.4348832,0.24062389
0.7259644,0.55813307
1.2721858,0.9932008
1.4518144,1.3778286
1.2752692,1.5826948
1.2500609,1.6383224
0.9598292,1.6002932
0.6195456,1.4930047
0.12567405,1.3195158
0.11465445,1.0747689
0.532008,0.7562447
0.8305117,0.38509262
-0.03355639,0.026517682
0.2731239,0.33789766
0.33440757,0.38349587
0.40438128,0.526556
0.3367668,0.73278415
0.3492714,0.96123457
0.3890221,1.1999594
0.42583653,1.459394
0.37999848,1.6547236
0.6795238,1.772152
1.079032,1.8254046
1.3837535,1.8202715
1.1307923,1.7574282
1.1344063,1.6337404
1.0444527,1.4430516
1.053881,1.180873
1.062485,0.8506921
1.0377957,0.4779147
0.90600705,0.1383223
0.5450907,-0.07030708
0.005545491,-0.1609664
-0.04133062,-0.20043296
-0.080782786,-0.21290126
-0.018344568,-0.20991239
0.03679442,-0.19881761
-0.10915258,-0.18440416
0.09812928,-0.17063284
-0.05536807,-0.16153812
-0.05138088,-0.1599336
-0.036197264,-0.16411167
0.046110008,-0.1654321
0.1039212,-0.14637914
0.1453116,-0.07312336
0.2301401,0.10603971
0.6390129,0.41545933
1.1708778,0.79695785
1.066688,1.1288551
1.6340805,1.331769
2.1828816,1.4219129
2.509728,1.4513988
2.0996888,1.4545189
1.4605387,1.4409975
2.1319304,1.4038702
1.0833527,0.9979156
1.3110396,1.2079031
1.4222237,1.4362965
1.6481962,1.6338502
1.9563475,1.8274722
2.0932398,1.9172852
1.9071862,1.9063623
1.9410015,1.8076239
1.5966396,1.6393585
1.3638246,1.4346807
1.1555183,1.2074943
0.91341627,0.9499403
0.6843038,0.65362334
0.24311835,0.33422565
-0.009926994,0.05649417
-0.15878491,-0.11009138
-0.35318193,-0.19501024
-0.34970388,-0.23947337
-0.34978694,-0.26083478
-0.37587923,-0.26807058
-0.34654468,-0.26582035
-0.2804616,-0.25721613
-0.31424147,-0.24551573
-0.42081344,-0.23423317
-0.31496143,-0.2267366
-0.25578627,-0.22530478
-0.3342055,-0.22887167
-0.3482042,-0.22909799
-0.3569777,-0.20203683
-0.14886956,-0.095346205
0.39279273,0.16222754
0.9536601,0.5961368
0.9697513,1.0669627
1.0489968,1.350754
1.278438,1.410075
1.2353159,1.3043064
0.9906107,1.0775907
0.55413353,0.75226223
0.28164384,0.3554858
0.10018879,-0.054236613
-0.34622306,-0.39540857
-2.0035887,-0.5999319
1.0544889,0.9551729
1.1991887,1.2239347
1.5007801,1.4761368
1.8206176,1.7057341
2.0341914,1.9045973
1.9562634,1.9728348
2.0545251,1.9312713
1.7870396,1.7999003
1.4131631,1.6126027
1.2114595,1.3984994
1.017876,1.1576147
0.73516804,0.87043554
0.39456695,0.5286776
-0.004142613,0.17232347
-0.25737786,-0.09868791
-0.2854037,-0.23774093
-0.33443528,-0.3090169
-0.4359498,-0.34930176
-0.5569825,-0.37125158
-0.31815055,-0.3805408
-0.32827327,-0.37971175
-0.33916292,-0.37095726
-0.41872978,-0.35738882
-0.5005934,-0.34275883
-0.42062175,-0.33088008
-0.27219033,-0.32505527
-0.3108651,-0.32599843
-0.20474851,-0.32625875
-0.035313703,-0.29744098
0.0822546,-0.17797834
0.60711086,0.10546649
1.5261129,0.5762265
1.9463294,1.0701133
1.6800821,1.3286752
1.0608411,1.3048432
0.5342658,1.0555859
-0.059513424,0.64586717
-0.8288719,0.14083153
-1.0117463,-0.37159076
-0.6458035,-0.79457366
-0.36568263,-1.0685424
-1.9924637,-1.2388395
0.8754633,0.7030085
1.0412086,0.8455414
1.1244932,1.0632051
1.2067616,1.3081286
1.4208195,1.5559003
1.6442823,1.7805783
1.6274176,1.8910568
1.5935836,1.9081511
1.5380621,1.8501883
1.2327619,1.7337561
1.0729975,1.5734847
0.9576752,1.3740155
0.7556878,1.1307518
0.61137956,0.83840966
0.25854224,0.5063779
-0.02234524,0.18342644
-0.103266746,-0.03982944
-0.043665595,-0.14808169
-0.09504759,-0.19894382
-0.16301966,-0.219437
-0.11273538,-0.2219831
-0.20482674,-0.21406627
-0.1569094,-0.20036992
-0.17610353,-0.18459061
-0.24189603,-0.17033681
-0.18921867,-0.16097453
-0.15798044,-0.15821671
-0.16307239,-0.15946648
-0.0791905,-0.15490448
-0.09411903,-0.122428305
0.026864937,-0.017873548
0.35445255,0.21879089
1.0163648,0.6041434
1.1807907,1.0398722
1.2250489,1.3554988
1.6253967,1.5001627
1.8814431,1.5299935
1.6775104,1.494995
1.2576152,1.4121139
1.2406248,1.2775247
1.4681078,1.0791712
-0.13861902,0.8086544
1.1520962,0.8482596
1.1453921,1.0591515
1.3158523,1.3112807
1.5642684,1.5539339
1.7073497,1.7951933
1.8416183,1.9322946
1.8088055,1.9554055
1.7358598,1.8894482
1.6131618,1.7551482
1.3886079,1.577335
1.2173072,1.3678126
0.9019781,1.1211808
0.71689653,0.8263233
0.3811435,0.4875511
-0.042230368,0.15115929
-0.27020875,-0.08747748
-0.30999798,-0.20546016
-0.36006275,-0.26408136
-0.2371583,-0.2925613
-0.34564272,-0.3027868
-0.3658737,-0.30092147
-0.26474863,-0.29040468
-0.32120264,-0.27436346
-0.3619719,-0.25656354
-0.3304232,-0.24109742
-0.29041,-0.23154047
-0.34776166,-0.22907326
-0.31509718,-0.2292921
-0.23752786,-0.21704516
-0.21744788,-0.15558276
-0.19761015,0.020022549
0.14678447,0.36884877
0.4660164,0.8538302
0.69238335,1.2689128
0.5309344,1.4703602
0.84517306,1.4910388
1.001824,1.3920853
1.1642209,1.2032884
1.3063369,0.9343579
1.1315604,0.5947673
1.5173217,0.21711844
0.55898094,-0.13350348
0.25060996,0.5357014
0.485025,0.6105497
0.36001363,0.7718514
0.30970398,0.99529934
0.3703288,1.2427502
0.4604557,1.516418
0.75214267,1.7155015
0.7535805,1.8083316
1.3868661,1.8158491
1.7397678,1.7535421
1.6822567,1.6335293
1.4348806,1.4592247
1.1544727,1.2240467
0.96746427,0.9213004
0.79698247,0.5594239
0.8863222,0.18374738
0.8624516,-0.1006254
0.55243295,-0.24148911
0.0831958,-0.310465
-0.23621216,-0.34820873
-0.37612584,-0.3675827
-0.37574103,-0.37448573
-0.36169857,-0.37159154
-0.25256523,-0.36112192
-0.25957683,-0.34644794
-0.23448764,-0.33231604
-0.37012655,-0.32407525
-0.4230514,-0.32520083
-0.28954306,-0.33314732
-0.23523885,-0.33325583
-0.416554,-0.28585583
-0.23930803,-0.12309114
0.019937983,0.20937252
0.66490537,0.6766823
1.3139787,1.0944165
1.2750138,1.3151064
1.5104084,1.3633878
1.4226395,1.3050591
1.4579552,1.1726942
0.5765461,0.970412
0.4585431,0.69574374
0.9758504,0.36473396
1.2438688,1.0959606
1.333176,1.3676953
1.484598,1.603317
1.7802265,1.790386
2.0240088,1.9391818
1.8909143,1.9742565
1.8077438,1.9180365
1.6127546,1.779357
1.505249,1.5844232
1.2669967,1.3673803
0.9795385,1.1364335
0.7611643,0.87885857
0.3219694,0.5846365
-0.050335065,0.27908808
-0.19818328,0.037691303
-0.22231539,-0.09631709
-0.2152243,-0.16468844
-0.31520638,-0.19824779
-0.20236917,-0.21112838
-0.22000918,-0.21154705
-0.17170532,-0.20434842
-0.24732444,-0.19309369
-0.14831842,-0.18096721
-0.16594128,-0.17072415
-0.101778954,-0.16447952
-0.15039364,-0.16291794
-0.1243234,-0.16290557
-0.10535985,-0.15242532
-0.11515625,-0.100570746
0.06405171,0.05277414
0.329374,0.3765939
0.71236414,0.86065584
0.86293036,1.297046
1.1965377,1.5002165
1.3496009,1.4882667
1.1333301,1.3233232
1.1459429,1.0432364
0.7529264,0.67272794
1.060132,0.24721766
1.1960688,-0.16834313
-0.12514041,-0.49601072
-2.952426,-0.6863451
0.26285753,0.37078604
0.34681574,0.4127218
0.49046525,0.5508968
0.7757278,0.7569461
1.1207856,0.99084115
1.1964413,1.2459304
1.1830587,1.5093756
1.34403,1.6893015
1.8152649,1.786191
2.0048795,1.8155406
1.9319516,1.7853155
1.6960132,1.6979704
1.4206407,1.5502583
1.0641185,1.3333037
0.91891676,1.039644
0.7848415,0.6770133
0.5370647,0.28858072
-0.11275633,-0.022788733
-0.44291824,-0.18257624
-0.27830526,-0.25303674
-0.32214883,-0.28657588
-0.46051168,-0.29909474
-0.3683201,-0.29873767
-0.4310123,-0.2900187
-0.538278,-0.276203
-0.34322342,-0.26092243
-0.47100943,-0.24859849
-0.38008183,-0.24340111
-0.34774652,-0.24610484
-0.40024805,-0.2502355
-0.35766447,-0.23694745
-0.3245425,-0.1637429
-0.09888048,0.03516703
0.58728606,0.39747685
1.5378989,0.85294974
1.2775725,1.2215924
1.6386826,1.409059
2.2084627,1.4588786
2.0370722,1.4324844
0.89576495,1.3565516
-0.122861706,1.231184
0.7252706,1.0448624
1.131491,1.0843989
1.2567049,1.3224682
1.4781649,1.5523431
1.7258996,1.7240067
1.970057,1.8800571
1.8492414,1.9379134
1.755619,1.911555
1.7375652,1.8111167
1.4789802,1.6471882
1.4064087,1.4497583
1.1572051,1.2382272
0.80385345,1.0100473
0.55865264,0.7546052
0.09583982,0.47565603
-0.011364502,0.21641883
-0.13095443,0.04216864
-0.1536318,-0.049976714
-0.20949262,-0.09609272
-0.20185307,-0.11482269
-0.083843075,-0.11750231
-0.22231929,-0.111633785
-0.17978708,-0.102105655
-0.20719433,-0.09232352
-0.23424405,-0.08486182
-0.22277398,-0.08152265
-0.23751463,-0.08245037
-0.14009827,-0.08382744
-0.114314176,-0.073988564
-0.15268497,-0.026386522
0.0176692,0.10908001
0.2748771,0.38949072
0.8217883,0.80876553
1.0739704,1.2264585
1.0065143,1.4793528
1.1509798,1.5665
1.2362912,1.5496964
1.0164441,1.4625775
0.8539285,1.3104745
1.0217503,1.0858612
1.5381906,0.78203064
1.5522646,0.41607904
-0.58983797,0.05251304
0.96057045,1.0388699
1.0375727,1.2240987
1.1846308,1.4410546
1.4169486,1.6094292
1.6190357,1.7770636
1.7583622,1.8715551
1.6205761,1.8809063
1.66448,1.8218387
1.577734,1.6973157
1.4193788,1.5270839
1.2134138,1.334305
0.9476832,1.1240284
0.6666629,0.8897482
0.39396816,0.62878525
0.19295803,0.3621377
0.04663395,0.14816219
0.05290936,0.02337902
0.09597656,-0.041236766
-0.020875147,-0.0712292
-0.054353792,-0.08046258
0.032210097,-0.07849414
-0.05573747,-0.071736045
0.016365673,-0.06435201
-0.0074302177,-0.05916836
-0.013917742,-0.0580677
-0.04740625,-0.061217286
-0.026945883,-0.0648827
0.055191547,-0.058269836
-0.07714137,-0.018031009
0.034057353,0.09962594
0.37541074,0.34605712
0.8236872,0.7192803
1.0547087,1.1146811
1.0108404,1.3867867
1.2250787,1.5092957
1.4480307,1.5369778
1.4377013,1.5109226
1.0416076,1.4421461
1.1293634,1.3219495
1.4012916,1.1330224
1.098535,0.86246246
-0.5285586,0.52432
1.0066628,1.0892396
1.211006,1.3209977
1.3655075,1.5403036
1.5472627,1.7069224
1.68711,1.8628566
1.6445435,1.9216876
1.5530459,1.8934915
1.3978777,1.786226
1.2939386,1.6133887
1.0887346,1.4106668
0.9214839,1.1975943
0.68209,0.96791625
0.392804,0.7080678
0.12309891,0.42467976
-0.054533098,0.16975343
-0.08530582,0.006454639
-0.09802837,-0.079658605
-0.09141795,-0.12339804
-0.07839821,-0.14193085
-0.16977537,-0.14576852
-0.09302126,-0.14157131
-0.07606876,-0.13366672
-0.15685822,-0.12517405
-0.18879293,-0.118469276
-0.21959387,-0.11531005
-0.14871347,-0.11622659
-0.13047367,-0.11825249
-0.04026282,-0.11023951
0.01059543,-0.06416672
-0.030425245,0.07518058
0.11703496,0.3751966
0.6106968,0.83566
1.0290893,1.2761973
1.1173049,1.5067658
1.3750814,1.5363355
1.4909555,1.427602
1.3353134,1.2146019
1.0941418,0.9117484
0.85975474,0.53422654
0.8693465,0.12412747
1.1447346,-0.24467012
-0.34781352,-0.49028242
-0.50420505,-0.05560442
-0.5080766,-0.17561027
-0.49483547,-0.22714962
-0.41190717,-0.21243694
-0.519794,-0.14714819
-0.5403353,-0.06017179
-0.53567076,0.020940714
-0.5368292,0.09201335
-0.55287063,0.17116976
-0.5241959,0.24960583
-0.65732133,0.311868
-0.49021873,0.367126
-0.4948766,0.4237002
-0.48709935,0.47300845
-0.315208,0.49301422
-0.17832844,0.45767587
0.2315611,0.3488529
0.4176289,0.16861281
0.6667742,-0.04703036
1.0888001,-0.23060456
0.92721105,-0.35113344
0.6907758,-0.42706838
0.33470845,-0.47933543
0.0667911,-0.5187321
-0.2911233,-0.5496481
-0.72777385,-0.5745111
-0.9096425,-0.59632605
-0.8743294,-0.61909455
-0.88139707,-0.64640486
-0.93569624,-0.67781544
-0.89442784,-0.7028434
-0.8295179,-0.6931847
-0.9096191,-0.60594076
-0.89201814,-0.4036706
-0.67819923,-0.074351236
-0.017457439,0.31285843
0.965972,0.53815687
0.8583449,0.45425332
0.9019681,0.09135657
-0.363242,-0.4282198
-0.72413224,-0.9186852
-0.49057102,-1.2595605
0.43351594,0.7016891
0.4305043,0.792476
0.79232657,0.9576905
0.9271698,1.1514301
1.1046481,1.3448235
1.4309561,1.5579791
1.5768256,1.7151337
1.6963617,1.7906885
2.167898,1.8040868
2.3292587,1.7636478
2.3612225,1.6782769
1.870855,1.5562539
1.8513091,1.3999776
1.612269,1.2067773
1.283265,0.9728193
0.80167747,0.7018356
0.36248845,0.42530996
0.13414624,0.20896566
0.06617056,0.09064943
0.0663029,0.034263603
-0.021297155,0.010657363
0.0977074,0.0061404333
0.02951268,0.011121623
0.08144508,0.019134425
0.09201065,0.026388474
0.15380055,0.030847363
0.028417505,0.031731643
0.102227606,0.030915134
0.16842405,0.036556475
0.17611507,0.06856384
0.14475462,0.16497803
0.39706615,0.3755899
1.0006851,0.7150409
1.5693567,1.1112481
1.6011783,1.4195755
1.3783516,1.5815032
1.132806,1.637064
0.4291731,1.6313102
0.15060326,1.5857477
0.27431747,1.5019841
1.0411767,1.3699477
0.8443638,1.1754607
0.36035538,0.5459669
0.5854223,0.5976463
0.9231295,0.69453263
1.2172648,0.85943085
1.4234719,1.0717442
1.4893353,1.3296081
1.7660378,1.5349286
2.020942,1.6270685
1.9470367,1.6177075
1.811945,1.5292028
1.6039493,1.3821447
1.3817769,1.1752443
1.0952159,0.89603484
0.675978,0.5500736
0.10765239,0.17498404
-0.30131245,-0.1321148
-0.56741405,-0.29846385
-0.73324037,-0.388701
-0.6583585,-0.44950688
-0.7680355,-0.49417233
-0.79414797,-0.5273094
-0.77535844,-0.55048233
-0.73464656,-0.5648274
-0.7465827,-0.57225406
-0.81593484,-0.57590806
-0.8705271,-0.58014697
-0.809454,-0.58982325
-0.83695817,-0.6071653
-0.7979418,-0.62387264
-0.8387999,-0.6084117
-0.8315714,-0.5058725
-0.6465224,-0.26212186
-0.020293634,0.14816937
0.73598665,0.6277348
0.61826044,0.91703784
0.54969496,0.8980465
0.17468774,0.6040606
-0.5359685,0.110964574
-0.70932543,-0.45711717
-0.34471664,-0.9402896
0.30298626,-1.246135
-2.9175162,-1.4149086
0.62198305,0.6971495
0.8201876,0.8010571
1.0128103,0.9556532
1.1211976,1.1371584
1.4498358,1.3214449
1.63016,1.526174
1.861942,1.6767471
1.9768001,1.7465782
1.989524,1.7554312
1.857669,1.7130976
1.5493401,1.630486
1.4740198,1.5172229
1.1830441,1.3752698
0.8595276,1.1987683
0.46044672,0.97948813
0.07985604,0.72001827
0.008982858,0.45285535
-0.050470427,0.24227506
-0.00991751,0.12538967
-0.06944789,0.068597816
0.07390719,0.043403022
0.03783906,0.036500566
-0.05927924,0.038609676
0.06139231,0.04356014
-0.006309344,0.048002325
0.09117351,0.050440885
0.10976322,0.0503157
0.14679603,0.048977204
0.13370603,0.054098837
0.20203108,0.087381296
0.32497332,0.19221693
0.75824386,0.42636943
1.7801602,0.80977726
1.9415867,1.2462598
1.7938008,1.5516386
1.8565413,1.6835899
1.3885285,1.698032
0.61672175,1.6356728
0.26177123,1.5103755
0.52514493,1.3221192
1.1871415,1.0665426
-0.09876206,0.7439985
0.2918224,0.5729938
0.337042,0.6121277
0.50158674,0.71748996
0.6591094,0.88062346
0.75129884,1.0809939
1.0802588,1.3251433
1.5935194,1.5471346
1.9488555,1.6736528
2.2859747,1.7123506
2.349246,1.6764729
2.2368915,1.5830079
1.9082092,1.4418378
1.7949142,1.2475932
1.4558982,0.9887898
1.0104661,0.6672478
0.5046869,0.31675422
0.049651247,0.02539333
-0.19057578,-0.13553715
-0.29737562,-0.21455866
-0.35674945,-0.25716695
-0.3263576,-0.27977398
-0.44461074,-0.29058886
-0.37374663,-0.29401448
-0.36773738,-0.2930927
-0.47481138,-0.29045206
-0.44192028,-0.2886767
-0.35891488,-0.2905626
-0.31705981,-0.29788816
-0.40710047,-0.30693465
-0.22488484,-0.29765004
-0.23307195,-0.21689284
0.13338965,0.013062321
1.080211,0.4369625
1.7213922,0.937073
1.2081015,1.2438958
1.1682258,1.2677562
0.6208934,1.0530536
-0.5316199,0.66210735
-1.2173457,0.16434225
-1.4082412,-0.3422002
-0.5221358,-0.75623596
-1.0268112,-1.0196868
0.95966554,0.85902655
1.202689,1.0518618
1.2060478,1.2819991
1.4344122,1.5045841
1.8179352,1.7332695
2.0695095,1.8791392
1.9748226,1.9113901
1.9487399,1.8516603
1.8067583,1.7165956
1.5905203,1.5341818
1.3672826,1.3213556
1.1366333,1.074161
0.7338398,0.7824328
0.3453376,0.4530416
-0.15761815,0.13559356
-0.50299376,-0.080401085
-0.50714374,-0.1885154
-0.519469,-0.24388036
-0.590579,-0.2713321
-0.5307465,-0.2821477
-0.5606435,-0.28208342
-0.55292743,-0.2743377
-0.55120736,-0.26189318
-0.44571993,-0.24827406
-0.5562741,-0.23723346
-0.67024356,-0.23196608
-0.5328491,-0.23325112
-0.63827944,-0.23626763
-0.4859157,-0.22487056
-0.5380555,-0.15961194
-0.49899194,0.026956774
-0.30890733,0.3901884
0.072008155,0.87544954
0.39414018,1.2629106
0.40905052,1.4279084
0.6523993,1.4113833
0.9407754,1.2702655
0.89051056,1.0310676
1.1539236,0.70583373
1.1249257,0.31988662
2.10894,-0.067514285
1.3012336,-0.3727095
1.0882396,1.2019743
1.1913713,1.4365213
1.4285123,1.6562037
1.5809617,1.805804
1.6036772,1.9273818
1.6294429,1.9552939
1.5226278,1.9118402
1.4535356,1.8014905
1.3095897,1.632689
1.1966512,1.4361308
1.0684481,1.2323422
0.86525977,1.0201124
0.5294767,0.7886961
0.2649293,0.5364512
0.21503559,0.29523903
0.2507961,0.12334929
0.29868558,0.028692894
0.29610518,-0.018880792
0.2145477,-0.037582822
0.29619443,-0.039038308
0.3285433,-0.03166922
0.30088466,-0.02117417
0.25724474,-0.011059053
0.30576923,-0.003361769
0.3401028,0.0008476898
0.34780377,0.0020834282
0.35132504,0.0051801726
0.34760666,0.024529405
0.42807296,0.09156682
0.6460406,0.25899568
1.0337762,0.57177806
1.327524,0.99685574
1.4013118,1.3745275
1.4727374,1.5809567
1.4708748,1.6439221
1.2887019,1.6175497
1.0758444,1.526506
0.9831669,1.3735723
1.1226476,1.1522421
0.8027676,0.85638934
-0.28519583,0.49841118
-1.9810187,0.1337353
0.6060481,0.78951156
0.7621049,0.89893484
0.92678225,1.0612488
0.98631537,1.2383459
1.1085123,1.4265485
1.1453629,1.6247642
1.4713367,1.7378104
1.6766788,1.7674258
1.5350868,1.7247577
1.2797036,1.6213325
0.882306,1.4775769
0.7593161,1.3044462
0.62159103,1.0975094
0.5954352,0.8484379
0.50071293,0.5629264
0.1633061,0.2821561
-0.14880633,0.07995661
-0.17825875,-0.027937643
-0.15673508,-0.08326272
-0.1372451,-0.10942984
-0.20615794,-0.11914527
-0.1652467,-0.12059722
-0.17977384,-0.11868153
-0.17134419,-0.11633337
-0.17016833,-0.11564667
-0.17363192,-0.11839036
-0.17856503,-0.12508705
-0.098242775,-0.13195682
-0.08219903,-0.12557933
-0.05117159,-0.07347528
0.019530758,0.08488842
0.1733038,0.4117332
0.79044116,0.87871933
1.5076828,1.2866638
1.4917063,1.4845881
1.653882,1.5035007
2.2257535,1.4045771
2.1392105,1.2158477
1.3943633,0.94465935
0.50092983,0.5987419
0.47988352,0.21225914
-0.26113907,-0.14456911
0.35588712,0.5213102
0.30300927,0.57535577
0.36656624,0.7191181
0.4500396,0.92200685
0.64830744,1.1457597
0.9490127,1.3954136
1.142182,1.618195
1.2788388,1.7467663
1.5134089,1.7945739
1.786154,1.7724501
2.1585765,1.6886965
2.3234925,1.5474703
2.193558,1.3465317
1.8693981,1.0841198
1.8595327,0.76546806
1.5336801,0.41274923
1.2878848,0.09539359
0.68744415,-0.09642447
0.06982846,-0.18583569
-0.23931642,-0.22972715
-0.24752755,-0.24901846
-0.25119096,-0.25403354
-0.42333528,-0.25045663
-0.3955241,-0.24182817
-0.42392057,-0.23148438
-0.38744396,-0.22330216
-0.4181058,-0.22108743
-0.33812216,-0.22606829
-0.3554848,-0.2335082
-0.31375113,-0.22885144
-0.40423572,-0.17829767
-0.39809912,-0.021907993
-0.36310747,0.2897435
-0.1286551,0.71739435
0.48224548,1.1025327
1.2359539,1.3205137
0.93360204,1.3908579
1.2748803,1.377974
1.2591684,1.3156388
0.51657176,1.2065048
-0.27362508,1.037941
-0.33089697,0.79847264
0.80756927,0.7133694
0.9177184,0.8087946
1.1082978,0.9778273
1.2426494,1.1763185
1.4922357,1.3796582
1.6163075,1.6009027
1.8868078,1.7483976
1.8794461,1.8100369
1.8195043,1.8026772
1.7619232,1.7352669
1.5585967,1.6199245
1.307691,1.4656658
1.2332941,1.2729335
0.97925895,1.037938
0.5670496,0.76056707
0.22069389,0.46031016
-0.050501727,0.19746166
-0.16734925,0.037439696
-0.21550567,-0.0407959
-0.17893744,-0.077434786
-0.111934066,-0.09019645
-0.14140896,-0.090193726
-0.20385353,-0.08473656
-0.18300003,-0.07821401
-0.19002523,-0.073379524
-0.11250151,-0.07230765
0.020605655,-0.07583947
-0.021045336,-0.081018604
-0.18526372,-0.07741023
-0.22059274,-0.041459255
0.11904209,0.07193833
0.4063441,0.31900758
1.041447,0.7039671
1.3847898,1.1185226
1.4844006,1.4041598
1.5418229,1.5298836
1.3685805,1.5534883
0.8849202,1.5193131
0.53164107,1.4409037
0.47197407,1.3124993
1.4007825,1.1201997
0.5343818,0.8534252
0.26479205,0.37674916
0.2988631,0.4122268
0.39465448,0.54227257
0.58821034,0.7396853
0.8031048,0.965829
1.1401595,1.2117374
1.3066761,1.4747509
1.4853051,1.6645763
1.7783595,1.7739673
2.182263,1.817635
2.4876754,1.8032416
2.522353,1.7337192
2.2753494,1.60751
1.8491584,1.4172537
1.8042537,1.1538731
1.1871482,0.8190594
0.77602607,0.4424156
0.17130469,0.106196456
-0.34547234,-0.09362886
-0.21281774,-0.18028921
-0.30770618,-0.21895972
-0.4494343,-0.23201624
-0.36914876,-0.23032933
-0.23553744,-0.22053954
-0.26075724,-0.20687628
-0.25277594,-0.19280255
-0.3178256,-0.1818884
-0.42885903,-0.1772896
-0.23357515,-0.1791366
-0.25368896,-0.180978
-0.052466623,-0.16569123
-0.16358268,-0.096464284
-0.20508058,0.08747923
0.112086885,0.428751
1.0709382,0.87304044
1.5274777,1.2519064
1.3174196,1.457129
1.7406337,1.5226116
1.459161,1.5102235
0.5920981,1.4498503
-0.22226596,1.3448362
0.25182834,1.1854415
1.3409197,1.297248
1.4095384,1.551322
1.6586616,1.7653279
1.8084182,1.9152648
1.7964672,1.99862
1.7160602,1.98613
1.6429796,1.9015465
1.5481195,1.7434455
1.450293,1.5337124
1.1973026,1.3072422
1.0889049,1.0727205
0.773296,0.8213251
0.40478924,0.5482904
0.20277762,0.27797815
0.0111247245,0.07297223
0.058647644,-0.0435177
-0.04520621,-0.104860805
-0.004311156,-0.13367906
-0.05366234,-0.14279109
-0.066213146,-0.14051488
-0.05474633,-0.13224453
-0.097049065,-0.12190855
-0.08235178,-0.112710364
-0.053834844,-0.10714311
-0.06645271,-0.10631511
-0.069683,-0.10820941
-0.11841594,-0.10483269
-0.06295485,-0.07717643
-0.050218455,0.01387725
0.01739228,0.2273348
0.39079392,0.5931046
0.7125608,1.02994
0.86001515,1.3554823
0.8414487,1.5002344
0.9075899,1.5167217
0.9646258,1.4529208
1.1045455,1.3229252
0.8595988,1.1214199
0.9491033,0.83961856
1.1486074,0.4872362
0.99079305,0.11910664
-0.5470774,-0.17042324
1.577682,1.396913
1.7473066,1.6545755
1.9385185,1.8541089
2.1142864,1.9892614
2.02832,2.0376213
1.9529883,1.999831
1.6729549,1.8942454
1.4887118,1.7180247
1.3646699,1.4985919
1.1101972,1.2699416
1.0124451,1.0374559
0.76894593,0.7907923
0.38104078,0.5252888
0.19806792,0.26872432
0.24348821,0.0816345
0.109279744,-0.023611732
0.08343967,-0.078658424
0.22444566,-0.10307474
0.07542149,-0.10881894
0.08202628,-0.10405875
0.06582943,-0.09429232
-0.047181785,-0.08336034
0.07969552,-0.074038975
0.1401924,-0.068208404
0.14006932,-0.06632803
0.23247872,-0.06554181
0.10196103,-0.05600164
0.2147202,-0.014457144
0.17911276,0.10445847
0.22713019,0.359858
0.49048457,0.7632313
0.68847257,1.1948197
1.0665786,1.4734106
1.0309403,1.5749813
0.8770342,1.55986
0.72602785,1.4654684
0.54422176,1.3006388
0.39880016,1.0614791
0.3073448,0.7452547
0.65294945,0.37306184
0.9341699,0.010842465
-0.25484642,-0.24798569
0.33163702,0.57288367
0.5786237,0.6156759
0.6550969,0.72133374
0.76678586,0.8808613
1.1410536,1.0717309
1.359354,1.2982857
1.6308062,1.5167942
1.8422148,1.6506264
2.1332529,1.7064831
2.1572847,1.6958983
2.0744092,1.6308124
1.8622419,1.5203457
1.614573,1.3635898
1.4518397,1.1513069
1.0408993,0.87777734
0.57136625,0.5580422
0.10888536,0.24845076
-0.24172221,0.0360341
-0.35092995,-0.070011534
-0.33154064,-0.12317114
-0.35364562,-0.14877349
-0.25248858,-0.15938836
-0.37231573,-0.16268551
-0.38358957,-0.1629791
-0.3505479,-0.16273087
-0.32164598,-0.16375521
-0.29866743,-0.16781974
-0.43499863,-0.17546645
-0.43193662,-0.18200451
-0.28164685,-0.16974965
-0.13575812,-0.09524255
-0.072793044,0.1143313
0.3803489,0.51454294
1.3589118,1.0184538
1.5799735,1.3721361
1.4027079,1.480556
1.174009,1.3975343
0.43988827,1.1776972
-0.053720605,0.8526586
-0.40729108,0.45179224
0.58171636,0.029400729
-0.26839858,-0.34063748
0.38390207,0.25054714
0.43850893,0.2573191
0.7341784,0.36738247
0.999687,0.54558194
1.243966,0.7547613
1.2552764,0.97735023
1.406499,1.236068
1.8408942,1.4792242
2.0980904,1.6507003
2.079173,1.7583023
1.9166228,1.8092747
1.7110666,1.8048822
1.597116,1.7429712
1.4993063,1.6174042
1.1284932,1.4155033
0.5039718,1.1253798
0.009826326,0.7566439
-0.3641993,0.3546064
-0.46307427,0.022978641
-0.5093845,-0.15385735
-0.4225726,-0.22731173
-0.3996249,-0.25962448
-0.5662572,-0.26936927
-0.31123197,-0.26591995
-0.42014974,-0.2549009
-0.33204004,-0.2401554
-0.40838704,-0.22517672
-0.4806632,-0.21372122
-0.32511082,-0.20900574
-0.2652057,-0.21055976
-0.3748709,-0.20981431
-0.31063128,-0.18348151
-0.1791152,-0.08219016
0.36360767,0.16223347
0.94505894,0.5743311
0.93414915,1.0457308
1.7071137,1.3791612
1.9312259,1.5221322
2.179299,1.5363239
1.5469583,1.4740548
0.7532985,1.3541139
1.3254386,1.176373
0.9150201,0.84625185
1.1577826,0.98294127
1.3034408,1.1740359
1.4446566,1.36094
1.698434,1.5472232
1.892561,1.7236701
2.0576155,1.8092494
1.8861945,1.8199707
1.8659283,1.7660817
1.7222526,1.6574502
1.4859353,1.5121309
1.3253163,1.341002
1.0209568,1.1422145
0.6563788,0.9086331
0.2643283,0.64122844
0.009158509,0.36990243
-0.09990898,0.16022855
-0.14450611,0.044002213
-0.10006808,-0.014122017
-0.11202063,-0.039996646
-0.07041791,-0.047144316
-0.12925203,-0.044992603
-0.08186789,-0.039654054
-0.14375237,-0.03464637
-0.14577895,-0.03202816
-0.098835476,-0.033098347
-0.10008378,-0.037445717
-0.17870101,-0.039792575
-0.061037265,-0.024928011
-0.022779755,0.039958797
0.11728938,0.20991522
0.56844157,0.52917784
1.3253601,0.9569899
1.3919462,1.3315897
1.1145116,1.5356876
1.0909021,1.5995452
0.9108584,1.5799832
0.5589071,1.5032195
0.48018807,1.3712431
0.8798449,1.1746151
1.5710955,0.9030769
0.52844065,0.56333864
0.41235685,0.7802952
0.5167026,0.8920388
0.48371398,1.0506508
0.54171574,1.226483
0.6449269,1.4194628
0.8161498,1.6242471
1.1564772,1.7415724
1.2870686,1.7711498
1.3804574,1.7242224
1.1732633,1.6163983
0.8171876,1.4716215
0.658831,1.3010657
0.6735204,1.09762
0.78798866,0.8483641
0.62515086,0.55762917
0.5673521,0.27046904
0.4482065,0.06538195
0.10157074,-0.042641856
-0.01671177,-0.09790588
-0.05201183,-0.124348514
0.01934274,-0.13467953
0.0014785264,-0.13697615
-0.025384704,-0.13600856
0.058950465,-0.13449562
0.05856047,-0.13413742
0.017538892,-0.13632083
0.0040061157,-0.14166874
0.023156999,-0.14713636
0.0117419325,-0.13954845
0.020345643,-0.08435189
0.18407646,0.08352826
0.28453565,0.43293673
0.7347159,0.93208766
1.6343247,1.3431456
2.2157795,1.5055861
2.2510712,1.4538572
2.4373693,1.2489836
2.1442966,0.929332
1.2455785,0.5257544
-0.1406801,0.08782648
-0.58724046,-0.31149888
-1.0432577,-0.5994922
0.8087648,0.8687921
1.0489783,1.0251371
1.1594306,1.225287
1.3750377,1.4167314
1.623186,1.613094
2.0192273,1.7758439
2.2639544,1.8399258
2.2692878,1.8255122
2.1941035,1.7413301
1.942261,1.6028057
1.6171443,1.430927
1.4330862,1.2333298
1.0350161,1.0042877
0.8657889,0.7380849
0.3377306,0.44869763
0.02443782,0.19054389
-0.077013634,0.02774351
-0.008106904,-0.055381127
-0.08992492,-0.096120335
-0.16137274,-0.11211557
-0.17528924,-0.11429704
-0.1301597,-0.109753974
-0.087000884,-0.102909096
-0.14457126,-0.0967404
-0.07464388,-0.09357313
-0.11448824,-0.09495468
-0.13628356,-0.100008465
-0.11927854,-0.10233802
-0.097019486,-0.08529884
-0.04969174,-0.013294436
-0.08160833,0.17243561
0.27872497,0.51350224
0.82308066,0.95307744
1.1608505,1.314177
1.108641,1.494906
0.8837304,1.5374615
0.5277448,1.4981556
0.2357546,1.398881
0.19428083,1.2377125
0.39727202,1.0035839
1.183924,0.6919868
-0.6734192,0.3307818
0.76731116,0.8298087
0.9795643,0.9367945
1.1201744,1.1066809
1.2648433,1.2740705
1.3481262,1.4301934
1.4989003,1.6030234
1.7572393,1.7138019
1.7417221,1.759028
1.7569318,1.7555368
1.6477516,1.7080833
1.5216862,1.6255589
1.3593224,1.5183518
1.2425289,1.3903823
1.0004959,1.2389847
0.6806062,1.0580604
0.41038635,0.8442955
0.31462035,0.611537
0.29768017,0.4017735
0.2922477,0.26386526
0.37457997,0.19372532
0.4377803,0.16128096
0.3954961,0.1510436
0.3831892,0.15373975
0.39815277,0.16279665
0.41376883,0.17401576
0.38991576,0.18537623
0.5065939,0.1967906
0.5207855,0.21050683
0.52733237,0.23348865
0.49258777,0.28234637
0.57551855,0.38792795
0.7487089,0.58870906
1.1669679,0.9002918
1.562949,1.2574815
1.5077702,1.5321282
1.515528,1.6826143
1.2410254,1.7359221
1.0293669,1.7218151
0.9615893,1.6568358
1.1366597,1.5432315
1.6337792,1.3742356
-0.13709885,1.1415013
0.14675474,0.14154318
0.2335766,0.14471889
0.5624328,0.25664586
0.93919456,0.43240082
1.1725233,0.63240385
1.2674366,0.8359503
1.4865588,1.0592425
1.6316161,1.3116206
2.202231,1.5234947
2.2660465,1.681217
2.156838,1.7897531
2.1335578,1.8483837
1.7797664,1.853715
1.6875532,1.80269
1.3433076,1.6899668
1.0664643,1.5038233
0.51745373,1.2331963
0.06357189,0.887985
-0.136021,0.5046718
-0.31890002,0.16743219
-0.1974366,-0.036672898
-0.31003687,-0.11994677
-0.23425323,-0.15009546
-0.25730988,-0.15246984
-0.24079134,-0.13895613
-0.11914951,-0.11791504
-0.09820947,-0.0949801
-0.07531978,-0.074024536
-0.10492049,-0.05793465
-0.17027156,-0.047946103
-0.07889503,-0.041297235
0.038889155,-0.028500132
0.034847137,0.010519676
0.32232463,0.11302041
0.9074823,0.32709286
1.127438,0.6657323
1.5122067,1.0635984
1.8627667,1.3859359
2.0782757,1.566925
2.1157124,1.6399298
1.5821611,1.6515951
2.024404,1.6277392
0.7353929,0.6364906
1.0132993,0.7284514
1.1148239,0.8926959
1.2539886,1.1037531
1.4102664,1.3303227
1.6918473,1.5781939
1.7385813,1.7492126
1.6498532,1.8222917
1.5453427,1.8171443
1.2703274,1.7475982
1.1254481,1.628315
0.96506864,1.4678243
0.79089755,1.2634962
0.527441,1.0070391
0.22205237,0.698463
-0.126134,0.36707988
-0.3442642,0.09080274
-0.30184224,-0.06385604
-0.31599873,-0.13654473
-0.26373404,-0.17014793
-0.33029982,-0.18152341
-0.28489083,-0.18063402
-0.31491882,-0.17355815
-0.3310911,-0.16412088
-0.31095496,-0.15516639
-0.30806616,-0.1492418
-0.32490894,-0.14832282
-0.271963,-0.15174687
-0.24561162,-0.15241703
-0.2604393,-0.13068786
-0.21932529,-0.043722786
0.007033339,0.17538512
0.61577827,0.5666642
0.98912346,1.0417655
1.0998466,1.388828
1.4412144,1.5326124
1.8328401,1.53076
1.9019943,1.4357653
1.5615954,1.2669134
1.2339678,1.026448
1.6772568,0.715961
1.260967,0.35713625
0.4929118,0.5510856
0.5323358,0.6107874
0.72471184,0.75779456
1.0011728,0.9569304
1.2667854,1.1712756
1.4395106,1.4069097
1.5355523,1.6254935
1.6712815,1.7578511
1.9518001,1.8176428
2.1489713,1.8166072
2.0565763,1.7626011
1.9181069,1.661213
1.6322116,1.5134437
1.5119704,1.3162428
1.3297821,1.0663954
1.1127101,0.76709783
0.70694834,0.44652373
0.21088915,0.1765871
-0.021353826,0.022336863
-0.017863194,-0.048097022
-0.06906442,-0.07827423
-0.0969494,-0.08547435
0.0015191803,-0.080668844
-0.009208921,-0.07117658
-0.08997376,-0.061391197
-0.13420227,-0.054056235
-0.028621117,-0.051116683
-0.009223235,-0.052669622
0.01150005,-0.05394966
-0.011083783,-0.041504838
0.058196455,0.012877025
0.04128501,0.15816051
0.09379214,0.43998343
0.4152587,0.8361835
0.9598187,1.221833
1.2513576,1.4677255
1.4881076,1.5730412
1.6662136,1.5941055
1.5889986,1.5685027
1.1536703,1.507633
0.41773927,1.4062086
0.82751626,1.251013
0.25929767,0.29547346
0.359058,0.30819356
0.55118775,0.42576563
0.8608771,0.60820174
1.1257408,0.8181968
1.1430857,1.0388525
1.1433778,1.2934201
1.4378856,1.5244
1.7119207,1.6831777
2.0774903,1.778734
2.0516963,1.8171046
2.0355995,1.7993342
1.8626044,1.7234199
1.5518582,1.5836608
1.4414879,1.3709035
1.1045827,1.079635
0.66004914,0.7214739
0.023974169,0.34198284
-0.121163435,0.040744
-0.31169388,-0.11436308
-0.29095805,-0.17989373
-0.2551806,-0.20712066
-0.30607647,-0.21271846
-0.381927,-0.20641029
-0.258313,-0.1942938
-0.25704643,-0.18041462
-0.21170884,-0.16823778
-0.23649725,-0.16117522
-0.27475852,-0.16097954
-0.29124546,-0.16423756
-0.2587288,-0.15898952
-0.11234888,-0.118989654
-0.12420993,0.0055590793
-0.033587374,0.27166224
0.4829891,0.67428493
0.90475386,1.0930882
1.0481819,1.3762078
1.5278136,1.5010983
1.7383872,1.5278172
2.024609,1.5025196
1.5037876,1.4403561
1.5497988,1.3369244
1.0194823,0.9432697
1.1228262,1.146647
1.3154048,1.37886
1.4711684,1.576884
1.7950903,1.7732264
1.8816539,1.8930373
1.853329,1.9165285
1.8011063,1.8650538
1.6598682,1.7480965
1.4974074,1.5864458
1.2873402,1.4001749
1.0688304,1.1936924
0.7334736,0.959286
0.29802024,0.690573
0.06473715,0.40518218
-0.023689328,0.16307664
-0.1390454,0.019235678
-0.11361934,-0.052213915
-0.12559938,-0.08458375
-0.15622504,-0.0937003
-0.146627,-0.09000162
-0.0803317,-0.080486126
-0.1041996,-0.0695645
-0.1534813,-0.060027234
-0.13799983,-0.053799696
-0.10082399,-0.051865585
-0.055279497,-0.052596487
-0.10832952,-0.0482421
-0.07607151,-0.019272082
0.08073552,0.07402342
0.109942555,0.29024825
0.5208337,0.6579033
1.0437725,1.0981358
0.9982963,1.4306049
1.2991294,1.5859237
1.6089193,1.616466
1.5724261,1.5709876
1.2271838,1.4668647
1.0623932,1.3026953
1.5262398,1.0700779
1.6759422,0.76453304
-0.4270021,0.4069236
0.9909731,1.0238538
1.221638,1.2493463
1.533038,1.4802045
1.5057133,1.67225
1.5825213,1.8535036
1.8179723,1.9284432
1.6993848,1.9060748
1.4022105,1.7978572
1.117908,1.6220752
0.91675156,1.4127516
0.69489527,1.1837232
0.6560524,0.9264749
0.51207054,0.6323455
0.23168604,0.31916878
-0.12755501,0.05414959
-0.2265905,-0.101506375
-0.262119,-0.18127748
-0.30281767,-0.22248358
-0.22889279,-0.2413716
-0.19590794,-0.24671048
-0.32049435,-0.24318033
-0.27813825,-0.23400953
-0.40702337,-0.22247168
-0.4084651,-0.21196851
-0.22028261,-0.20559353
-0.33289722,-0.20510611
-0.30242243,-0.20868728
-0.28072965,-0.20711315
-0.10400037,-0.17562038
-0.12153678,-0.06181524
0.20856965,0.20369384
0.5569905,0.6397246
1.0497943,1.1000135
1.1404839,1.3718791
0.9848721,1.4290159
0.9127965,1.3319625
0.93463516,1.1213715
0.628883,0.8145209
0.6275096,0.43153012
1.2014941,0.024518691
1.3080007,-0.32489932
-0.7787203,-0.53948426
0.8855177,1.0173497
0.99060893,1.1974239
1.1757241,1.4143038
1.4882472,1.5857464
1.6738229,1.7575748
1.863548,1.8648977
1.8374968,1.8886302
1.7879841,1.8500724
1.7819738,1.7554092
1.7152364,1.6189706
1.5631663,1.4597844
1.4728096,1.2870994
1.2279345,1.098561
0.91984224,0.8858379
0.69243336,0.64754665
0.614836,0.40929812
0.6243892,0.22667807
0.62728447,0.12508464
0.6077462,0.07617367
0.5915022,0.058183186
0.43487307,0.058938704
0.47503102,0.069531314
0.48088285,0.08368149
0.570317,0.09751838
0.65521634,0.10911789
0.5729069,0.117998056
0.6175645,0.12565473
0.61868775,0.13851327
0.5887848,0.1735653
0.6448247,0.2642186
0.83870137,0.45541358
1.0923474,0.7687092
1.4603198,1.1507635
1.3729433,1.4622319
1.1867625,1.6340432
0.8487842,1.6966398
0.5036706,1.6901782
0.2461334,1.6363649
0.0839143,1.539299
0.06372039,1.3924725
0.52858984,1.1858016
0.29523632,0.9136293
0.9662921,0.914641
1.1007866,1.0909989
1.303341,1.3118342
1.4252744,1.506427
1.6423352,1.6983125
1.9216453,1.840934
1.9168963,1.8888929
1.8777611,1.8663769
1.7328004,1.7819129
1.5721264,1.6492517
1.4024428,1.487066
1.2442341,1.3043298
0.8979624,1.0982754
0.65874434,0.8613826
0.2552054,0.59596467
0.046989456,0.33598757
0.06524971,0.14620358
-0.04010661,0.04520955
0.012450236,-0.0032632127
-0.029632306,-0.021456473
-0.0007329314,-0.021900259
-0.016463578,-0.013592459
0.075034894,-0.0025620684
-0.013825172,0.0075975284
0.004081747,0.014864348
0.10188365,0.018288232
0.0038646543,0.01899036
0.06230471,0.02328559
0.047015328,0.047804184
0.09633123,0.12631571
0.21020357,0.3097077
0.29575428,0.6280812
0.76409113,1.0323004
1.0146751,1.3764824
1.0188801,1.5682138
1.1498137,1.6380049
1.4475888,1.6358151
1.3837011,1.5869495
1.3474953,1.4949229
1.4317025,1.3509688
2.1208568,1.142056
0.9553044,0.86046976
0.38475096,0.5863625
0.54372936,0.66549087
0.7530603,0.83040303
1.1410164,1.0445462
1.2778736,1.2676682
1.411628,1.5103815
1.5648901,1.7062005
1.7130206,1.809623
2.2312627,1.8407893
2.2753053,1.8112676
2.2292511,1.7297945
2.1054983,1.6022928
1.8773434,1.429326
1.800975,1.2080629
1.5559137,0.936767
1.1278634,0.6243969
0.4909263,0.31352368
0.017121496,0.08533796
-0.14011075,-0.029581703
-0.15608403,-0.08196936
-0.19569723,-0.10185892
-0.14939786,-0.10307827
-0.086681195,-0.09504003
-0.20630403,-0.083852656
-0.13379529,-0.073378466
-0.22061032,-0.066404365
-0.1696276,-0.0647305
-0.190871,-0.06732965
-0.14230205,-0.06753413
-0.11870905,-0.049943246
-0.1662281,0.015952565
-0.051203214,0.17964646
-0.106363475,0.4752255
0.040901285,0.8626432
0.6038178,1.2172388
0.7827883,1.4362575
1.0809882,1.5309365
1.4713652,1.5548384
1.50444,1.5425916
1.6552773,1.5040382
1.1340327,1.4323112
1.2946827,1.3117014
0.25622627,0.46343315
0.3163903,0.49661112
0.2653591,0.61603194
0.31584138,0.80367666
0.53881705,1.0245099
0.82586265,1.2782973
0.9730657,1.5237317
1.1228212,1.677021
1.1569432,1.7449403
1.5386342,1.7404263
1.5810169,1.6729234
1.3991377,1.5462693
0.8724655,1.3554045
0.71223044,1.0928245
0.71243554,0.76108474
0.7132165,0.38633394
0.7286705,0.04619985
0.5800514,-0.15739763
0.15527596,-0.25119162
-0.30709168,-0.300223
-0.3914591,-0.32608047
-0.38500223,-0.3378852
-0.35716397,-0.33989704
-0.39537954,-0.3346305
-0.31188908,-0.32494622
-0.36622512,-0.31468648
-0.3894643,-0.30847296
-0.27327138,-0.31018025
-0.35794914,-0.31937253
-0.35077566,-0.32580826
-0.37076798,-0.29729387
-0.24781437,-0.16930357
-0.16390415,0.12371295
0.27116448,0.5753293
1.0577632,1.02013
1.2190807,1.2725925
1.631553,1.3298769
1.5505728,1.2577237
1.5205377,1.0954077
0.9277871,0.85364574
0.25728637,0.54062843
0.85353637,0.18915135
0.58706367,0.6917922
0.6505479,0.7866007
0.82516646,0.9528043
1.08579,1.1535406
1.3432938,1.3623633
1.3804193,1.5892466
1.7093885,1.7425299
1.991294,1.8083849
2.3366048,1.8047693
2.4279532,1.7417789
2.276489,1.6309817
2.185787,1.4804436
2.0202882,1.2901013
1.7425845,1.0553632
1.3422544,0.77546
0.81533504,0.4703675
0.37833315,0.20140624
0.06714957,0.036804013
-0.104754575,-0.042847417
-0.15893915,-0.079896264
-0.19351079,-0.09257374
-0.100104496,-0.092097975
-0.15829916,-0.08588462
-0.14911933,-0.07841704
-0.18652987,-0.07251332
-0.120763935,-0.07030881
-0.20824319,-0.072820015
-0.19727598,-0.07753349
-0.2650494,-0.07480586
-0.11660042,-0.042433612
-0.07459246,0.06291305
-0.06883212,0.2983187
0.11677585,0.67495966
0.29199117,1.0952017
1.0755904,1.396142
1.2620325,1.5342817
1.2388449,1.5656195
1.2699265,1.5371699
0.9200293,1.4648716
0.7312403,1.3444855
0.16521461,1.1626432
-0.14223729,0.9071202
0.27661198,0.4863785
0.30561286,0.5262984
0.23190363,0.65372425
0.34772345,0.8444806
0.36367205,1.0621718
0.5193573,1.3070345
0.41734564,1.5448134
0.45341718,1.6956306
0.5932978,1.7668381
0.84624577,1.77004
1.3912352,1.7126578
1.5697821,1.5982255
1.378334,1.424081
1.2118909,1.1852609
1.1741345,0.88259685
0.90541047,0.5325975
0.9304387,0.19224107
1.0165234,-0.039990567
0.6884402,-0.15005827
0.19816037,-0.20241216
-0.07712522,-0.22583851
-0.05896516,-0.23277777
-0.13129722,-0.23038489
-0.060404588,-0.22285485
-0.11728613,-0.21346384
-0.21151988,-0.20568332
-0.18867475,-0.20308238
-0.27627835,-0.20733482
0.032232527,-0.21481633
-0.04033796,-0.2128498
-0.08200649,-0.17150569
-0.08542392,-0.03405822
0.13647987,0.2566023
0.46501157,0.68052495
1.5816818,1.0881782
1.781891,1.3323624
1.7953387,1.4167668
1.9827666,1.4068829
1.7501961,1.3413054
0.8387664,1.2261987
0.2078423,1.0511576
0.7779245,0.80548906
0.31542614,0.6522428
0.37061107,0.71463025
0.5638474,0.83953106
0.7517448,1.0055238
0.96268535,1.1914134
1.1711117,1.4098594
1.4137975,1.5932997
1.6247466,1.6898357
2.0405145,1.7128805
2.1413407,1.6718334
2.167526,1.5799266
1.945008,1.4477046
1.723149,1.2741423
1.6173925,1.0514207
1.245926,0.77756405
0.7999971,0.47322214
0.33864424,0.20103118
-0.036316045,0.031248651
-0.1159838,-0.054452263
-0.17456165,-0.09826065
-0.2593158,-0.11873164
-0.23583043,-0.12687284
-0.18868351,-0.1294094
-0.22404437,-0.13007161
-0.21587943,-0.1310409
-0.15382475,-0.13408804
-0.25541738,-0.14070278
-0.24396461,-0.15004113
-0.24196501,-0.1542387
-0.15487856,-0.13008097
-0.17012967,-0.026927449
-0.06567385,0.22812164
0.35346368,0.6638751
1.0072612,1.139417
1.3378334,1.4274355
1.166271,1.4957161
0.8902592,1.4085019
0.21575566,1.2096726
-0.097730726,0.918244
-0.17567128,0.550787
0.86616796,0.14873686
-0.46674237,-0.2173122
0.9923494,0.8076113
1.2097439,0.96620655
1.2750974,1.185406
1.4696962,1.409359
1.7945077,1.6379406
1.9278551,1.8226534
2.0720644,1.8966949
1.9914125,1.8833673
1.7973385,1.7960736
1.5566207,1.6535064
1.5038669,1.4738066
1.1681226,1.2613809
0.9517245,1.0102475
0.5833113,0.71661997
0.14917935,0.39766866
-0.15736735,0.115726344
-0.25117037,-0.05526016
-0.14137024,-0.13831505
-0.13670048,-0.1778402
-0.25242934,-0.19243795
-0.21180122,-0.19264042
-0.2041179,-0.18486026
-0.19355853,-0.17328113
-0.16391696,-0.16125607
-0.15196635,-0.15184891
-0.13429381,-0.14755166
-0.08171188,-0.14868525
-0.16572393,-0.15051126
-0.19157213,-0.13922483
0.008976643,-0.08391944
0.2548985,0.07174177
0.88610476,0.38363528
1.3732557,0.8268432
1.3311741,1.23506
1.2244421,1.4630697
1.0794125,1.5292325
0.67902577,1.4965299
0.27370992,1.3964791
0.4023244,1.2335093
1.0146424,1.0009543
0.7255623,0.69627815
-1.3257538,0.3436999
1.0303026,0.9315162
1.1720991,1.1271012
1.3205334,1.3473089
1.447885,1.5424798
1.6653049,1.7434101
1.9917504,1.8683714
2.054711,1.8915877
1.9958876,1.8315034
1.679811,1.6993017
1.3980502,1.5223411
1.2038866,1.3226761
1.0141195,1.1001812
0.60252637,0.8429485
0.27057105,0.54946876
-0.12767178,0.25520098
-0.25831106,0.03697305
-0.31853002,-0.07975022
-0.3879576,-0.13867655
-0.23957592,-0.16592264
-0.31743288,-0.17460585
-0.29330665,-0.17278937
-0.29072833,-0.16543442
-0.33283997,-0.15601763
-0.30914804,-0.14733538
-0.369034,-0.14173415
-0.39967877,-0.1407626
-0.38426992,-0.14346442
-0.30321574,-0.1428363
-0.3589754,-0.11932341
-0.33066002,-0.0297736
-0.32226154,0.19371417
0.012577687,0.59350014
0.37641245,1.0741156
0.7969984,1.4091653
0.94082236,1.5273125
1.0174172,1.4868692
1.2285202,1.3367772
1.1049056,1.0964742
1.0435249,0.77450246
0.9803152,0.39131624
1.8286711,0.0012121126
0.8987651,-0.3144085
0.397168,0.78438115
0.45484602,0.8940108
0.5191947,1.0618025
0.6223672,1.2522242
0.67104465,1.469224
0.8203436,1.6814754
1.0740868,1.7896669
1.3479166,1.8002288
1.3933622,1.7251294
1.1338732,1.5882585
0.74581903,1.4148968
0.5089102,1.2085719
0.62260187,0.95685387
0.5443423,0.65354115
0.5656572,0.3225434
0.43032205,0.040350027
0.27983424,-0.12229685
-0.0017593686,-0.20393294
-0.1621008,-0.24731186
-0.097617745,-0.26920852
-0.083333805,-0.27818093
-0.14981246,-0.27889085
-0.15299389,-0.27464548
-0.17405474,-0.26839283
-0.15799148,-0.26286906
-0.15499525,-0.26073703
-0.022689207,-0.26385054
-0.06603845,-0.2702009
-0.1155283,-0.26679292
-0.11288455,-0.2153737
0.059265126,-0.045625262
0.28974685,0.3088576
1.0625923,0.8081727
2.0198169,1.20516
2.2909508,1.3313771
2.3595877,1.2063293
2.294374,0.89016557
1.3257247,0.44217217
0.054930214,-0.061920922
-0.9249002,-0.5223992
-0.7343399,-0.8544927
-1.5940106,-1.0527699
1.0630598,1.1968532
1.227484,1.4225726
1.4071499,1.638973
1.5240576,1.7867346
1.7532463,1.9113438
1.7456937,1.9437854
1.7658993,1.9043095
1.6205326,1.7978755
1.4937332,1.6316977
1.3202622,1.4363331
1.0816047,1.2334514
0.8966716,1.0223666
0.67029077,0.7923675
0.3609927,0.5412808
0.2057664,0.29981852
0.06754277,0.12609011
0.023013966,0.029649101
-0.0047822664,-0.019283317
0.010232619,-0.03908194
0.025484744,-0.041428424
0.064974554,-0.034776397
0.11995125,-0.024857081
0.10901915,-0.015224136
0.11731871,-0.00797344
0.1529396,-0.0042299405
0.12366994,-0.0035377517
0.065826945,-0.0011936203
0.13209175,0.016832374
0.22013508,0.08132561
0.23449786,0.24459055
0.52964985,0.5527263
0.9821153,0.97552824
1.120539,1.356194
1.2378325,1.5668398
1.3895236,1.6325092
1.6261054,1.6081916
1.5193979,1.5193592
1.1295362,1.3688323
0.93716365,1.1496494
0.97429883,0.8551263
1.0500497,0.4973718
-0.30605775,0.13219783
0.9952206,0.8578395
1.108049,1.0375613
1.2377952,1.2601403
1.5105286,1.4702984
1.7654318,1.6800458
1.9316672,1.8396518
1.9806889,1.8964207
1.8773465,1.874904
1.5752345,1.7864872
1.4821285,1.6476786
1.3561583,1.4768546
1.1402534,1.2807193
0.8935105,1.0541385
0.484237,0.7898998
0.14202122,0.497998
0.021891842,0.2281557
-0.1677398,0.051030092
-0.20315778,-0.03749243
-0.18480994,-0.0790237
-0.24382989,-0.09336833
-0.16133027,-0.09229577
-0.13385074,-0.083816685
-0.07525572,-0.07302708
-0.13970993,-0.063109614
-0.13941176,-0.056259207
-0.10155026,-0.053841747
-0.09371114,-0.055030264
-0.047022697,-0.053746916
-0.057138577,-0.03395181
0.0021565459,0.038071804
0.3277124,0.21748662
0.9495143,0.54474175
1.47001,0.9736842
1.2672884,1.342982
1.2797766,1.5432254
1.4464263,1.6074202
1.2584246,1.5916362
1.024993,1.5216668
1.1960009,1.3996992
1.6431727,1.2166262
1.1353029,0.9614873
-0.7488445,0.6362573
0.4008282,0.3819126
0.47687414,0.45445043
0.38657838,0.6183111
0.3072568,0.84383553
0.42489967,1.0863788
0.40847895,1.3437479
0.6933994,1.5922735
0.7034412,1.7519412
0.85064894,1.8341169
1.3097844,1.8528994
1.5134417,1.8140832
1.2362092,1.718468
1.1231828,1.5627413
0.8828552,1.341162
0.9082083,1.0504891
0.9549558,0.6991224
1.0528303,0.32773864
0.7629119,0.031248085
0.44339532,-0.12218212
0.13019443,-0.18768749
-0.052445125,-0.21455881
-0.06827933,-0.21915159
-0.07669053,-0.21109709
-0.03267098,-0.19653204
0.053705793,-0.1798068
-0.062452864,-0.16508397
-0.0008160172,-0.15646893
0.09984354,-0.15569305
-0.0049774977,-0.1588766
0.0015304037,-0.15523303
0.072740145,-0.124753006
0.0981444,-0.02992902
0.19263251,0.17779526
0.6689329,0.50324416
1.1034466,0.8725847
1.0671792,1.1722927
1.7008697,1.3477353
2.3101914,1.4257171
2.6146998,1.4540085
2.1695902,1.4618268
1.6111935,1.4564687
2.1669443,1.4303924
1.0780796,1.1371658
1.1827483,1.393574
1.3109473,1.615238
1.4993052,1.787751
1.6878463,1.9242427
1.6632487,1.9500036
1.5486674,1.8836246
1.5108788,1.729696
1.4286193,1.517318
1.2421018,1.2856579
0.9609512,1.0398566
0.6892669,0.7652737
0.4035119,0.4589587
0.07611142,0.16199848
-0.11839296,-0.046048976
-0.26180667,-0.15730974
-0.23210186,-0.21726537
-0.31189448,-0.24900422
-0.23483132,-0.26394996
-0.18290788,-0.2679229
-0.2582057,-0.2640695
-0.19205944,-0.2552495
-0.22606981,-0.24475178
-0.2170272,-0.23592392
-0.23693305,-0.23163864
-0.20056665,-0.23316255
-0.1694745,-0.23762354
-0.24913335,-0.23278421
-0.27821437,-0.18546548
-0.15503298,-0.031986035
0.1375438,0.29410124
0.7369867,0.77191454
1.0701332,1.1858977
1.1108834,1.356791
1.1571131,1.2988318
1.0646845,1.0696713
0.9828386,0.7111026
0.5087025,0.26543054
0.43992323,-0.193791
0.33459395,-0.5764184
-0.20125595,-0.81854904
-2.2351415,-0.9649693
1.2019597,1.0363551
1.4052154,1.2854382
1.7602541,1.5372672
1.9216592,1.729353
1.8540267,1.9010494
1.847595,1.9714203
1.8631366,1.9584191
1.7494124,1.8795288
1.5870035,1.7459688
1.3836594,1.5782866
1.2582992,1.3930372
0.942303,1.1942003
0.59220546,0.97533846
0.3038426,0.7288345
0.17482547,0.46659708
0.21954045,0.23838991
0.11737006,0.09762781
0.121917434,0.028409295
0.20238498,-0.0005141124
0.08240521,-0.0047045127
0.08981094,0.005268924
0.19483283,0.021732472
0.07231126,0.03958071
0.101463474,0.055801727
0.096202895,0.06881773
0.1906162,0.078246705
0.1703414,0.08621722
0.17639971,0.10115049
0.4004699,0.14379829
0.6241519,0.25262102
0.90014046,0.47420084
1.4355749,0.8199887
1.3815626,1.2138381
1.3433319,1.5086315
1.4179502,1.6580367
1.2472965,1.7038493
1.403323,1.6858408
1.2294115,1.6221883
1.5475327,1.5144906
1.5499799,1.355798
1.1492667,1.1369433
-0.52035457,0.85429364
1.2789328,1.1716194
1.582479,1.4248255
1.9467673,1.6608272
2.0462265,1.83475
2.1028764,1.9638665
1.9531069,1.9877794
1.841856,1.9340384
1.6889719,1.8083695
1.3747807,1.6271923
1.112734,1.4205403
0.78807807,1.2018839
0.36585274,0.9664273
0.17023857,0.7051047
-0.069741406,0.42578828
-0.090515,0.17735395
-0.101456635,0.01943224
-0.11277248,-0.06252096
-0.1020313,-0.10192954
-0.16143517,-0.11561773
-0.10496633,-0.11436493
-0.13400254,-0.105393626
-0.11236847,-0.093479104
-0.052875463,-0.081906624
-0.1370916,-0.07305271
-0.08572093,-0.06840665
-0.035254806,-0.06745801
-0.13709298,-0.06496418
-0.08836689,-0.046354078
0.042381972,0.020003818
0.334689,0.18877107
0.5836009,0.5086998
1.0169598,0.94578135
1.164365,1.332721
1.1487632,1.5410267
1.292403,1.5994865
1.3470966,1.5658505
1.1311759,1.4662119
1.056,1.3035493
1.1835634,1.0715894
1.5852903,0.76637495
1.188732,0.40700036
-0.7549423,0.056114726
0.84462446,0.8565076
1.1184894,1.0055273
1.4383729,1.2074063
1.7397518,1.4028662
2.0043695,1.6000357
2.1322472,1.7688966
1.8272631,1.8398993
1.8661427,1.8329574
1.7719105,1.7568022
1.5936346,1.6244864
1.3770993,1.4549286
1.1067628,1.2559614
0.9877524,1.024096
0.5803848,0.7560468
0.23136228,0.46473002
-0.18022671,0.20105714
-0.3166485,0.031394176
-0.14908296,-0.055374272
-0.130485,-0.09799323
0.05170011,-0.11496525
-0.20812188,-0.11755065
-0.2665586,-0.11307598
-0.16735606,-0.10615388
-0.105986886,-0.09997407
-0.09251242,-0.09709806
-0.24167585,-0.09914071
-0.3341598,-0.1048945
-0.27232155,-0.1074459
-0.14816229,-0.090151824
0.01296757,-0.01846356
0.3805474,0.16357923
1.0921347,0.4919924
1.6868273,0.9106661
1.6322459,1.2618965
1.4406118,1.448905
1.3464073,1.5074944
1.0813379,1.4944402
0.30932033,1.434336
-0.15928146,1.325722
0.04120459,1.1541392
0.59438115,0.9048507
-0.66722965,0.58293784
1.4914192,1.219632
1.6191416,1.546269
1.7763609,1.7679029
1.7278234,1.9542696
1.7713871,2.0061438
1.8719385,1.9273429
1.5615146,1.7353629
1.3685956,1.4783452
1.0303699,1.192248
0.6489913,0.8616742
0.45457402,0.4718852
0.25937042,0.06117203
-0.21482514,-0.25616536
-0.6112794,-0.42473614
-0.8813096,-0.52984434
-0.95628107,-0.6116467
-0.92603976,-0.67943406
-0.87554765,-0.7392962
-0.8190955,-0.79536337
-0.91671616,-0.84855807
-0.83365893,-0.8969251
-0.94594115,-0.9373436
-1.1821744,-0.9672335
-1.063197,-0.98486733
-1.1176205,-0.98831123
-1.128214,-0.9751681
-0.9866018,-0.93887454
-1.0118906,-0.8585048
-1.1075461,-0.7024586
-0.81981915,-0.44263113
-0.4527187,-0.071255185
0.32322016,0.32736775
0.6636355,0.5260609
0.59432244,0.41490513
0.23382337,0.038970776
-0.6709736,-0.47772413
-1.2157865,-0.9571285
-1.7908163,-1.2893466
-1.9634488,-1.4764068
-1.7883147,-1.5729244
-1.132275,-1.620117
-2.4677658,-1.6415784
0.3403251,0.7096339
0.68034905,0.79356766
0.8231803,0.927577
0.99847287,1.0954903
1.2692437,1.2854058
1.4317074,1.5039358
1.7002411,1.6532967
1.9609429,1.7102122
1.8307952,1.686285
1.8667629,1.5949743
1.6902232,1.4578676
1.3478982,1.2847829
1.1311039,1.0687034
0.91580564,0.80167145
0.5966415,0.4953248
0.26036137,0.20182183
-0.041334573,0.0021133497
-0.18809478,-0.101956345
-0.17440255,-0.15705478
-0.20231304,-0.18556634
-0.18908986,-0.19910365
-0.12437071,-0.20433754
-0.20703633,-0.20520383
-0.23070522,-0.20444992
-0.17265852,-0.20435914
-0.10750861,-0.2071392
-0.000107363965,-0.21436009
-0.03742467,-0.2243411
-0.18078882,-0.22652397
-0.24706426,-0.18966952
0.051468235,-0.049902774
0.5743783,0.2651769
1.515198,0.7452313
1.7908548,1.1750803
1.3326726,1.3584063
1.00343,1.3035816
0.48088747,1.07057
-0.27507177,0.7055819
-1.0132589,0.2554757
-1.1567355,-0.20332238
-0.43132532,-0.58397347
-1.7133056,-0.82568586
0.434767,0.5454974
0.40706062,0.5902296
0.5253068,0.72309977
0.65979546,0.9087267
1.0256603,1.1114784
1.1488171,1.3335007
1.3108305,1.5527587
1.5650084,1.6937208
1.8100185,1.7636476
2.0441666,1.77265
2.2382123,1.7262436
2.327001,1.6279712
2.1662297,1.4773173
1.9396516,1.2722754
1.6913955,1.0144119
1.4279987,0.7113168
1.1182889,0.39510322
0.4578209,0.14092186
0.033031926,0.0015371069
-0.098021865,-0.064347185
-0.13885547,-0.09398282
-0.10277378,-0.10300473
-0.07630644,-0.101612456
-0.07619409,-0.096317895
-0.082979724,-0.09110332
-0.12281843,-0.088850476
-0.13370046,-0.091659464
-0.17342329,-0.09892032
-0.084798776,-0.10422412
-0.15599354,-0.09229655
-0.112270236,-0.03241975
-0.19106662,0.12661377
-0.0050759986,0.42198694
0.09890094,0.8116884
0.7488304,1.1660359
1.0598108,1.3815151
0.9590407,1.4709468
1.2322681,1.4905379
0.9817122,1.4750366
0.69890887,1.4323556
0.094785586,1.3530312
0.68485993,1.2191268
1.0714915,1.1556754
1.2435528,1.3831332
1.3951635,1.6019242
1.6423112,1.7584486
1.7668269,1.8954513
1.6306242,1.936831
1.61415,1.9000955
1.5140556,1.791129
1.4147799,1.6200564
1.246899,1.4197257
1.0137527,1.2102542
0.740903,0.9881561
0.5179781,0.74181455
0.27829757,0.47394276
0.023953898,0.22643712
0.022170803,0.060080223
5.625145e-05,-0.02947808
-0.051567517,-0.07472695
-0.02488217,-0.09314161
0.0047162697,-0.09586125
-0.063259535,-0.0904528
-0.011831509,-0.08185797
-0.051501494,-0.073320515
-0.023563577,-0.06706915
-0.04481341,-0.06455616
0.0092834765,-0.065654285
0.015193854,-0.06606341
-0.09053236,-0.05252827
0.030337876,0.0051622465
0.09085757,0.16171288
0.34509477,0.47274077
0.8051401,0.91561496
1.1003699,1.3190453
1.1434349,1.5351484
1.2632455,1.5877194
1.4111016,1.5361362
1.4168403,1.4072918
1.0774256,1.2051421
0.89226085,0.92609155
0.9420308,0.57528126
1.0648856,0.19256449
0.06313928,-0.1405839
0.72594,0.70711964
0.86664075,0.8263265
0.9915055,0.9893713
1.3460686,1.1860118
1.6955595,1.4026803
1.8349669,1.6283138
1.6799511,1.7558285
1.6330562,1.7830362
1.6057553,1.7245469
1.3476986,1.6010362
1.1566211,1.4362744
0.6789888,1.2356483
0.3843759,0.9876784
0.13074197,0.6857289
-0.30416918,0.3533939
-0.44209558,0.06524398
-0.6960268,-0.10393021
-0.5936496,-0.18806207
-0.5476263,-0.2323977
-0.6172549,-0.2546655
-0.6111023,-0.26393673
-0.6764342,-0.2650152
-0.6315172,-0.26106706
-0.6249343,-0.25494576
-0.72013307,-0.2494291
-0.5943977,-0.24725613
-0.6148405,-0.2504419
-0.6510256,-0.25768796
-0.56745577,-0.25867927
-0.55255026,-0.22163379
-0.44716838,-0.081777625
0.14236772,0.2332238
0.978278,0.7171651
1.1129961,1.1583439
0.9902612,1.3509903
1.3483946,1.2960691
1.5712892,1.0522741
1.1059223,0.6695313
0.82928884,0.20117015
1.1124308,-0.26950002
1.5780983,-0.6521636
-0.097631104,-0.8920114
1.0544686,1.052345
1.1831754,1.2746058
1.492078,1.5077616
1.7887155,1.6935285
1.8773801,1.8661282
1.8150642,1.9361384
1.8133901,1.9153326
1.6915864,1.8151214
1.5374088,1.6489849
1.41997,1.4478543
1.196824,1.2286907
1.0143653,0.9871056
0.53257585,0.7140155
0.14789425,0.41781682
-0.12927493,0.14915359
-0.25455475,-0.023723908
-0.23456356,-0.11332134
-0.24340908,-0.15839535
-0.26953122,-0.17746484
-0.32716978,-0.18123734
-0.29405552,-0.17618728
-0.26820758,-0.16653013
-0.26491106,-0.15567043
-0.30696723,-0.14664176
-0.32060307,-0.14191043
-0.23734763,-0.14234033
-0.2753121,-0.1448803
-0.21406572,-0.13889486
-0.11355948,-0.09902767
-0.0018877031,0.025148861
0.33342555,0.29723504
0.8612939,0.723912
1.0185144,1.1629143
0.9868431,1.4293278
1.1418309,1.5106124
1.1829914,1.4702184
1.0700365,1.3454032
0.74663794,1.1444979
0.8010651,0.8652899
0.98176247,0.5157343
1.1219527,0.13964945
-0.3370164,-0.18011978
0.4430114,0.54152775
0.60699797,0.61008507
1.2161357,0.7576827
1.2858073,0.96584237
1.2920238,1.1990752
1.5932105,1.462417
1.8729761,1.6785398
1.969085,1.7931333
1.8895116,1.8257287
1.8528847,1.7916058
1.5429318,1.7035817
1.4286904,1.5694866
1.1719638,1.3874086
0.94190645,1.1471457
0.74574685,0.8424449
0.2958112,0.49173725
-0.052803244,0.16090727
-0.29508683,-0.053394847
-0.2893921,-0.15241745
-0.2529509,-0.19860426
-0.27174753,-0.21713737
-0.29533067,-0.21978816
-0.22663741,-0.21366918
-0.25418195,-0.20318139
-0.2755275,-0.19152743
-0.30205527,-0.18153495
-0.35044545,-0.17585975
-0.24739732,-0.17578262
-0.2232341,-0.17793477
-0.1566398,-0.16903567
-0.17240584,-0.116281696
0.12403189,0.041920476
1.2979327,0.37030014
2.0263436,0.8484168
1.8315736,1.2816975
1.913314,1.5070903
1.8129079,1.5488797
0.7560682,1.4718491
0.059994124,1.3093565
-0.22347829,1.0722055
0.7678364,0.7659975
-0.83595073,0.40986574
0.38950342,0.64966774
0.57280403,0.7116485
0.74381316,0.8320335
1.0409951,0.99202514
1.235696,1.1713161
1.3346138,1.3824114
1.6394035,1.5668433
1.9377156,1.6675218
2.130872,1.6968367
1.9766897,1.6639032
1.9046704,1.5812522
1.6436741,1.4595315
1.3943613,1.298272
1.174303,1.0893275
0.75517577,0.82858944
0.25656623,0.5324493
-0.095681116,0.25709578
-0.2152519,0.075599186
-0.2091724,-0.01749105
-0.17649965,-0.065648265
-0.19070458,-0.08906103
-0.15564495,-0.09938807
-0.24407616,-0.10395888
-0.10551275,-0.106748976
-0.16809386,-0.109826155
-0.24603909,-0.11468733
-0.2129324,-0.122609384
-0.2340297,-0.13271931
-0.116250284,-0.13709226
-0.121161066,-0.11204255
-0.09544232,-0.0061949715
0.025495106,0.25386333
0.42630646,0.6958102
1.2904408,1.1727083
1.5740471,1.4556389
1.3653992,1.5177053
1.1009109,1.4240901
0.40666103,1.2177985
0.05184584,0.9182265
0.13978775,0.54297507
1.0852033,0.13468969
-1.2260118,-0.23566917
1.3234646,1.2902045
1.5152915,1.5291728
1.7018926,1.740395
1.6369672,1.8750346
1.6133647,1.9669404
1.5597534,1.9711037
1.4453988,1.9137559
1.3609744,1.7960094
1.264196,1.6250112
1.1602297,1.4294181
0.9803657,1.2287116
0.760808,1.0227845
0.53014493,0.80263466
0.3214484,0.56612927
0.2429404,0.33989048
0.2926795,0.17557535
0.24412923,0.08357259
0.2608234,0.037736394
0.25949743,0.020904787
0.2230644,0.021897458
0.2934919,0.032260768
0.31614795,0.0459195
0.2588341,0.05897128
0.376267,0.069345854
0.3513431,0.076492764
0.30976588,0.08193203
0.36588457,0.09171971
0.34956816,0.121192835
0.409159,0.20091772
0.5911702,0.37488002
0.91944706,0.6683931
1.2184653,1.041142
1.159706,1.3668432
1.2026048,1.5595963
1.1495833,1.6398665
1.1282835,1.65047
1.1476531,1.6164091
1.1320744,1.5424013
1.2433066,1.4193842
1.5730659,1.2323425
1.2368995,0.9700084
0.27105543,0.6417588
0.09855949,-0.09878739
0.18575862,-0.14300027
0.3910195,-0.1072712
0.62885493,-0.00215853
0.88762385,0.12186623
0.8048007,0.2426297
0.6117324,0.34504253
0.53900003,0.3573273
0.2970861,0.27072746
0.06275128,0.10677945
-0.16223656,-0.13019466
-0.52419007,-0.440175
-0.82163304,-0.7940396
-1.2723999,-1.1302638
-1.4959527,-1.3810356
-1.5616511,-1.5249836
-1.6768872,-1.5977354
-1.7350268,-1.633785
-1.7587496,-1.6515009
-1.7402736,-1.6599848
-1.7679461,-1.6632556
-1.8514409,-1.6626794
-1.9320291,-1.6582043
-1.9160783,-1.6487908
-1.9522725,-1.6323767
-1.9183654,-1.6058736
-2.001492,-1.565649
-1.9519019,-1.5077072
-1.9909508,-1.4264629
-1.8934355,-1.3151976
-1.6117948,-1.1733692
-1.1762596,-1.0135555
-0.8573232,-0.8616495
-1.0304258,-0.7568129
-0.8885891,-0.73077184
-0.58420837,-0.785372
-0.61438006,-0.8963292
-0.9818065,-1.0320609
-0.8670024,-1.1674387
-0.46759897,-1.285295
-0.34894657,-1.3768373
-2.589404,-1.441967
1.1899917,1.1934147
1.2930489,1.4439223
1.4620532,1.6701286
1.67036,1.8244107
1.8355726,1.9445117
1.7864584,1.9681017
1.7232062,1.9205472
1.566325,1.8072383
1.4448406,1.637397
1.1917692,1.4391868
1.0744119,1.2309642
0.822624,1.0117056
0.48500332,0.7723659
0.2277382,0.51442415
0.044380527,0.27333868
0.012857066,0.10675139
0.037599225,0.01674392
0.027226381,-0.027682252
-0.011107859,-0.044060208
0.03614551,-0.043659218
0.023299562,-0.03463336
-0.014456543,-0.022632606
0.05139278,-0.011380337
0.11727548,-0.0032023564
0.07515798,0.0008679107
-0.012724514,0.0020032749
0.053781047,0.005936198
0.10335367,0.026951365
0.07659021,0.09430551
0.21618892,0.25497234
0.6261545,0.54308975
1.1600009,0.9259715
1.3161535,1.2791488
1.1657009,1.4947503
1.4285535,1.585667
1.7406069,1.6024255
1.6211199,1.5746267
1.2039536,1.5077529
0.90344334,1.3916848
0.918729,1.2093695
1.2497196,0.94728565
0.41294262,0.6146391
0.27164933,0.32414296
0.21224268,0.3536849
0.2190997,0.48059624
0.46100968,0.6765976
0.61449575,0.90335584
1.0982952,1.1501111
1.320744,1.4208177
1.5615973,1.6235955
1.6173117,1.7433295
2.0123978,1.7953787
2.4311461,1.7879193
2.3418603,1.7229025
2.35982,1.5967627
2.0421076,1.3993107
1.9194634,1.1194415
1.5515558,0.7605856
1.1423056,0.35897407
0.5542672,0.01102414
-0.18574868,-0.18334702
-0.5494144,-0.2676062
-0.53661144,-0.30927858
-0.55722344,-0.32816723
-0.61038035,-0.3329475
-0.5260268,-0.32814047
-0.5188424,-0.3167655
-0.51928204,-0.302171
-0.5504129,-0.28865525
-0.48302147,-0.2810192
-0.5112389,-0.28206387
-0.48427078,-0.28823668
-0.4617609,-0.28370523
-0.53019917,-0.22800866
-0.29685068,-0.052493043
-0.21271282,0.29550368
0.11255721,0.76978284
1.0348713,1.1798779
0.88007814,1.3943524
1.2578561,1.4465796
1.2846845,1.4024187
0.8088976,1.293649
0.061527856,1.1243953
0.3394012,0.8886044
0.31234273,0.24368459
0.2488853,0.24486998
0.4521266,0.3427806
0.77349955,0.51039416
1.0284078,0.7121492
1.2878292,0.92897844
1.3675172,1.1807504
1.631233,1.4319103
2.0046124,1.6172006
2.441512,1.740557
2.4026911,1.8099039
2.187848,1.8272861
1.9328717,1.7921507
1.8257823,1.7019782
1.5677547,1.5477276
1.1450909,1.3132958
0.7090239,0.9944496
0.044696502,0.6150421
-0.13422467,0.24394524
-0.23303792,-0.015527517
-0.2663387,-0.13359308
-0.39789686,-0.1806933
-0.14837502,-0.19527331
-0.22674851,-0.19116661
-0.25093523,-0.17734692
-0.22176881,-0.15961105
-0.26524642,-0.1416747
-0.1757254,-0.12625298
-0.19081858,-0.115500934
-0.12153363,-0.109723486
-0.14291939,-0.10374404
-0.10245351,-0.08120308
-0.04591073,-0.0056916103
0.16734785,0.18381387
0.76210165,0.53809386
1.434316,1.012403
1.5729369,1.4138267
1.8598024,1.6196375
1.8767503,1.6706722
1.8179827,1.626523
1.1745853,1.5150964
0.7335614,1.3444581
1.011427,0.7648425
1.0759041,0.92513597
1.2916318,1.1301291
1.3987428,1.3514104
1.6597891,1.5817411
2.0179667,1.7818834
2.016527,1.8707621
1.9152324,1.8698099
1.8038547,1.7957532
1.5922722,1.6678166
1.3910378,1.5051486
1.186398,1.3140206
0.8789952,1.0861375
0.4244105,0.810434
0.08287863,0.4973408
-0.20816278,0.20204347
-0.20977469,0.006636597
-0.25192556,-0.08878303
-0.31665513,-0.13378564
-0.2945003,-0.150789
-0.32870194,-0.15179369
-0.24994719,-0.14453414
-0.2985396,-0.1338326
-0.32067236,-0.12281657
-0.34808564,-0.11374954
-0.32371536,-0.1084005
-0.31809115,-0.107374854
-0.33565214,-0.107484944
-0.22180988,-0.09665436
-0.24520245,-0.045150124
-0.12287931,0.10376068
0.4769221,0.41524738
1.087978,0.8816997
1.3022054,1.322365
1.3327293,1.5598464
1.533357,1.6112013
1.554859,1.5411987
1.1975257,1.3833028
0.8851352,1.1489906
1.0177375,0.84367204
1.5532719,0.48232424
0.20678636,0.10826629
1.3555868,1.2857187
1.528485,1.5824788
1.733602,1.7944963
1.6787031,1.9633286
1.6949577,2.0245767
1.6117395,1.9752171
1.3919559,1.8280348
1.2872318,1.6021142
1.0734143,1.346705
0.8797621,1.0748584
0.5623177,0.76990265
0.1356508,0.42710257
-0.20452128,0.090668194
-0.41573232,-0.14527765
-0.59631824,-0.2693203
-0.6734426,-0.34118557
-0.66752553,-0.3876406
-0.6782464,-0.41898948
-0.61094946,-0.43907908
-0.6331786,-0.44921777
-0.6632741,-0.45069805
-0.73110884,-0.4459371
-0.7208046,-0.4385454
-0.59348005,-0.43295056
-0.64991397,-0.43373686
-0.71800864,-0.44339296
-0.65863097,-0.4563517
-0.67189425,-0.4459685
-0.6697415,-0.35453036
-0.48309132,-0.116261326
-0.18712309,0.2971519
0.3481189,0.7695173
0.6793474,1.0424461
0.5595191,1.0186088
0.6966077,0.7361406
0.5813672,0.26540852
0.5990566,-0.28935263
0.36800236,-0.78857106
0.39038223,-1.1235193
0.5984316,-1.3154037
0.7492672,-1.4347947
-0.8076941,-1.50962
1.0964026,1.0612496
1.3190144,1.3054152
1.511359,1.5503911
1.7591077,1.7512923
1.9089736,1.9217386
1.773276,1.9760699
1.7300724,1.9370508
1.5616363,1.815905
1.4645582,1.6345985
1.3428453,1.424101
1.0652676,1.1944549
0.80245614,0.93721867
0.48227155,0.64388347
0.1463317,0.3306213
-0.074132524,0.06287106
-0.0755717,-0.09513018
-0.06246915,-0.17479873
-0.07023791,-0.2145366
-0.14493597,-0.2309221
-0.1745401,-0.23313606
-0.08982039,-0.22640634
-0.044199858,-0.21441466
-0.09140111,-0.20062289
-0.112611815,-0.188348
-0.064149685,-0.18040279
-0.10988596,-0.1780864
-0.1699581,-0.17882371
-0.1502285,-0.17208451
-0.017348478,-0.13120118
0.061952595,-0.002316095
0.17671594,0.28268027
0.6345064,0.73319
0.8746588,1.1879158
0.88643384,1.4470181
1.0791998,1.5018525
1.0269614,1.4154618
0.9557545,1.2262063
0.74569863,0.94909143
0.9308288,0.5965028
1.1223991,0.20360678
0.46800083,-0.16175447
-1.9304171,-0.41604465
0.38215485,0.48072362
0.30756012,0.52606845
0.42843908,0.6650667
0.62416077,0.86658746
0.8928511,1.0925211
1.0489126,1.3447503
1.2944944,1.5827032
1.4036355,1.7280927
1.6924442,1.7911359
2.1073222,1.7838389
2.3755672,1.7146168
2.3770654,1.5874604
2.2024763,1.3993846
1.9445347,1.1458392
1.6084253,0.8289756
1.3049264,0.4674977
0.92436767,0.12478187
0.14653347,-0.09694042
-0.43399757,-0.1997717
-0.3389114,-0.25018772
-0.39224908,-0.27384633
-0.34792432,-0.28179255
-0.44052047,-0.279934
-0.43098608,-0.27174902
-0.47517976,-0.26042742
-0.45985702,-0.24979126
-0.4733386,-0.24408716
-0.43717784,-0.24603334
-0.41279313,-0.25326428
-0.35552573,-0.25428227
-0.37452507,-0.21966174
-0.4091238,-0.091490604
-0.27801627,0.191657
-0.07513105,0.61959684
0.604614,1.0453728
0.88677293,1.3065181
0.9516993,1.3972783
1.225638,1.3840735
0.91657823,1.3087138
0.48242208,1.1793398
-0.113251895,0.98732793
0.34981072,0.7255967
0.95569676,1.0302987
1.1501219,1.2468004
1.3393676,1.4748096
1.5774964,1.6625078
1.7454078,1.8423547
1.9101475,1.9205921
1.813371,1.9039619
1.7148243,1.8039216
1.6520203,1.6354036
1.4080487,1.4308102
1.0660719,1.2060835
0.9158947,0.9551121
0.65332186,0.66963655
0.29927167,0.36311033
-0.0024193265,0.09476852
-0.29859155,-0.069643416
-0.26884,-0.1542942
-0.34909916,-0.19766656
-0.34682283,-0.21713609
-0.33454615,-0.22235063
-0.3884688,-0.21869317
-0.38814375,-0.20974016
-0.34762627,-0.198823
-0.42591763,-0.18927166
-0.47472268,-0.18403092
-0.44758314,-0.18454164
-0.45186618,-0.1884237
-0.42454514,-0.18582037
-0.3544482,-0.1518169
-0.26377633,-0.03503371
-0.13415688,0.23123443
0.52083147,0.66018254
0.9260617,1.1087706
0.9968879,1.3789184
1.1673238,1.4501731
1.4923222,1.3848397
1.6122288,1.2217665
1.1347572,0.97196174
0.59844613,0.6411092
0.6308667,0.25820073
0.65657264,-0.10884116
-0.4585643,-0.36985976
0.9462562,0.9125366
1.074067,1.1061807
1.0019778,1.3149891
1.134319,1.5068786
1.4579743,1.7097579
1.675933,1.8375212
1.6221297,1.857734
1.348561,1.7860063
1.1274493,1.6363368
0.84084445,1.4429214
0.84142566,1.2269309
0.718017,0.98197794
0.5670779,0.69560003
0.24382211,0.37935513
-0.11379259,0.094022684
-0.23336914,-0.084772445
-0.2787448,-0.17677566
-0.22556645,-0.22583526
-0.27329972,-0.2509078
-0.41701794,-0.2616893
-0.34626165,-0.26308316
-0.29950958,-0.25806147
-0.29383922,-0.24954942
-0.41577518,-0.24073872
-0.46303445,-0.23477808
-0.48415312,-0.234166
-0.49116468,-0.23903057
-0.5014848,-0.2436367
-0.31453085,-0.22876963
-0.28152546,-0.14783418
-0.24754816,0.07154467
0.35221383,0.47508538
1.0990362,0.9626368
1.395345,1.2872611
1.4172363,1.3632569
1.3843402,1.240133
1.3928139,0.9692801
0.6939642,0.58571804
0.54367185,0.13690072
0.9915712,-0.2975261
0.9461624,-0.6302624
-1.4761828,-0.8251809
1.016972,0.81570244
1.1798568,0.99246395
1.2926065,1.2268951
1.4033614,1.4473815
1.6657751,1.6449156
1.7576455,1.8182452
1.6566886,1.897618
1.6576765,1.9091687
1.5847683,1.8691092
1.5085108,1.7870108
1.4381096,1.6730967
1.2698016,1.5350462
1.0546854,1.3760861
0.7886423,1.1952848
0.5784101,0.9886527
0.5278512,0.7565583
0.576604,0.5193682
0.59819406,0.3248857
0.5712996,0.21285164
0.5540448,0.16322073
0.62329125,0.14821666
0.69471055,0.15432906
0.7948532,0.1725426
0.7932005,0.19635624
0.7770951,0.22166258
0.6676616,0.24688703
0.62746257,0.27262425
0.6011858,0.30094594
0.5682556,0.33636475
0.6138006,0.38983858
0.67418516,0.48279864
1.0061529,0.6435983
1.4020883,0.8857527
1.4008787,1.1641853
1.618045,1.3950814
1.5636653,1.5474406
1.6431874,1.6301105
1.4474276,1.6582376
1.4900674,1.6511288
1.7218488,1.6250362
1.9082206,1.5864711
0.096467204,1.5320666
0.1259022,0.34728748
0.25634602,0.36642122
0.13786903,0.4796425
0.1275976,0.66900927
0.010278135,0.8973832
0.21714558,1.1628864
0.07259968,1.4335631
0.6268394,1.6116389
1.1056916,1.6988693
1.4531039,1.7144951
1.3278724,1.6708219
1.1647582,1.570055
1.0084686,1.4022006
0.9584545,1.1486948
0.80758643,0.8008521
0.8378753,0.38423604
0.65852946,-0.020301402
0.2972427,-0.28070778
-0.20342876,-0.40152365
-0.5233358,-0.47271088
-0.42873117,-0.521332
-0.4971249,-0.5546143
-0.49847552,-0.57549566
-0.5435143,-0.585589
-0.5175744,-0.5868371
-0.5322941,-0.5825986
-0.5860629,-0.57810706
-0.57049644,-0.579828
-0.4180849,-0.5913325
-0.58055454,-0.60383296
-0.4401982,-0.5829925
-0.32277974,-0.4684695
-0.22870095,-0.20116296
0.5598494,0.2426176
1.5159659,0.7574699
1.5180036,1.0965852
1.8413599,1.1849682
1.7737451,1.0806559
1.4977053,0.83696985
0.5322489,0.488253
-0.33372298,0.07622718
0.15596426,-0.33586785
0.9492812,0.8339593
1.1919272,0.99761355
1.3375448,1.2125354
1.6003582,1.4276991
1.8201154,1.6502137
1.9072144,1.821527
1.885665,1.8826213
1.8128965,1.8552839
1.6977255,1.7517374
1.5303576,1.5934297
1.3265268,1.3998315
0.95780957,1.1731546
0.63592535,0.9060241
0.20923516,0.5987381
-0.09456761,0.2806988
-0.2566709,0.029092602
-0.3588292,-0.1082323
-0.2946675,-0.17647436
-0.31394628,-0.20961037
-0.34644705,-0.22236326
-0.1859227,-0.22308668
-0.25844532,-0.21655786
-0.34463605,-0.20621523
-0.37966967,-0.19535616
-0.34952918,-0.18727943
-0.29983377,-0.18467277
-0.2500068,-0.18776256
-0.28774765,-0.19131264
-0.35660708,-0.17994425
-0.16183877,-0.11812667
0.13364786,0.05648277
0.9008985,0.3972572
1.3130529,0.85886097
1.267249,1.2478242
1.55619,1.4377174
1.5611088,1.4647093
1.1156323,1.3885874
0.5011283,1.2345124
0.64583135,1.0043945
0.9145592,0.69741833
0.100210294,0.33545357
-2.056899,-0.01886516
1.1835307,1.2257395
1.4581007,1.4970522
1.6438439,1.7253077
1.8304856,1.8933008
1.8334227,1.9973598
1.7834997,1.9977088
1.7121097,1.9204981
1.5876511,1.7690442
1.3445482,1.5668268
1.1552454,1.3459873
0.92120093,1.1149883
0.75958973,0.8647042
0.20614089,0.58770293
-0.0667809,0.30534887
-0.13491754,0.082669355
-0.212707,-0.04408119
-0.23117234,-0.1093887
-0.3090724,-0.13982761
-0.28921562,-0.1491746
-0.26311314,-0.14628047
-0.3075626,-0.13682315
-0.30587727,-0.12479509
-0.20662165,-0.113337554
-0.3475226,-0.10491637
-0.21432954,-0.10099698
-0.20794609,-0.100676544
-0.22482671,-0.09780047
-0.27348992,-0.075880684
-0.22182877,0.0008990541
-0.11853932,0.19240913
0.14596984,0.54535455
0.5345537,1.0038366
0.91293794,1.372154
0.9677711,1.5438464
1.1959558,1.5645137
1.3714777,1.4881676
1.532327,1.3354808
1.5825597,1.1082549
1.352118,0.8047037
1.3212283,0.43921542
1.6963269,0.0656231
0.44803163,-0.22814083
0.6137829,0.75540906
0.81515443,0.8497002
1.0515196,1.0073551
1.2640096,1.1824341
1.3905021,1.3577205
1.559766,1.554793
1.8636944,1.6924953
1.9227382,1.7535098
1.8627229,1.7550161
1.819293,1.7039651
1.6374323,1.6114328
1.4527032,1.48826
1.2427555,1.336766
0.99508625,1.1517894
0.595522,0.92688584
0.3400346,0.6668323
0.1289181,0.4071213
0.048704058,0.21215737
0.040626865,0.10665422
0.064227656,0.054432325
-0.022049958,0.031408392
0.07091228,0.025087051
0.09990465,0.026594095
0.06711864,0.030222751
0.06601062,0.032969303
0.042561736,0.033417545
0.15251012,0.031086646
0.15159586,0.028084002
0.16344367,0.03390073
0.1834539,0.07273915
0.29204744,0.19043368
0.35106117,0.44253826
1.0074862,0.83507514
1.5387633,1.2546532
1.5481253,1.5331845
1.5180961,1.6490393
1.2958468,1.6589377
0.84304106,1.6006858
0.57389003,1.4854567
0.5941768,1.3099308
1.3995085,1.0659502
0.06773182,0.7510891
1.0544795,1.1447936
1.3220904,1.4205203
1.552855,1.6538634
1.8926629,1.8362341
1.8736538,1.9660254
1.7677735,1.983038
1.6878598,1.9117785
1.6015415,1.758932
1.4303746,1.5521559
1.1671451,1.3239541
0.8985816,1.0790446
0.57185256,0.80534977
0.28286716,0.49984813
-0.09559576,0.199076
-0.3499229,-0.018132009
-0.31012887,-0.13359487
-0.3837718,-0.19353744
-0.406019,-0.22305217
-0.32734132,-0.23444304
-0.34836364,-0.23449099
-0.36224148,-0.22705656
-0.30579162,-0.21536633
-0.3515391,-0.20285165
-0.39479372,-0.19285804
-0.435395,-0.18797117
-0.37844715,-0.18859494
-0.35688877,-0.19034135
-0.3770594,-0.17933708
-0.37091377,-0.12220655
0.084148414,0.04237195
0.70071816,0.37498683
1.2705855,0.84548837
1.1485752,1.2519174
1.2104783,1.4432209
1.54298,1.4476652
1.374605,1.3239129
0.97107834,1.0999777
0.6080516,0.7862109
0.71890116,0.40163565
0.8300101,0.00065038353
0.16360512,-0.33208668
-1.6130942,-0.52497816
1.1361774,1.1503463
1.2098458,1.3736172
1.5245382,1.5930896
1.8492672,1.7684836
1.9661715,1.910826
1.921797,1.9430559
1.9524864,1.884033
1.8234446,1.7380408
1.6114945,1.5316067
1.5137557,1.3022873
1.3486223,1.0559506
1.0530587,0.78104997
0.66058385,0.4757462
0.32382202,0.1740365
0.109367914,-0.046189047
0.01591835,-0.1660434
-0.0573948,-0.23080799
-0.13305075,-0.26579306
-0.12545264,-0.28303608
-0.067715995,-0.28853652
-0.07086119,-0.2855248
-0.113974065,-0.2769645
-0.08357426,-0.26629883
-0.0763826,-0.25712734
0.069176495,-0.25269344
0.073587455,-0.25459874
-0.08159187,-0.25998127
-0.043867778,-0.25585532
0.008455213,-0.20673078
0.0069146906,-0.046667464
0.16963552,0.28815293
0.5761705,0.76695853
1.4996573,1.1691757
1.676502,1.3285525
1.2773811,1.2646147
0.5781722,1.0342962
-0.3689158,0.6783207
-1.2172054,0.2400673
-1.5632025,-0.2061238
-1.5972849,-0.5719032
-1.0291523,-0.7982439
-1.2317541,-0.93406904
1.491777,1.3236681
1.561063,1.6217076
1.8337868,1.8302284
1.7827958,1.9917252
1.6348633,2.0366817
1.5795778,1.9725854
1.4521781,1.8094047
1.3702036,1.5709463
1.2499624,1.3086631
0.9380088,1.0294923
0.5900766,0.7144599
0.2668418,0.3630905
-0.09283127,0.03039255
-0.3664972,-0.18887955
-0.4662302,-0.30449113
-0.36627752,-0.37513998
-0.4951893,-0.42343777
-0.50868636,-0.45783028
-0.48990554,-0.48122346
-0.55971,-0.49478263
-0.5669735,-0.49994412
-0.54250205,-0.49919033
-0.5260525,-0.49605894
-0.597367,-0.49487817
-0.5220202,-0.5001214
-0.5747004,-0.51351166
-0.56595135,-0.5259352
-0.4942566,-0.5033403
-0.3931654,-0.38626182
0.08472132,-0.11829854
0.5536784,0.3123951
0.7647774,0.7560152
0.64091575,0.95564556
0.5722223,0.8354049
0.40240017,0.44407684
-0.03557246,-0.11725034
-0.34164172,-0.6892225
-0.52798617,-1.110162
-0.27951512,-1.3457817
-0.2513368,-1.4769915
-1.0447037,-1.552185
-2.9300244,-1.5934379
0.74454665,0.7370069
0.9612199,0.86065924
1.0207816,1.0618802
1.144421,1.2853671
1.3955196,1.5082077
1.5638218,1.7214241
1.6818101,1.8332188
1.429925,1.8561397
1.4958152,1.8030381
1.3275688,1.6843483
1.1603458,1.5130358
1.0080932,1.2952396
0.8234302,1.0329683
0.61912787,0.7323154
0.27688393,0.41025323
-0.035441432,0.12012919
-0.117944434,-0.0623611
-0.14128701,-0.15249145
-0.21815172,-0.19685227
-0.21202746,-0.21554646
-0.18729049,-0.21935624
-0.1948154,-0.21442932
-0.17610537,-0.20468381
-0.11642487,-0.19391903
-0.20476031,-0.18640065
-0.21441755,-0.18550563
-0.20159166,-0.19097906
-0.14519183,-0.19671929
-0.19203953,-0.18933779
-0.13286865,-0.14210168
-0.042030685,-0.00785283
0.22767985,0.2529638
0.7801636,0.6098364
0.90933174,0.9554291
1.0950588,1.1890326
1.4080817,1.3019156
1.6272117,1.3432678
1.4899737,1.352397
1.2148968,1.3414793
1.1038988,1.3032795
1.4481366,1.2203786
0.5031613,1.0742722
1.0366968,1.1525025
1.1410345,1.411611
1.4427068,1.6384138
1.6076678,1.8239114
1.8783017,1.952055
1.8767786,1.9618883
1.7714713,1.8739609
1.6857697,1.6960243
1.5199364,1.4674284
1.274233,1.2198037
0.9996446,0.94788146
0.8022462,0.6391084
0.5472177,0.3045488
0.14586815,0.007627256
-0.25376698,-0.17439467
-0.40414602,-0.2704001
-0.5577386,-0.32653904
-0.45990804,-0.36100596
-0.5100296,-0.38169453
-0.63127077,-0.3915976
-0.54636896,-0.39223897
-0.5680682,-0.38580886
-0.54796034,-0.37567872
-0.6185053,-0.3659771
-0.58616185,-0.36102912
-0.6595293,-0.36402342
-0.74069846,-0.37358856
-0.6655197,-0.3758524
-0.7385613,-0.32916036
-0.6490698,-0.16400501
-0.53951824,0.17739958
-0.009097019,0.65949535
0.5173678,1.0539216
0.40339294,1.1820987
0.6563009,1.0531743
0.72408307,0.7231977
0.72856057,0.2545777
0.6178111,-0.26145697
0.33455017,-0.7124853
0.34653294,-1.0137354
0.4642789,-1.1965709
-0.79391074,-1.3230288
1.1000649,1.0239393
1.3974457,1.2536231
1.761225,1.4838977
2.2567205,1.6889186
2.1496136,1.8719802
2.109595,1.9317238
1.9229928,1.881202
1.6871758,1.7330856
1.6508242,1.5248877
1.4675761,1.2896757
1.0725765,1.0236249
0.69518054,0.7117355
0.21307585,0.35981482
-0.17424811,0.023749225
-0.27566063,-0.19788882
-0.35259363,-0.3122207
-0.20868339,-0.38075393
-0.33384946,-0.42655742
-0.43276235,-0.45793343
-0.27458566,-0.47786224
-0.28673866,-0.4876533
-0.3541016,-0.48899016
-0.20937175,-0.48470682
-0.2733506,-0.47868937
-0.33248898,-0.47559667
-0.3873481,-0.48004636
-0.34169093,-0.4929301
-0.28409272,-0.5018276
-0.23906395,-0.46585494
-0.024779197,-0.31948417
0.44681495,-0.0057428554
1.3370904,0.46971822
1.5010499,0.9104178
0.8795358,1.0807333
0.059718605,0.95084155
-0.9830229,0.5773322
-1.415647,0.04507322
-1.6948785,-0.5205063
-1.86453,-0.9747474
-1.6352581,-1.2487588
-1.2221612,-1.4046348
-2.6166584,-1.4988699
1.1783677,1.1063013
1.0516446,1.35505
1.1850244,1.5912559
1.4210467,1.7700632
1.6097412,1.9215262
1.935147,1.9669116
1.9502547,1.9273512
1.743751,1.8107939
1.6356909,1.633063
1.4279814,1.4271926
1.5613394,1.209349
1.4512335,0.97389436
1.1491013,0.70943034
0.6498171,0.42291695
0.16991682,0.16500136
-0.27571812,0.00012948364
-0.31468326,-0.085350625
-0.2431987,-0.12738845
-0.26881188,-0.14356008
-0.22035357,-0.14461613
0.048851177,-0.13748369
-0.19765654,-0.12671843
-0.12327327,-0.11558185
0.06536613,-0.10652862
-0.33916947,-0.101308055
-0.50743204,-0.10023204
-0.19622885,-0.09978945
0.010328719,-0.08808441
-0.21729843,-0.036751397
-0.2730114,0.10822453
-0.016661352,0.40981412
0.32816318,0.8618145
0.50777483,1.2928492
0.7447445,1.528431
1.0451472,1.5802233
1.0244411,1.5103714
0.552977,1.350704
0.8360324,1.1105921
1.0702572,0.79380953
0.5586866,0.41810536
1.2439944,0.03658209
1.0499692,-0.26779103
1.7111944,1.5352294
2.149723,1.8196642
2.2767875,2.007437
2.3131602,2.1167614
2.3018706,2.1014757
2.089274,2.0084224
1.9721059,1.8411708
1.7598029,1.6115068
1.5650306,1.3610151
1.421392,1.1063902
1.2450849,0.8389776
1.1813374,0.55121785
0.82956743,0.26649335
0.32441053,0.050509028
0.28366116,-0.07174065
0.02300067,-0.1370269
0.080714814,-0.16923144
0.080538236,-0.18117967
0.02027701,-0.18071601
0.033082373,-0.17275417
-0.0076251077,-0.16116646
0.015820486,-0.14952314
-0.02349985,-0.14088899
-0.04371195,-0.13710812
-0.15382835,-0.13724357
-0.19475035,-0.13493422
-0.091354996,-0.11367229
-0.25003994,-0.037511952
-0.16929783,0.15352234
-0.021493463,0.5051929
0.3184295,0.959589
0.9823247,1.3211708
1.2413343,1.4851137
1.1908025,1.4969232
1.0693958,1.4101536
0.4347515,1.2442203
-0.21396679,0.9994159
-0.88088894,0.67586416
-1.2449995,0.2992772
-0.86666787,-0.061260924
-0.027277907,-0.31292772
-0.9502392,-0.42877227
1.0153108,1.0271759
1.1516324,1.2578804
1.42887,1.4984635
1.5642878,1.6934927
1.8008921,1.8735647
2.014404,1.9481833
1.8498445,1.9302297
1.8018353,1.8333881
1.6449045,1.6718127
1.4804982,1.474055
1.1688623,1.2562772
0.77769214,1.0151172
0.5454691,0.74167883
0.1960913,0.4429292
-0.117456384,0.16700268
-0.18697087,-0.01425422
-0.16441935,-0.10728369
-0.26913634,-0.15338656
-0.2971432,-0.17228422
-0.18184842,-0.17516527
-0.21895914,-0.16889802
-0.35923365,-0.1579054
-0.39769223,-0.14568657
-0.36196187,-0.13535774
-0.2561696,-0.12943763
-0.22243197,-0.12879506
-0.3760944,-0.13043904
-0.36092323,-0.12422744
-0.21816455,-0.08659012
-0.02073745,0.02943457
0.25714937,0.28526565
0.80158013,0.6926005
0.8015177,1.1306404
0.87447226,1.417711
1.2430407,1.5260797
1.3616966,1.5180247
1.2410927,1.4348017
1.0280038,1.2861071
1.1089879,1.0663366
1.3953328,0.76972693
1.4928172,0.4126473
-0.24878927,0.055827327
0.96700454,0.8834746
1.0523831,1.0565125
1.2105747,1.2803222
1.2094529,1.4893432
1.5294443,1.6990367
1.6657343,1.8509886
1.6280148,1.9005072
1.5686288,1.8715472
1.456525,1.7741096
1.3091658,1.6251116
1.1289341,1.4428822
1.0026742,1.2331135
0.8005896,0.9912907
0.49923947,0.7140385
0.25384653,0.41730648
0.074347176,0.15825713
-0.024370458,0.00010281056
-0.16861668,-0.0784295
-0.15236871,-0.115068026
-0.077760555,-0.12709838
-0.08214511,-0.12528488
-0.19238983,-0.116663374
-0.124888346,-0.10580269
-0.12976362,-0.09600458
-0.18201268,-0.08991302
-0.082006335,-0.08902446
-0.06897164,-0.091808625
-0.046923444,-0.09103487
-0.074758105,-0.07001416
-0.0124945305,0.005130522
0.13833675,0.18829033
0.47686046,0.5125898
1.129628,0.9241382
1.1130449,1.2739346
1.23917,1.4665647
1.6908281,1.5340078
1.783793,1.5320549
1.6793793,1.4870635
1.3511033,1.4000359
1.3861159,1.2582046
1.6471211,1.0451608
-0.10998204,0.75507706
0.5913571,0.7208195
0.7796348,0.81165636
0.736377,0.95306003
0.8134227,1.1351273
0.9353196,1.3568153
1.0852016,1.5904231
1.3156096,1.7199714
1.338606,1.7385576
1.0909911,1.660172
0.73112416,1.515971
0.5559376,1.330842
0.46466663,1.100411
0.43254876,0.809939
0.4244321,0.46451908
0.36007243,0.11071844
0.19245732,-0.1472471
-0.14810191,-0.27971423
-0.38877365,-0.3541437
-0.43520775,-0.40256715
-0.38449004,-0.4356228
-0.4778451,-0.45724875
-0.4844641,-0.46913445
-0.4473651,-0.47323507
-0.47496986,-0.47247046
-0.37770602,-0.47046924
-0.46269354,-0.47147512
-0.38966843,-0.47977614
-0.34550586,-0.49556768
-0.42211318,-0.50307316
-0.35003304,-0.45538792
-0.37402925,-0.2864515
-0.15128414,0.053774975
0.52801573,0.5339334
1.5984632,0.92329645
1.9459155,1.013896
1.8626884,0.79641366
1.9109557,0.33899382
1.2503573,-0.24513544
-0.16146438,-0.79184747
-1.5530018,-1.1650388
-1.8644936,-1.3692416
-2.1434627,-1.4860032
1.2293545,1.075244
1.3116295,1.2943732
1.6436133,1.5280957
1.8232725,1.711757
2.0652864,1.8786943
2.2858706,1.9420633
2.1024425,1.9170141
2.037707,1.8136406
1.782969,1.6447171
1.5974773,1.4405198
1.4406338,1.2171227
1.1395195,0.97061086
0.7940888,0.69434816
0.26307967,0.39869267
0.073829494,0.13485491
-0.05992032,-0.03241817
-0.19521591,-0.11937059
-0.17239532,-0.1631011
-0.15499604,-0.18144739
-0.23664226,-0.18483955
-0.19118336,-0.17955017
-0.17098312,-0.1697348
-0.15815918,-0.15888616
-0.06920923,-0.15021932
-0.12035851,-0.14630136
-0.18106875,-0.14771378
-0.08738524,-0.15061164
-0.13607366,-0.14325014
-0.11672154,-0.09883899
-0.050058834,0.034139223
0.17987283,0.31501245
0.8296324,0.73796415
1.4334235,1.1575215
1.1794145,1.4085991
0.9240404,1.4887764
0.45151535,1.4611087
-0.07396971,1.3606364
-0.48146737,1.1924568
-0.25314903,0.94921374
0.6128718,0.6299406
0.9547842,0.26629835
-0.6980511,-0.0649289
1.1209773,1.0400119
1.465455,1.2672215
1.9103597,1.4919629
1.9989755,1.6865555
1.9978931,1.8652658
1.8906661,1.9282348
1.7086778,1.8859847
1.5681683,1.7481929
1.3833166,1.5477693
0.96921235,1.323122
0.6923845,1.0764259
0.3778213,0.7903988
0.021665974,0.4609607
-0.18050055,0.12929821
-0.3348658,-0.110794015
-0.3210798,-0.23652393
-0.23664008,-0.30575058
-0.28946993,-0.347144
-0.35001442,-0.3719691
-0.43863577,-0.3850068
-0.4648548,-0.3884817
-0.40011978,-0.3846715
-0.3227887,-0.3766818
-0.27268973,-0.36805126
-0.2782597,-0.3624445
-0.28388608,-0.36316085
-0.23432238,-0.37062782
-0.23048659,-0.37521517
-0.06984915,-0.3418822
0.16340946,-0.20420557
0.7910668,0.1032942
1.3456197,0.5761829
1.1014199,1.0097549
0.89450186,1.1720262
0.7005974,1.0358963
0.084608324,0.65991336
-0.30147982,0.12900135
-0.84203017,-0.43848026
-0.8820468,-0.9042119
-0.51835245,-1.1915352
-0.65281606,-1.3576322
-2.0807614,-1.4622983
1.1755539,1.245164
1.3069454,1.4746315
1.4155772,1.6888064
1.6728861,1.8343353
1.8229622,1.9436533
1.8141309,1.9595621
1.9161649,1.9053018
1.890186,1.781723
1.780405,1.599292
1.582499,1.3923106
1.2171612,1.1792536
1.0653377,0.95583093
0.97698146,0.7118087
0.5185718,0.45184422
0.19962068,0.21857342
0.087784044,0.06561395
0.107438944,-0.017072625
0.046197206,-0.05823929
0.089025855,-0.07379965
0.13001326,-0.0745089
-0.060774915,-0.06784972
0.060640283,-0.05873861
0.0054435004,-0.050299443
0.15994638,-0.044549473
0.07635152,-0.042564638
0.029305829,-0.04332181
0.22270982,-0.0405804
0.27512655,-0.017498322
0.30475962,0.06152069
0.425244,0.25381017
0.49284542,0.5997565
0.93432695,1.0412118
1.6661909,1.3956475
1.8441478,1.5665123
1.5235103,1.5985575
1.0095942,1.5430018
0.47180727,1.4188898
-0.09728159,1.2259129
-0.5955641,0.9577286
-0.51418245,0.6168928
0.24495552,0.24068469
0.1066739,-0.089621685
0.2111022,0.41777265
0.19860202,0.44347602
0.3297513,0.5633887
0.36157975,0.7498081
0.29301023,0.96721387
0.38134238,1.2089872
0.62493145,1.4684682
0.9558567,1.6543679
1.1619502,1.7591373
1.4177727,1.7959054
1.7368522,1.772557
1.6424024,1.6930022
1.3867115,1.5558088
0.972041,1.3536205
0.8315134,1.0794245
0.739544,0.7383316
1.1422317,0.36569643
0.78197324,0.052383713
0.40358594,-0.11936497
-0.060075812,-0.19531599
-0.17853804,-0.23058888
-0.17090987,-0.24336034
-0.31265026,-0.24325475
-0.110351324,-0.2359192
-0.17391326,-0.2250686
-0.1341536,-0.21394905
-0.13313739,-0.20600289
0.020538358,-0.20424104
-0.071836226,-0.20840102
-0.029413713,-0.21080226
-0.0843999,-0.19003516
-0.043896675,-0.09944973
0.10400106,0.12904829
0.8762983,0.52640086
1.5296187,0.99291945
1.5383354,1.3290855
1.8907094,1.4716966
1.6857497,1.4792913
1.7397711,1.4054945
0.70206106,1.2693893
0.79106176,1.070264
1.2362092,0.803954
0.604621,0.7321682
0.7110119,0.83256614
0.9627279,0.98951435
1.2055695,1.1773908
1.3854586,1.3853021
1.5788921,1.6075456
1.8960252,1.7388098
2.187361,1.7740531
2.1656072,1.726161
2.1338131,1.6124011
1.9503579,1.455775
1.5903852,1.2640104
1.4358549,1.0285347
1.1846056,0.7424369
0.76392555,0.42195266
0.3467254,0.12886214
-0.15249299,-0.056310125
-0.31956574,-0.14966866
-0.21193269,-0.1984281
-0.1489228,-0.22265565
-0.3172541,-0.23276371
-0.30805585,-0.23452273
-0.2660019,-0.23152491
-0.23888505,-0.22664201
-0.309905,-0.22250137
-0.34691864,-0.22166389
-0.43590367,-0.22590846
-0.33318835,-0.23354366
-0.22868888,-0.2338545
-0.25027946,-0.19540659
-0.26821285,-0.05434922
0.06438875,0.26143765
0.90791166,0.7434026
1.637104,1.1806593
1.424922,1.3766816
0.9961867,1.3393815
0.3243519,1.1290245
-0.56799436,0.7898403
-1.0240281,0.36195922
-1.065398,-0.088374466
-0.22347452,-0.47780716
-1.2932866,-0.7355237
0.96973723,0.97275996
1.108423,1.2215853
1.582311,1.4441743
1.6929466,1.6596892
1.8596532,1.8447927
1.7118881,1.8919294
1.5175716,1.811185
1.4091849,1.625797
1.3182791,1.3882978
0.84431416,1.1180665
0.58364284,0.7962967
0.22341962,0.41639674
-0.1896602,0.023607843
-0.5846392,-0.2695991
-0.8254335,-0.42429033
-0.9066514,-0.52198344
-1.0615914,-0.59684896
-1.0652846,-0.6578587
-1.0997715,-0.71033597
-1.1258726,-0.7575325
-1.2049438,-0.8000873
-1.206984,-0.8366087
-1.1713971,-0.8653363
-1.2427622,-0.8856118
-1.1590331,-0.89778674
-1.2334577,-0.90152055
-1.2045012,-0.89405376
-1.2943051,-0.86464643
-1.1665853,-0.7855022
-1.1504022,-0.61869925
-0.95291907,-0.3317922
-0.37233472,0.08101923
0.06525776,0.49883038
0.061426755,0.68082
0.2061912,0.549768
0.3702647,0.15697718
0.3864826,-0.38254344
-0.027095985,-0.8929713
-0.30308986,-1.248835
-0.0909853,-1.4480191
0.4017144,-1.5528202
-1.2705253,-1.6061442
0.7598136,0.5444931
0.86837524,0.6803031
1.3829718,0.88182354
1.7703294,1.1496977
2.1659243,1.4490227
2.4194527,1.710211
2.3800101,1.8289924
1.9380195,1.8363445
1.5965502,1.7670165
1.4253681,1.6460965
0.9132424,1.4831321
0.48902288,1.2663407
0.19317453,0.9686291
-0.24441409,0.58142054
-0.79559994,0.15089488
-0.9754038,-0.21080464
-1.0279826,-0.40632984
-0.99563867,-0.5080071
-0.95075375,-0.5774911
-0.9563941,-0.62784547
-1.0871552,-0.66475856
-1.0417496,-0.6911793
-0.98795784,-0.70792806
-1.0711565,-0.71512324
-1.1057053,-0.7143128
-0.92955774,-0.70954007
-0.93701655,-0.70635885
-1.0337842,-0.7076922
-0.972888,-0.7057993
-0.93942714,-0.6711055
-0.4305212,-0.5506798
0.31928638,-0.28877148
0.7838324,0.14754185
0.8142522,0.6881129
1.0947639,1.081388
1.3789403,1.2060262
1.2161028,1.1121156
0.7576101,0.8590852
0.3363682,0.48937368
0.0066237273,0.045402654
0.63394356,-0.40852123
-0.51977617,-0.7962061
0.9255174,0.9326428
1.094959,1.1365786
1.3364856,1.3663237
1.5378736,1.5649797
1.7999201,1.7633641
1.8225679,1.8861074
1.77318,1.9109375
1.6548983,1.8593302
1.576744,1.7416029
1.3851953,1.5794117
1.1203433,1.3931156
0.8445711,1.1866918
0.63923174,0.9513824
0.17326352,0.680406
-0.07299503,0.39311963
-0.15200913,0.15207025
-0.23132366,0.010698549
-0.10859437,-0.0594294
-0.09057495,-0.091237165
-0.17443167,-0.100274004
-0.24831967,-0.09677855
-0.1848281,-0.0875423
-0.10546758,-0.07682959
-0.1457864,-0.06735862
-0.10227663,-0.061034895
-0.04850801,-0.058921553
0.025982535,-0.05965928
-0.046882693,-0.055902906
-0.10011221,-0.028402098
0.058128636,0.06282354
0.4419317,0.2783438
1.0857139,0.6512999
1.4276633,1.1029056
1.4145514,1.4418963
1.6607836,1.5950441
1.6929898,1.6168463
1.4645383,1.5565588
1.0616561,1.4315355
1.0699152,1.2415087
1.5231506,0.98070645
1.2905567,0.650539
-1.0107483,0.2829085
1.0128541,1.0822121
1.2153345,1.3228859
1.3886575,1.5490358
1.579093,1.7133453
1.7713901,1.8668147
1.7304066,1.9287636
1.7233423,1.9092593
1.6051664,1.8200583
1.4846979,1.6701045
1.3761747,1.487222
1.1101531,1.2936348
0.9524121,1.0908592
0.6076067,0.86734796
0.314352,0.61629075
0.14656194,0.3614643
-0.013724436,0.16347116
-0.018403366,0.051237904
-0.054232236,-0.005435206
-0.0554909,-0.029488452
-0.092807226,-0.03375604
-0.09617106,-0.027481206
-0.09740948,-0.017018683
-0.045932293,-0.006259091
-0.046103768,0.0026590154
-0.0001121172,0.008578233
0.023914784,0.011260502
-0.014675581,0.01334358
0.033947404,0.025447793
0.08247308,0.07419463
0.17531016,0.2093449
0.26931125,0.4889778
0.811289,0.91391253
1.303335,1.3418057
1.2109698,1.5967016
1.4595096,1.679522
1.6792784,1.6505488
1.6920615,1.5420165
1.3052835,1.3629768
1.0778679,1.1137592
1.2643943,0.7952051
1.5044922,0.42527497
0.18440796,0.0585429
1.138284,1.0008221
1.5533341,1.2457476
1.7283615,1.484554
1.8701675,1.7040099
1.5807366,1.8852994
1.2643398,1.9301665
1.5970557,1.8558985
1.5848976,1.6821833
1.521679,1.4551249
1.2164036,1.1960173
0.9550239,0.8922403
0.61972827,0.5364799
0.11022093,0.15318972
-0.15437949,-0.1722255
-0.36450905,-0.35787022
-0.6233889,-0.4637711
-0.71967924,-0.5398006
-0.6647035,-0.5984871
-0.7046246,-0.6451735
-0.6791187,-0.68298376
-0.6458382,-0.7132526
-0.77694315,-0.73607993
-0.8554874,-0.75179446
-0.8404917,-0.762171
-0.856371,-0.7701411
-0.57166284,-0.77750444
-0.3881456,-0.7808088
-0.42915258,-0.7636533
-0.38146394,-0.68947333
-0.16418414,-0.5119186
0.10289956,-0.19301507
0.95601654,0.26406717
1.4268719,0.6911802
1.0560166,0.85295546
0.21418227,0.7100686
-1.0075214,0.31756133
-1.6829522,-0.22674671
-2.0632496,-0.76639223
-1.9760326,-1.1597581
-1.5541723,-1.3840971
-1.4162971,-1.5064259
-2.6302657,-1.5729761
0.28485054,0.40829903
0.28445917,0.4112844
0.42356184,0.5105252
0.8289118,0.67482543
0.97783035,0.8717612
1.1568578,1.0886815
1.4233704,1.338715
1.617753,1.5453675
1.8102816,1.676909
2.33423,1.7432799
2.3004622,1.7505597
2.1063066,1.7012898
1.9702972,1.593508
1.7199855,1.4203495
1.4262216,1.1757505
1.0789657,0.86271656
0.54951024,0.50491214
-0.030900149,0.17269313
-0.35966095,-0.038029827
-0.3852275,-0.13455024
-0.3285615,-0.18007368
-0.36464784,-0.19922644
-0.35102406,-0.20380515
-0.4053301,-0.20088515
-0.29899296,-0.19464701
-0.33859867,-0.188079
-0.34891084,-0.1841056
-0.2615648,-0.18544143
-0.3838153,-0.19207066
-0.29831967,-0.19703755
-0.28696325,-0.1802139
-0.22081153,-0.09695236
-0.18957919,0.12083573
-0.16600403,0.50900495
0.49629992,0.974604
0.700173,1.3151616
0.95277286,1.459559
1.2585354,1.4648433
1.228147,1.3856338
1.1776788,1.2415022
0.5718627,1.0318561
1.1322953,0.75380194
0.16713795,0.31433058
0.20569535,0.30749947
0.18734924,0.3962934
0.35899577,0.55465364
0.7198876,0.7483751
1.1160524,0.9604962
1.2890649,1.2106867
1.451025,1.4431825
1.6019684,1.6055039
2.1814013,1.703126
2.443855,1.7415164
2.3286953,1.7211897
2.1762636,1.637696
1.9457574,1.4811771
1.592462,1.2409539
1.4261426,0.91755474
1.0914029,0.5349094
0.29649216,0.16366518
-0.28293303,-0.083683036
-0.42561218,-0.19561255
-0.48038423,-0.24844635
-0.4529069,-0.27366814
-0.47890827,-0.28315187
-0.40738928,-0.2833001
-0.33441615,-0.27781364
-0.4332769,-0.26972774
-0.48819628,-0.26241505
-0.38551298,-0.2597429
-0.3967191,-0.26425838
-0.46828038,-0.27300406
-0.48255098,-0.27103138
-0.5559514,-0.21821481
-0.34125748,-0.044186793
-0.3999215,0.30767176
0.22757497,0.788208
0.9732641,1.1896479
0.83392924,1.3804932
1.0089293,1.3982048
1.0581653,1.3057846
0.8746398,1.1327534
0.3061437,0.8858855
-0.031513747,0.57270074
0.9792282,0.8220095
1.0281627,0.95664144
1.263728,1.1551366
1.6055174,1.3627411
1.7542391,1.5841694
1.9070282,1.7731911
1.8665718,1.85372
1.8403746,1.8437345
1.6947342,1.7546915
1.6827657,1.6071957
1.4162893,1.4223411
1.0802121,1.2037604
0.9139221,0.94418013
0.5265314,0.6423253
0.1176362,0.32134217
-0.15646073,0.052455343
-0.2230081,-0.10157498
-0.2881051,-0.17834708
-0.3499983,-0.21686304
-0.34900296,-0.23343161
-0.47651288,-0.23699123
-0.40198153,-0.23257929
-0.3226312,-0.22370508
-0.26238826,-0.21361089
-0.23836833,-0.2055288
-0.3660085,-0.20236221
-0.34243804,-0.20510364
-0.39438426,-0.20970014
-0.2974288,-0.20197445
-0.20789926,-0.14712375
0.004221919,0.018361472
0.5072641,0.35472032
1.3493412,0.8262146
1.5789531,1.2293978
1.589711,1.4201462
1.5736703,1.4288523
1.117184,1.3156943
0.27014,1.1095651
-0.1636952,0.8199981
-0.22099577,0.4624474
0.40055242,0.083017744
-0.69635683,-0.24153574
0.31720194,0.44033933
0.36873257,0.4744085
0.5687667,0.60333514
0.7689893,0.7972153
1.0520937,1.019109
1.1674001,1.2640283
1.263581,1.5172263
1.5340607,1.6893489
1.8946804,1.7804284
2.0315835,1.8039021
2.0399415,1.7679181
1.9478605,1.676822
1.772169,1.5293598
1.5088551,1.3188419
1.1882888,1.0398958
0.8692901,0.6992941
0.5526515,0.33503538
-0.10835804,0.03939972
-0.2648098,-0.117249824
-0.32214102,-0.18738645
-0.389732,-0.21940422
-0.40996477,-0.22991472
-0.3792355,-0.2282475
-0.26436958,-0.21993643
-0.4363609,-0.20866391
-0.43071523,-0.19769305
-0.37328348,-0.19044527
-0.37163424,-0.18959919
-0.3617827,-0.19409606
-0.3181453,-0.19527161
-0.3128886,-0.17088988
-0.39757246,-0.07412157
-0.35142428,0.16089302
-0.1893539,0.5577167
0.44465402,1.0123278
0.9275616,1.3366139
1.0740482,1.4765866
1.7657484,1.4919143
2.2060068,1.434917
2.1097195,1.3232777
1.2325299,1.1540909
0.7364568,0.9185126
0.19430798,0.23789781
0.19915286,0.21795607
0.58966535,0.2903238
0.7770766,0.4370997
1.0086889,0.6248872
1.2425245,0.83337784
1.3533568,1.0793452
1.538649,1.3369794
2.0213747,1.5357401
2.2713366,1.6727856
2.392403,1.7552495
2.214979,1.784644
1.9244556,1.7587171
1.6608583,1.6722584
1.4607317,1.511965
0.98679084,1.2581024
0.4890014,0.90995
-0.07740035,0.501673
-0.37188044,0.12276935
-0.49731967,-0.11677637
-0.3783242,-0.21857262
-0.5300696,-0.26277524
-0.58285606,-0.28016204
-0.36626068,-0.2821414
-0.4231607,-0.27527624
-0.4364035,-0.2637097
-0.4631364,-0.2506648
-0.41873616,-0.23914811
-0.37435395,-0.23212212
-0.3883871,-0.2308608
-0.28145942,-0.23014084
-0.31492373,-0.20923397
-0.40371898,-0.11815215
0.08435082,0.119191565
1.054655,0.55041385
1.3657602,1.0717348
1.8352354,1.4304891
1.9422218,1.5523849
1.756314,1.4992236
1.3925295,1.326144
0.42298704,1.0620971
0.105751336,0.7270447
1.6366683,1.4212456
1.9994068,1.727426
2.106447,1.929421
2.0411904,2.0672348
2.0086987,2.0694041
1.6689669,1.9698384
1.5988187,1.7742198
1.4186206,1.5161424
1.1668712,1.2410145
0.78757393,0.9451617
0.32788756,0.61237633
0.14163217,0.2551705
-0.032152344,-0.052575715
-0.13260186,-0.234667
-0.32945487,-0.33435318
-0.29503027,-0.3989637
-0.3689892,-0.44470227
-0.3947966,-0.47762772
-0.34601638,-0.4997785
-0.360134,-0.51235175
-0.32267585,-0.5171261
-0.41685343,-0.51694053
-0.3518395,-0.51566386
-0.32780024,-0.5179262
-0.3003262,-0.5278131
-0.28025025,-0.5441251
-0.27147442,-0.54946935
-0.22918265,-0.49843606
-0.19774158,-0.3300093
0.047691,0.000664562
0.6930909,0.4636218
1.2333795,0.84048563
0.9700243,0.922737
0.3829662,0.6974219
-0.5772039,0.23291409
-1.5120324,-0.3491605
-1.9014772,-0.87484324
-1.9467461,-1.2183125
-1.6345121,-1.4048166
-1.1116925,-1.510997
-1.0337685,-1.5708882
-2.021527,-1.6031113
1.04875,0.9388958
1.208964,1.1402408
1.3679329,1.3744674
1.6449108,1.5751916
1.9275784,1.7723768
1.8947452,1.893758
1.8780522,1.9186852
1.8357563,1.8695648
1.5209588,1.7556398
1.4039239,1.5959146
1.1829454,1.40921
0.9453027,1.2002634
0.5981468,0.9629152
0.25997293,0.6923608
-0.103326075,0.40632683
-0.18003173,0.16386962
-0.18888615,0.019711249
-0.100466505,-0.05183015
-0.1858095,-0.08416698
-0.1856774,-0.09312395
-0.20855016,-0.08912922
-0.25613216,-0.07921467
-0.25549543,-0.06791253
-0.32949403,-0.058232836
-0.30097535,-0.0523049
-0.13557741,-0.05104456
-0.10175906,-0.052346535
-0.1009179,-0.048002698
-0.1298968,-0.018868424
-0.10545803,0.073033564
0.052736502,0.2822701
0.3818379,0.6312185
0.69987077,1.0478942
0.87046695,1.3744819
1.1170453,1.5404963
1.5394452,1.5911063
1.7915602,1.5762323
1.7107493,1.5160062
1.4701257,1.4087741
1.5401043,1.242018
2.1111305,1.0016301
0.8801054,0.68688077
1.018308,1.0797045
1.3161535,1.2998707
1.420284,1.5316116
1.6554948,1.7002525
1.7643083,1.8579836
1.6963978,1.9288042
1.7452335,1.9216809
1.6202412,1.8518484
1.5163656,1.7250094
1.3649032,1.5608671
1.1020719,1.3793525
0.8951242,1.1861082
0.5924737,0.9752475
0.2933821,0.7391913
0.106813625,0.48762548
0.08159748,0.26585728
0.050795045,0.12500185
0.01868256,0.052986227
0.07662062,0.020719223
0.08825579,0.0128910765
0.032276068,0.019008003
0.07763968,0.031413786
0.05003578,0.045017503
0.06532615,0.056868054
0.09800474,0.06553262
0.12222457,0.070957385
0.12545922,0.075998016
0.19477466,0.09034597
0.21172099,0.13657472
0.17847869,0.25510317
0.48672283,0.49065328
0.91706324,0.84489626
1.0341225,1.2280414
1.071975,1.5009756
1.1658559,1.6342875
1.5153811,1.672354
1.7002108,1.652709
1.6078918,1.5905882
1.5288283,1.4843104
1.6563205,1.323287
2.0442035,1.0953666
1.2582754,0.7977183
1.1882951,1.2060101
1.4369332,1.4783946
1.6908609,1.7093828
1.7086914,1.8881137
1.6474389,1.9968219
1.6699404,1.9955065
1.5501832,1.9085484
1.4726297,1.7417455
1.3545934,1.5269525
1.1042427,1.2955189
0.81653607,1.0488406
0.5039191,0.77418816
0.09475369,0.4696629
-0.111850515,0.17420214
-0.26997662,-0.033870287
-0.30557114,-0.14427593
-0.20362791,-0.20208696
-0.18774827,-0.23051387
-0.34310868,-0.24124515
-0.26173958,-0.24072853
-0.16452213,-0.23287803
-0.29613662,-0.22109985
-0.32129237,-0.20878652
-0.29357794,-0.19903821
-0.21310198,-0.19418567
-0.23094584,-0.19440559
-0.20123704,-0.19472831
-0.17659481,-0.17913449
-0.095070384,-0.10912556
0.022157304,0.08193139
0.49655026,0.45183396
0.99072176,0.9421685
1.0138842,1.318289
1.1389968,1.4566646
1.2512814,1.3987122
1.1642048,1.1995871
1.0894719,0.8903873
0.8714106,0.49650097
1.0807048,0.06729954
1.1271588,-0.31975308
0.2349341,-0.5843961
-2.1725752,-0.7230942
0.3142318,0.25843802
0.36593106,0.3082838
0.5673627,0.45608908
0.8098928,0.66987133
1.1784111,0.90929127
1.1351863,1.1623526
1.2758772,1.4376487
1.5511137,1.6450884
1.9614921,1.7708116
2.140713,1.8333828
2.0476837,1.8415644
1.8602209,1.7966993
1.6045634,1.6960945
1.3580168,1.5314144
1.0420505,1.2883989
0.70709604,0.9601166
0.24971731,0.5673949
-0.26756418,0.17893803
-0.39444664,-0.09075432
-0.39817387,-0.2118457
-0.34423715,-0.2635191
-0.35362542,-0.28372055
-0.36541778,-0.28501165
-0.410406,-0.27479893
-0.39340654,-0.25772715
-0.31078187,-0.23756626
-0.412309,-0.21849203
-0.28226376,-0.20500728
-0.32690176,-0.19982967
-0.3472338,-0.20024514
-0.2598687,-0.19511065
-0.15320298,-0.15975115
-0.19637917,-0.046043374
0.0021619871,0.20484886
0.9010208,0.59783226
1.0951302,1.0294421
1.5632447,1.343208
2.227724,1.4955668
2.3954241,1.54157
2.0427625,1.5325602
0.990119,1.488615
1.2760563,1.4083285
1.0366955,0.9956734
1.0544616,1.2093899
1.3245081,1.4421093
1.5239255,1.6316838
1.7780287,1.8167797
1.7107201,1.9133584
1.6977947,1.9180334
1.6599911,1.8483233
1.4467224,1.7136707
1.3839774,1.5379306
1.1164993,1.3411133
0.92234075,1.1251673
0.6933563,0.88103294
0.28055486,0.60534817
0.15928537,0.324903
-0.09696745,0.1068969
-0.11570278,-0.014142163
-0.08399516,-0.074472
-0.14991885,-0.100807644
-0.13651055,-0.10692284
-0.1953961,-0.102087535
-0.16131091,-0.09237609
-0.122625545,-0.08170829
-0.1303177,-0.0727782
-0.059941057,-0.067534484
-0.10468843,-0.06673134
-0.1204523,-0.06795008
-0.06761678,-0.062023617
-0.13291539,-0.027096666
0.032856196,0.08013531
0.30643913,0.3186606
0.86584765,0.70574266
1.1134785,1.1407452
1.0511253,1.4451709
1.2672015,1.5756066
1.4213909,1.5903716
1.4839834,1.5334508
1.2346013,1.4177628
1.147351,1.2391262
1.6026515,0.9880936
1.6784036,0.66378236
-0.28757825,0.29895413
1.2911586,1.1153977
1.680574,1.3502747
1.9859291,1.5853286
2.031631,1.7711356
2.14957,1.9247932
1.8995521,1.9680622
1.6880647,1.9236672
1.5771688,1.7992351
1.365908,1.6147091
0.9255398,1.4025223
0.58525443,1.1738138
0.1656718,0.9207444
0.0008078707,0.6355797
-0.14789596,0.33402044
-0.28272414,0.07862865
-0.2564182,-0.07294137
-0.29162988,-0.15076429
-0.30120704,-0.18947509
-0.3069667,-0.20508161
-0.28319994,-0.20687938
-0.19011453,-0.20039555
-0.25318858,-0.18952698
-0.20505825,-0.17767042
-0.19957906,-0.16786844
-0.22536558,-0.16254324
-0.26514074,-0.1623522
-0.21395175,-0.16358021
-0.1796597,-0.15364671
-0.062479522,-0.10226015
0.12065225,0.048228584
0.5510146,0.3618089
0.8932872,0.824353
1.0265175,1.2489759
1.2274617,1.467124
1.3612144,1.4956586
1.339154,1.395963
1.0350052,1.1998727
0.7670143,0.91845787
0.88425976,0.56337154
1.2377476,0.1725991
0.798478,-0.1821478
-1.0269672,-0.4169318
1.0651566,1.0279645
1.4208046,1.2795632
1.5978394,1.5331948
1.82985,1.7494719
1.9674213,1.9286098
1.8716338,1.983175
1.7992977,1.9382274
1.6270202,1.8074269
1.5201026,1.6168517
1.239568,1.3936194
0.92096454,1.1416165
0.650318,0.85218817
0.36075953,0.5250489
-0.111697845,0.19197458
-0.23446627,-0.06275279
-0.41411227,-0.19813171
-0.46504885,-0.26822114
-0.42049208,-0.3061479
-0.4298236,-0.32510895
-0.35328144,-0.3313736
-0.37081018,-0.3277909
-0.58687043,-0.31669152
-0.49566618,-0.3014543
-0.3335745,-0.28646022
-0.46410754,-0.27623218
-0.5354017,-0.2737416
-0.54676294,-0.2775502
-0.38608,-0.27770612
-0.46082792,-0.24646184
-0.3143335,-0.12682462
0.21036674,0.14812118
0.78732365,0.5873577
0.8352238,1.0439277
0.8108726,1.3180883
1.1948358,1.3899102
1.3799998,1.3222375
1.2535418,1.1553102
0.90664697,0.9011915
0.8141475,0.5678776
0.899836,0.18876427
0.37313712,-0.16656661
-1.5176163,-0.41016322
1.8408816,1.6140492
1.9475043,1.8847215
1.837391,2.0683353
1.7446508,2.1524627
1.6808836,2.1002893
1.5429869,1.9653115
1.293688,1.7452176
1.1072247,1.4744067
0.874045,1.1937044
0.6641585,0.8975787
0.33666456,0.574785
-0.032140475,0.24247763
-0.09888217,-0.028859071
-0.13787669,-0.18742749
-0.13896553,-0.2763136
-0.20602766,-0.33070993
-0.19024332,-0.36517492
-0.25781208,-0.38608423
-0.13080281,-0.39614332
-0.16722904,-0.39753884
-0.2320618,-0.39323205
-0.19772804,-0.38691822
-0.28091908,-0.38272488
-0.16177285,-0.38466674
-0.21704006,-0.39440495
-0.18113336,-0.40515172
-0.07794388,-0.38783556
-0.102639824,-0.28166953
0.18914686,-0.021299765
0.85544187,0.4069429
1.1710263,0.8473206
1.0696352,1.0551851
0.83387333,0.9701953
0.2788734,0.6386508
-0.062217575,0.13871706
-0.5162258,-0.41001448
-0.75720394,-0.8677126
-0.57575697,-1.1541296
-0.28204146,-1.323215
-0.8990876,-1.4325885
-1.7221233,-1.5028033
-2.9063754,-1.5464504
0.490762,0.66724676
0.7343846,0.7433369
0.976966,0.8729673
1.1033548,1.0427415
1.3004127,1.2333031
1.505047,1.455533
1.7652779,1.6252018
1.9209796,1.7037276
1.976927,1.7047822
2.0120456,1.6391879
1.6705849,1.5237721
1.4158012,1.3690767
1.3345357,1.1713254
0.9063674,0.92232704
0.4458204,0.6264173
0.0037999933,0.31991318
-0.2321422,0.08157509
-0.2504625,-0.048874192
-0.41040465,-0.11564805
-0.35961378,-0.14972758
-0.37079543,-0.16540956
-0.32106283,-0.1713132
-0.33397427,-0.17242926
-0.42667538,-0.17180637
-0.368725,-0.17168608
-0.32660156,-0.17416188
-0.39180464,-0.18085214
-0.31142047,-0.19053972
-0.31144893,-0.19432303
-0.1899723,-0.16614196
-0.15169226,-0.049912117
0.20819983,0.22825646
1.0972353,0.68356895
1.4343098,1.1447499
1.2238595,1.393507
1.0001585,1.4164765
0.5648134,1.2759998
0.04733695,1.0138683
-0.16486657,0.6546892
0.20325206,0.23578864
1.099289,-0.17358431
-0.9610124,-0.49151218
0.6994994,0.6404501
0.88764113,0.7449883
1.0930961,0.9355905
1.1887017,1.1677005
1.4751308,1.4046382
1.7440287,1.6530026
1.8936896,1.812614
1.854628,1.8759196
1.7850571,1.8628924
1.5983163,1.7866433
1.3773835,1.6598053
1.2090937,1.4890811
0.9732654,1.2730801
0.6112419,1.0078475
0.3162626,0.6951612
0.037496522,0.36110395
-0.093026586,0.08074514
-0.15954366,-0.07652006
-0.13267204,-0.14918044
-0.109520845,-0.18144774
-0.1726215,-0.1904616
-0.17181695,-0.18635386
-0.17943858,-0.1754919
-0.11709957,-0.16211313
-0.1788815,-0.14967132
-0.18239373,-0.14136755
-0.19154388,-0.1392768
-0.22555794,-0.14180845
-0.14190418,-0.14075285
-0.16976242,-0.11736224
-0.08022849,-0.033706613
0.049388073,0.16794139
0.4866856,0.5168618
0.8474487,0.9431392
0.87420094,1.28691
1.0835098,1.4663272
1.431738,1.5224111
1.4695126,1.5113726
1.4172201,1.4580657
1.4651861,1.3628275
2.2168877,1.2136513
0.7649158,0.99643505
0.37500703,0.40670168
0.2383267,0.46002954
0.61122006,0.60571074
0.635868,0.81898487
1.025867,1.0579729
1.137677,1.3210511
1.1352736,1.5727867
1.4128135,1.7311611
1.6151763,1.8077283
1.9728558,1.8173952
1.6279619,1.7677996
1.41478,1.6613505
1.0188398,1.4944057
0.85594916,1.2585605
0.8682703,0.94885886
0.90932006,0.57895386
0.76705265,0.20422488
0.18949373,-0.06692163
-0.14987212,-0.1950315
-0.17341326,-0.25320974
-0.24436152,-0.27962014
-0.28739828,-0.28740233
-0.30507675,-0.2837773
-0.26535854,-0.27281687
-0.20079586,-0.25776988
-0.27860105,-0.24252331
-0.27316728,-0.23165745
-0.16632947,-0.22867927
-0.37326348,-0.23256311
-0.21187995,-0.2345584
-0.21104714,-0.21320665
-0.08169422,-0.12339995
0.27821454,0.097420566
1.2089506,0.46989608
1.9889047,0.9050088
1.7225214,1.2375907
2.252049,1.4021358
2.244302,1.4487845
1.5284708,1.4342182
-0.18586946,1.3809488
-0.6646795,1.2863963
-0.019487465,1.1359935
0.936274,0.8918638
0.9818356,1.0730286
1.2452633,1.291862
1.5010784,1.4905905
1.889921,1.690959
2.126211,1.8392636
2.134121,1.888567
2.1081882,1.8623849
1.9139245,1.7711076
1.6708112,1.6320734
1.4704156,1.465455
1.1377178,1.2791286
0.7497984,1.0675153
0.27052745,0.8207366
-0.07661121,0.5441177
-0.11400385,0.2807612
-0.2211999,0.099510185
-0.20772846,0.0063943937
-0.2290929,-0.03783668
-0.13118123,-0.05375769
-0.19680952,-0.05347296
-0.106283315,-0.045478128
-0.14082536,-0.03518329
-0.07059286,-0.025650837
-0.11331768,-0.01863075
-0.115689434,-0.015172668
-0.11724219,-0.014709778
-0.009151012,-0.01163996
-0.060120296,0.010764293
-0.014261819,0.0885533
0.15707749,0.2794849
0.5852482,0.625321
1.1539847,1.0727004
1.2846346,1.4384866
1.5060916,1.6201358
1.7355782,1.6620386
1.6722947,1.6171042
1.165438,1.5072869
0.8910418,1.3356671
0.8975961,1.0984099
1.6456145,0.79355824
0.64556164,0.43839586
1.7210803,1.4701692
1.9881877,1.733361
2.0469823,1.9268622
2.0451868,2.0525036
1.9026223,2.0708902
1.7877448,2.0090904
1.6430886,1.8791094
1.5441563,1.680201
1.4109888,1.4470904
1.2029668,1.2088776
1.1275923,0.96468997
0.7034689,0.70406926
0.31082445,0.42974448
0.089142196,0.1835253
0.009601411,0.021668129
-0.07331031,-0.06661769
-0.08998995,-0.11188594
-0.037146617,-0.13060611
-0.030968223,-0.13337806
-0.06536585,-0.12720636
-0.06272599,-0.11688615
-0.052087523,-0.10599811
-0.08822909,-0.09727145
-0.058397427,-0.09248782
0.021763958,-0.091519095
-0.018099826,-0.08995084
-0.03675332,-0.07490537
-0.018258076,-0.017537989
-0.017020402,0.13489562
0.15707646,0.43827105
0.5583228,0.8746861
1.0789531,1.2792825
1.3050694,1.5001402
1.1410663,1.5545076
1.0806329,1.5016469
0.8996118,1.3694963
0.6657415,1.1623666
0.4879842,0.8773413
0.13429719,0.5229382
0.24061552,0.1447888
0.78139365,-0.1721373
0.0932648,-0.3503228
1.041121,0.9697952
1.2542077,1.2144104
1.5031911,1.4447861
1.6626656,1.6431525
1.8213311,1.8353896
1.9849069,1.9211466
1.8701792,1.902426
1.8463943,1.792927
1.739538,1.6157919
1.4366599,1.4078227
1.1052307,1.1820817
0.8809302,0.9257889
0.49221689,0.62568825
0.14593981,0.30339783
-0.17606576,0.035612352
-0.37833425,-0.116825126
-0.35296398,-0.19400951
-0.42437336,-0.23407191
-0.41643837,-0.25270796
-0.5076626,-0.25827602
-0.32398984,-0.2552105
-0.38773644,-0.2466223
-0.4524826,-0.23561445
-0.30232337,-0.22522289
-0.41054273,-0.21811345
-0.4787162,-0.21606743
-0.37500703,-0.21818352
-0.40119743,-0.21662661
-0.23798001,-0.18715674
-0.2415424,-0.075736724
-0.016552832,0.19206607
0.43760175,0.6456693
0.8120352,1.1301507
0.7740479,1.3972297
0.8643273,1.4064124
0.8252959,1.2163708
0.8174507,0.8801029
0.73401076,0.44149917
0.8587438,-0.038136736
1.0020157,-0.47321478
0.6208377,-0.7857562
-2.1826203,-0.9722303
0.4668589,0.62187046
0.6437459,0.6924397
0.84375894,0.82791495
1.0481149,1.0098598
1.2423831,1.2101969
1.4967148,1.4387426
1.7343756,1.6294867
2.053705,1.7308769
2.004162,1.7599471
1.8989726,1.7279518
1.6905438,1.646131
1.5524584,1.523445
1.3988546,1.3602483
1.0378,1.149609
0.7186008,0.8862307
0.25300577,0.5823287
-0.0038633244,0.28860316
-0.10143052,0.08456563
-0.10716382,-0.017981298
-0.052122906,-0.06776496
-0.11451457,-0.08924646
-0.16409849,-0.09517769
-0.116178095,-0.0939771
-0.0707229,-0.09055423
-0.14111614,-0.087570526
-0.07692393,-0.08682094
0.004042484,-0.089736976
-0.087634236,-0.09580735
0.06484975,-0.098497905
0.10474171,-0.07864422
0.096025705,0.005525343
0.29883,0.219942
0.9770602,0.6057242
1.4370587,1.0783648
1.2861344,1.4254551
1.3102137,1.5701946
1.0850922,1.5710573
0.72957283,1.4796467
0.59423834,1.314672
0.7390685,1.0782743
1.1747841,0.7707504
-1.269258,0.40984267
1.1005031,1.1064342
1.2603611,1.3433137
1.36948,1.5695006
1.6914362,1.7443361
1.8662171,1.8961403
1.814279,1.9411719
1.8334028,1.8961856
1.6483569,1.7671701
1.4601902,1.5739915
1.3036568,1.3541805
1.238708,1.1197739
1.0472682,0.86048174
0.64447397,0.5691144
0.2345048,0.26924413
0.121259235,0.031791143
-0.16964784,-0.10284675
-0.30092156,-0.1737012
-0.19458619,-0.21022353
-0.19797729,-0.2264933
-0.30475497,-0.2303792
-0.29926243,-0.22628206
-0.16241106,-0.21751365
-0.22247468,-0.20735323
-0.25276807,-0.1989775
-0.23856656,-0.19504842
-0.11251684,-0.19658509
-0.19935612,-0.20048946
-0.19368435,-0.19501644
-0.18938823,-0.15008438
-0.21598831,-0.006733574
0.29566786,0.301631
0.8711568,0.7652981
0.9199364,1.1926863
0.80549324,1.4023882
0.91404265,1.4045186
0.86199266,1.2584255
0.7353543,0.99818873
0.51257724,0.6427829
0.76052254,0.22722262
0.55781865,-0.17782113
-0.3571309,-0.48448235
-2.8286457,-0.65082467
1.0264562,0.8470348
1.4364781,1.0926329
2.0327926,1.3412654
2.221659,1.5990219
2.2095098,1.8236995
2.0024843,1.8942225
1.5830914,1.8311174
1.5093209,1.6720542
1.3445609,1.4610295
1.1152562,1.205926
0.6493543,0.8870063
0.09946257,0.49397463
-0.40531692,0.060739554
-0.7332005,-0.30923262
-0.9301029,-0.5196961
-0.9491746,-0.6467204
-0.9195646,-0.74719626
-0.97817963,-0.8362984
-0.8540994,-0.924211
-0.9180471,-1.0147239
-1.056346,-1.1045169
-0.89787316,-1.185871
-0.90398264,-1.2503688
-0.90408367,-1.2914453
-0.98784244,-1.304348
-0.9793196,-1.2850828
-0.8525028,-1.2331827
-0.99770784,-1.1526676
-0.7826409,-1.0391133
-0.6639086,-0.87278223
-0.45231014,-0.6273707
0.18838198,-0.2898094
0.56083137,0.10922288
0.34395736,0.41057128
-0.1972069,0.4722407
-1.1319059,0.31544
-1.7604201,0.003050737
-2.014495,-0.3906234
-2.0465093,-0.77981776
-1.5976692,-1.1007056
-1.182394,-1.3253202
-2.6189532,-1.4613674
0.31079137,0.55612934
0.3169377,0.59016657
0.33317313,0.7054723
0.3496112,0.8805845
0.28322807,1.0879203
0.20800152,1.3337381
0.17796147,1.554898
0.5684649,1.6815473
1.0193197,1.7229701
1.3026665,1.6903398
1.1849458,1.596141
1.1598482,1.4468719
0.99715084,1.2380395
0.97885656,0.9649813
0.99062645,0.6355742
0.8558495,0.28315535
0.7544444,-0.0047845244
0.4650052,-0.16082534
0.13489334,-0.23748428
-0.26058215,-0.27883488
-0.32738698,-0.3005957
-0.1856948,-0.3103304
-0.31596872,-0.31176418
-0.17447455,-0.30761623
-0.28572142,-0.30091396
-0.31532732,-0.2952446
-0.114363,-0.29450116
-0.21841204,-0.30109727
-0.28591788,-0.31203607
-0.3767492,-0.31113654
-0.20430331,-0.25346163
-0.19039686,-0.06571021
0.20717831,0.30379888
1.1424097,0.7882365
1.9344046,1.1576688
1.7996312,1.2924753
1.971922,1.2338679
1.617682,1.037744
1.1661607,0.7352016
0.20672959,0.3564589
-0.48891783,-0.04108692
0.10815306,-0.380715
0.9168468,0.9041846
1.088135,1.0796788
1.2420679,1.2938638
1.41584,1.4898989
1.6595803,1.6923239
1.845499,1.8369718
1.7925614,1.8808644
1.6322863,1.8449123
1.5092578,1.7384329
1.3096844,1.5822504
1.1628501,1.3983041
0.9546978,1.1914587
0.67801046,0.9533303
0.45163512,0.6778984
0.11865207,0.38444173
-0.081707746,0.13623106
-0.07963863,-0.010376878
-0.17767636,-0.08395513
-0.17406584,-0.11876591
-0.24277191,-0.13080353
-0.18529277,-0.13021055
-0.16161747,-0.12346173
-0.14102422,-0.11464874
-0.17676547,-0.10659019
-0.22619697,-0.10148401
-0.16653416,-0.10078681
-0.14218138,-0.10359407
-0.17735311,-0.10325614
-0.14672655,-0.081784315
-0.15417343,-0.00039807707
-0.00069299876,0.20348465
0.35925174,0.5721431
1.046333,1.0339725
1.4097427,1.3879411
1.3883046,1.5452185
1.6812931,1.558151
1.9040905,1.4794496
1.5649811,1.3282706
1.0749233,1.1054088
0.51530725,0.80836403
0.68632495,0.45070982
0.15734145,0.08444523
0.77056557,0.8157592
0.9822241,0.9524045
1.1067933,1.1459963
1.2080626,1.3522067
1.4120723,1.5794177
1.8164291,1.7709783
2.1005168,1.8497761
2.084436,1.8319509
1.9220275,1.7309014
1.7077779,1.5732841
1.5183905,1.3817401
1.4624938,1.1562083
1.3066808,0.88524544
1.1523346,0.56793475
0.7379627,0.2364986
0.12170044,-0.023635559
-0.1213623,-0.16337493
-0.2865972,-0.23438004
-0.24346304,-0.27195787
-0.24734996,-0.29019132
-0.36126214,-0.29619345
-0.13811499,-0.293806
-0.07549497,-0.28611612
-0.041175965,-0.2763214
-0.2639641,-0.26768145
-0.34767154,-0.26335788
-0.31194514,-0.2652413
-0.28753567,-0.2706385
-0.2627001,-0.26535392
-0.08604766,-0.20979816
0.013115646,-0.033266075
-0.019887194,0.32807347
0.363381,0.8285764
1.4771127,1.2259519
1.7616022,1.3674176
1.4528941,1.2811384
0.8657212,1.0249629
-0.24614558,0.6440205
-1.1823394,0.18924773
-2.1102374,-0.25989336
-1.670027,-0.61858255
-0.743549,-0.83769524
1.3166147,1.3503968
1.5621186,1.612252
1.7836491,1.8185735
1.7462119,1.9626291
1.6971503,2.0253441
1.6869745,1.9963615
1.5204122,1.8956311
1.4611064,1.7217004
1.3185387,1.5028045
1.1212867,1.2733078
0.88026255,1.038115
0.5356169,0.78613365
0.2825113,0.51289856
0.17045864,0.24850827
0.090338,0.057092093
0.09459843,-0.049487688
0.052832402,-0.10531237
0.06085421,-0.1306909
0.08061442,-0.1376158
0.04463135,-0.13394076
0.121615514,-0.12484241
0.061224166,-0.11407731
-0.010870102,-0.10455001
0.023844263,-0.09839708
0.01050048,-0.09650413
0.0518137,-0.0967607
0.15190734,-0.090567656
0.15308335,-0.0564977
0.19792095,0.049418323
0.50322616,0.2904584
0.9546854,0.6926521
1.129036,1.1456418
1.1829388,1.447023
1.2385265,1.5533866
1.2136292,1.525188
1.1708072,1.4042461
0.9070748,1.2030773
0.639714,0.92239106
0.9478381,0.5690521
0.830108,0.18177006
-0.18277799,-0.1611728
-1.9312156,-0.37403375
1.096603,0.8462961
1.0488441,1.0368444
1.2132567,1.2712042
1.4929581,1.493427
1.7214351,1.7132365
2.0284855,1.871606
1.9444139,1.9235828
1.9809439,1.8955266
1.7290653,1.8004487
1.539928,1.6560695
1.441531,1.4795392
1.1799486,1.2761216
0.84291655,1.0402362
0.5177129,0.7653815
0.18599546,0.46428502
-0.05356336,0.19159776
-0.13679983,0.018792443
-0.15826887,-0.065492995
-0.12858392,-0.10398959
-0.078029014,-0.1159127
-0.23955263,-0.11274553
-0.2592904,-0.102214105
-0.2209357,-0.08928738
-0.21309058,-0.077235766
-0.11306968,-0.06844535
-0.11718084,-0.064416565
-0.24017611,-0.06433902
-0.20200679,-0.06221322
-0.14258768,-0.04255449
-0.063939326,0.027059324
0.070788905,0.20045352
0.71733654,0.5192324
1.3551596,0.94314146
1.2689834,1.318708
1.2504222,1.5303133
1.4298822,1.60432
1.4570059,1.5977523
1.111009,1.5388482
1.0752023,1.4313358
1.3704313,1.2665155
1.4691633,1.0323771
-0.044277463,0.72584534
0.5148645,0.8657421
0.6174994,0.9985542
0.5588383,1.1733804
0.57211375,1.3542472
0.77654916,1.5622559
0.8608368,1.7336382
1.057539,1.7975842
1.2170509,1.7656622
1.2676579,1.6487591
1.0656242,1.4779778
0.73159564,1.2784297
0.5993974,1.0472178
0.66103005,0.7716094
0.56059444,0.4564194
0.6776661,0.14857745
0.49843067,-0.06559827
0.3872554,-0.17785743
0.21325347,-0.23850772
-0.069234855,-0.27195537
-0.036550503,-0.28943545
0.05193584,-0.29646268
-0.11670451,-0.29613602
-0.117979534,-0.29129732
-0.06229567,-0.28500238
-0.13878822,-0.2803732
-0.16803743,-0.28036875
-0.1642606,-0.2864519
-0.07679538,-0.2950043
-0.13540748,-0.28880632
-0.014072106,-0.22129777
-0.13853547,-0.018454649
0.021548685,0.37130013
0.6342545,0.861794
1.4348289,1.193741
2.075104,1.2498546
2.1561518,1.0668716
2.2492332,0.7047743
1.697533,0.22644913
0.3338569,-0.27744105
-1.3620814,-0.70369166
-1.8946369,-0.9823134
-2.1062803,-1.1541029
0.37093955,0.67190605
0.47782454,0.7249423
0.4169022,0.8444561
0.44709685,1.0056608
0.65367186,1.1951563
0.80372745,1.4256574
1.0698467,1.6078148
1.2266641,1.6963749
1.1920172,1.7008712
0.912658,1.6328607
0.5966905,1.5124245
0.60540885,1.3505112
0.55051017,1.1414614
0.67496043,0.8772392
0.63722956,0.5649619
0.46976826,0.245803
0.27464378,0.007244818
-0.044691455,-0.118908055
-0.22500902,-0.18438962
-0.19164366,-0.21930027
-0.15578361,-0.2369852
-0.277279,-0.24480322
-0.19746831,-0.2470021
-0.12355285,-0.24651673
-0.15120539,-0.24572375
-0.30246535,-0.24695393
-0.2287153,-0.252375
-0.14530538,-0.26181504
-0.08948273,-0.2672538
-0.06755539,-0.24079907
0.13553102,-0.121190645
0.39817894,0.1666637
1.0839635,0.6327212
2.0532537,1.0841452
2.1358027,1.2916851
2.2305326,1.2335012
2.1622746,0.96503663
1.4532684,0.5452968
0.22911106,0.046053834
-0.6925815,-0.4315123
-0.43263942,-0.7942686
-1.6080288,-1.0127839
